-- Adminer 4.6.3 MySQL dump
-- 1:39 PM 03/04/2020

SET NAMES utf8mb4;
SET time_zone = '+00:00';
SET foreign_key_checks = 0;
SET sql_mode = 'NO_AUTO_VALUE_ON_ZERO';

DROP DATABASE IF EXISTS `hold_tags_signoff`;
CREATE DATABASE `hold_tags_signoff` DEFAULT CHARSET utf8mb4 DEFAULT COLLATE utf8mb4_general_ci;
DROP DATABASE IF EXISTS `quality_tags_users`;
CREATE DATABASE `quality_tags_users` DEFAULT CHARSET utf8mb4 DEFAULT COLLATE utf8mb4_general_ci;
USE `hold_tags_signoff`;

CREATE TABLE `tblHoldTagSO` (
  `HtsoId` int(11) NOT NULL AUTO_INCREMENT,
  `TagNumber` int(11) DEFAULT '0',
  `DateClosed` datetime DEFAULT NULL,
  `OkToProcessBy` varchar(8) DEFAULT NULL,
  `SortAmt` int(11) DEFAULT '0',
  `SortBy` varchar(8) DEFAULT NULL,
  `ReworkAmt` int(11) DEFAULT '0',
  `ReworkBy` varchar(8) DEFAULT NULL,
  `ScrapAmt` int(11) DEFAULT '0',
  `ScrapBy` varchar(8) DEFAULT NULL,
  `UseAsIsAmt` int(11) DEFAULT NULL,
  `UseAsIsBy` varchar(8) DEFAULT NULL,
  `AuthorizedBy` varchar(8) DEFAULT NULL,
  `CreatedBy` VARCHAR(85) DEFAULT NULL, -- track ID of user who made the tag (RD 17/03/2020)
  `UpdatedBy` VARCHAR(85) DEFAULT NULL, -- Note. key length MUST MATCH `AspNetUsers`.`Id`
  `UpdatedAt` DATETIME DEFAULT NULL,
  `CreatedAt` DATETIME DEFAULT NULL,
  PRIMARY KEY (`HtSoId`),
  UNIQUE KEY `TagNumber` (`TagNumber`),
  KEY `CreatedBy` (`CreatedBy`),
  KEY `UpdatedBy` (`UpdatedBy`)
) ENGINE=InnoDB DEFAULT CHARSET=utf8mb4;

INSERT INTO `tblHoldTagSO` (`HtSoId`, `TagNumber`, `DateClosed`, `OkToProcessBy`, `SortAmt`, `SortBy`, `ReworkAmt`, `ReworkBy`, `ScrapAmt`, `ScrapBy`, `UseAsIsAmt`, `UseAsIsBy`, `AuthorizedBy`) VALUES
(2642,	12203,	'2015-08-07 00:00:00',	NULL,	0,	NULL,	0,	NULL,	15,	'4015',	NULL,	NULL,	NULL),
(2646,	12199,	'2015-08-07 00:00:00',	'DB',	53,	'DC',	0,	NULL,	907,	'DC',	NULL,	NULL,	NULL),
(2648,	12201,	'2015-08-07 00:00:00',	NULL,	0,	NULL,	0,	NULL,	1180,	'DB',	NULL,	NULL,	NULL),
(2656,	12213,	'2015-08-13 00:00:00',	'DB',	250,	'RM',	0,	NULL,	0,	NULL,	NULL,	NULL,	NULL),
(2660,	12210,	'2015-08-14 00:00:00',	'G P',	125,	'4015',	0,	NULL,	0,	NULL,	NULL,	NULL,	NULL),
(2661,	12232,	'2015-08-14 00:00:00',	'G P',	320,	'4015',	0,	NULL,	0,	NULL,	NULL,	NULL,	NULL),
(2662,	12240,	'2015-08-15 00:00:00',	'DB',	5280,	'DB',	0,	NULL,	0,	NULL,	NULL,	NULL,	NULL),
(2664,	12234,	'2015-08-15 00:00:00',	'DB',	224,	'DB',	0,	NULL,	0,	NULL,	NULL,	NULL,	NULL),
(2665,	12237,	'2015-08-15 00:00:00',	NULL,	0,	NULL,	0,	NULL,	2156,	'DB',	NULL,	NULL,	NULL),
(2669,	12254,	'2015-08-19 00:00:00',	NULL,	0,	NULL,	0,	NULL,	1200,	'4015',	NULL,	NULL,	NULL),
(2671,	12208,	'2015-08-19 00:00:00',	'G P',	420,	'4015',	0,	NULL,	0,	NULL,	NULL,	NULL,	NULL),
(2672,	12252,	'2015-08-20 00:00:00',	NULL,	0,	NULL,	0,	NULL,	265,	'4015',	NULL,	NULL,	NULL),
(2673,	12253,	'2015-08-20 00:00:00',	NULL,	0,	NULL,	0,	NULL,	168,	'4015',	NULL,	NULL,	NULL),
(2675,	12251,	'2015-08-20 00:00:00',	'DB',	1980,	'DB',	0,	NULL,	0,	NULL,	NULL,	NULL,	NULL),
(2677,	12231,	'2015-08-27 00:00:00',	'G P',	9900,	NULL,	0,	NULL,	1100,	NULL,	NULL,	NULL,	NULL),
(2678,	12229,	'2015-08-27 00:00:00',	'G P',	2400,	'4015',	0,	NULL,	0,	NULL,	NULL,	NULL,	NULL),
(2679,	12255,	'2015-08-21 00:00:00',	'G P',	544,	'4015',	0,	NULL,	256,	NULL,	NULL,	NULL,	NULL),
(2680,	12267,	'2015-08-27 00:00:00',	'G P',	396,	'4015',	0,	NULL,	4,	NULL,	NULL,	NULL,	NULL),
(2681,	12277,	'2015-08-27 00:00:00',	'G P',	500,	'4015',	0,	NULL,	0,	NULL,	NULL,	NULL,	NULL),
(2682,	12288,	NULL,	NULL,	0,	NULL,	0,	NULL,	0,	NULL,	NULL,	NULL,	NULL),
(2683,	12260,	'2015-08-27 00:00:00',	'G P',	221,	'4015',	0,	NULL,	139,	'4015',	NULL,	NULL,	NULL),
(2684,	12238,	'2015-08-28 00:00:00',	'DB',	2950,	'SB',	0,	NULL,	50,	'SB',	NULL,	NULL,	NULL),
(2685,	12220,	'2015-08-28 00:00:00',	'DB',	4985,	'ED',	0,	NULL,	199,	'ED',	NULL,	NULL,	NULL),
(2686,	12239,	'2015-08-28 00:00:00',	'DB',	1400,	NULL,	0,	NULL,	0,	NULL,	NULL,	NULL,	NULL),
(2687,	12274,	'2015-08-28 00:00:00',	NULL,	0,	NULL,	0,	NULL,	2880,	'JL',	NULL,	NULL,	NULL),
(2688,	12275,	'2015-08-28 00:00:00',	NULL,	0,	NULL,	0,	NULL,	360,	'SB',	NULL,	NULL,	NULL),
(2689,	12244,	'2015-08-28 00:00:00',	'G P',	0,	NULL,	0,	NULL,	160,	'4015',	NULL,	NULL,	NULL),
(2691,	12297,	'2015-08-31 00:00:00',	NULL,	3626,	'4708',	0,	NULL,	54,	'4708',	NULL,	NULL,	NULL),
(2692,	12298,	'2015-08-31 00:00:00',	NULL,	0,	NULL,	0,	NULL,	135,	'DB',	NULL,	NULL,	NULL),
(2697,	12258,	'2015-09-04 00:00:00',	'DB',	3000,	'BC',	0,	NULL,	0,	NULL,	NULL,	NULL,	NULL),
(2698,	12256,	'2015-09-04 00:00:00',	'DB',	315,	'NK',	0,	NULL,	0,	NULL,	NULL,	NULL,	NULL),
(2699,	12257,	'2015-09-04 00:00:00',	'DB',	315,	'NK',	0,	NULL,	0,	NULL,	NULL,	NULL,	NULL),
(2700,	12323,	'2015-09-04 00:00:00',	NULL,	0,	NULL,	0,	NULL,	195,	'DB',	NULL,	NULL,	NULL),
(2702,	12322,	'2015-09-04 00:00:00',	'DB',	9850,	'BC',	0,	NULL,	0,	NULL,	NULL,	NULL,	NULL),
(2704,	12286,	NULL,	'DB',	440,	'DB',	0,	NULL,	5500,	'DB',	NULL,	NULL,	NULL),
(2705,	12278,	'2015-09-04 00:00:00',	'G P',	2035,	'4015',	0,	NULL,	1565,	NULL,	NULL,	NULL,	NULL),
(2706,	12299,	'2015-09-04 00:00:00',	'G P',	150,	'4015',	0,	NULL,	0,	NULL,	NULL,	NULL,	NULL),
(2707,	12300,	'2015-09-04 00:00:00',	'G P',	300,	'4015',	0,	NULL,	0,	NULL,	NULL,	NULL,	NULL),
(2708,	12291,	'2015-09-04 00:00:00',	'G P',	71,	'4015',	0,	NULL,	1,	NULL,	NULL,	NULL,	NULL),
(2709,	12316,	'2015-09-04 00:00:00',	'G P',	1214,	'4015',	0,	NULL,	86,	NULL,	NULL,	NULL,	NULL),
(2710,	12320,	'2015-09-04 00:00:00',	NULL,	0,	NULL,	0,	NULL,	330,	'4015',	NULL,	NULL,	NULL),
(2711,	12329,	'2015-09-04 00:00:00',	'G P',	1439,	'4015',	0,	NULL,	1,	NULL,	NULL,	NULL,	NULL),
(2715,	12296,	'2015-09-09 00:00:00',	'DB',	150,	'NK',	0,	NULL,	0,	NULL,	NULL,	NULL,	NULL),
(2716,	12336,	'2015-09-10 00:00:00',	'DB',	3376,	'DB',	0,	NULL,	0,	NULL,	NULL,	NULL,	NULL),
(2717,	12332,	'2015-09-10 00:00:00',	'DB',	100,	'SW',	0,	NULL,	0,	NULL,	NULL,	NULL,	NULL),
(2718,	12333,	'2015-09-10 00:00:00',	'DB',	225,	'SW',	0,	NULL,	0,	NULL,	NULL,	NULL,	NULL),
(2721,	12312,	'2015-09-10 00:00:00',	'DB',	5000,	NULL,	0,	NULL,	0,	NULL,	NULL,	NULL,	NULL),
(2722,	12328,	'2015-09-10 00:00:00',	'G P',	150,	'4015',	0,	NULL,	0,	NULL,	NULL,	NULL,	NULL),
(2723,	12306,	'2015-08-31 00:00:00',	'G P',	360,	'4015',	0,	NULL,	0,	NULL,	NULL,	NULL,	NULL),
(2724,	12343,	'2015-09-11 00:00:00',	'DB',	0,	NULL,	0,	NULL,	96,	'SW',	NULL,	NULL,	NULL),
(2726,	12348,	'2015-09-15 00:00:00',	NULL,	0,	NULL,	0,	NULL,	240,	NULL,	NULL,	NULL,	NULL),
(2727,	12351,	'2015-09-15 00:00:00',	NULL,	0,	NULL,	0,	NULL,	100,	NULL,	NULL,	NULL,	NULL),
(2728,	12365,	'2015-09-16 00:00:00',	'DB',	1892,	'DB',	0,	NULL,	0,	NULL,	NULL,	NULL,	NULL),
(2729,	12345,	NULL,	NULL,	3500,	'DM',	0,	NULL,	0,	NULL,	NULL,	NULL,	NULL),
(2730,	12349,	'2015-09-18 00:00:00',	NULL,	0,	NULL,	0,	NULL,	123,	'4015',	NULL,	NULL,	NULL),
(2731,	12364,	'2015-09-18 00:00:00',	'G P',	109,	'4015',	0,	NULL,	41,	NULL,	NULL,	NULL,	NULL),
(2732,	12319,	NULL,	NULL,	0,	NULL,	0,	NULL,	0,	NULL,	NULL,	NULL,	NULL),
(2733,	12374,	'2015-09-21 00:00:00',	'DB',	1440,	'MC',	0,	NULL,	0,	NULL,	NULL,	NULL,	NULL),
(2734,	12354,	'2015-09-21 00:00:00',	'DB',	4600,	'SB',	0,	NULL,	3400,	'SB',	NULL,	NULL,	NULL),
(2735,	12355,	'2015-09-21 00:00:00',	NULL,	0,	NULL,	0,	NULL,	0,	NULL,	NULL,	NULL,	NULL),
(2736,	12387,	'2015-09-21 00:00:00',	'DB',	698,	'DB',	0,	NULL,	0,	NULL,	NULL,	NULL,	NULL),
(2738,	12386,	'2015-09-23 00:00:00',	'DB',	402,	NULL,	0,	NULL,	0,	NULL,	NULL,	NULL,	NULL),
(2740,	12381,	'2015-09-23 00:00:00',	'DB',	300,	'KF',	0,	NULL,	0,	NULL,	NULL,	NULL,	NULL),
(2741,	12228,	'2015-09-23 00:00:00',	'DB',	600,	'DB',	0,	NULL,	0,	NULL,	NULL,	NULL,	NULL),
(2742,	12271,	'2015-09-23 00:00:00',	'DB',	71,	'CD',	0,	NULL,	0,	NULL,	NULL,	NULL,	NULL),
(2744,	12358,	'2015-09-23 00:00:00',	'DB',	251,	'DB',	0,	NULL,	0,	NULL,	NULL,	NULL,	NULL),
(2745,	12375,	'2015-09-23 00:00:00',	'DB',	1408,	'DB',	0,	NULL,	0,	NULL,	NULL,	NULL,	NULL),
(2748,	12279,	'2015-09-24 00:00:00',	'DB',	141,	'DB',	0,	NULL,	0,	NULL,	NULL,	NULL,	NULL),
(2749,	12350,	'2015-09-24 00:00:00',	'G P',	70,	'4015',	0,	NULL,	0,	NULL,	NULL,	NULL,	NULL),
(2750,	12344,	'2015-09-22 00:00:00',	'G P',	500,	'4015',	0,	NULL,	0,	NULL,	NULL,	NULL,	NULL),
(2751,	12366,	'2015-09-18 00:00:00',	'G P',	1086,	'4015',	0,	NULL,	498,	NULL,	NULL,	NULL,	NULL),
(2752,	12377,	'2015-09-19 00:00:00',	'G P',	496,	'4015',	0,	NULL,	4,	NULL,	NULL,	NULL,	NULL),
(2753,	12385,	'2015-09-23 00:00:00',	'G P',	13659,	'4015',	0,	NULL,	71,	NULL,	NULL,	NULL,	NULL),
(2754,	12389,	'2015-09-23 00:00:00',	NULL,	0,	NULL,	0,	NULL,	100,	NULL,	NULL,	NULL,	NULL),
(2755,	12390,	'2015-09-23 00:00:00',	'G P',	716,	'4015',	0,	NULL,	14,	NULL,	NULL,	NULL,	NULL),
(2756,	12369,	'2015-09-24 00:00:00',	NULL,	0,	NULL,	0,	NULL,	46,	'DB',	NULL,	NULL,	NULL),
(2758,	12400,	'2015-10-02 00:00:00',	'DB',	840,	'DB',	0,	NULL,	0,	NULL,	NULL,	NULL,	NULL),
(2759,	12404,	'2015-10-02 00:00:00',	'DM',	288,	'DM',	0,	NULL,	0,	NULL,	288,	NULL,	NULL),
(2760,	12417,	'2015-10-06 00:00:00',	'DB',	396,	'DB',	0,	NULL,	0,	NULL,	NULL,	NULL,	NULL),
(2761,	12418,	'2015-10-06 00:00:00',	'DB',	396,	'DB',	0,	NULL,	0,	NULL,	NULL,	NULL,	NULL),
(2762,	12419,	'2015-10-06 00:00:00',	'DB',	1620,	'BC',	0,	NULL,	0,	NULL,	NULL,	NULL,	NULL),
(2763,	12416,	'2015-10-06 00:00:00',	'G P',	621,	NULL,	0,	NULL,	19,	'4015',	NULL,	NULL,	NULL),
(2764,	12427,	'2015-10-08 00:00:00',	'DB',	2283,	'ED',	0,	NULL,	217,	'ED',	NULL,	NULL,	NULL),
(2765,	12437,	'2015-10-14 00:00:00',	'DB',	10000,	'DB',	0,	NULL,	0,	NULL,	NULL,	NULL,	NULL),
(2766,	12436,	'2015-10-14 00:00:00',	'DB',	907,	'DB',	0,	NULL,	0,	NULL,	NULL,	NULL,	NULL),
(2770,	12440,	'2015-10-14 00:00:00',	NULL,	0,	NULL,	0,	NULL,	120,	'CH',	NULL,	NULL,	NULL),
(2774,	12446,	'2015-10-15 00:00:00',	'G P',	420,	'4015',	0,	NULL,	0,	NULL,	NULL,	NULL,	NULL),
(2775,	12451,	'2015-10-14 00:00:00',	'G P',	2880,	'4015',	0,	NULL,	0,	NULL,	NULL,	NULL,	NULL),
(2776,	12439,	'2015-10-15 00:00:00',	'G P',	220,	'4015',	0,	NULL,	0,	NULL,	NULL,	NULL,	NULL),
(2777,	12442,	'2015-10-15 00:00:00',	'G P',	500,	'4015',	0,	NULL,	0,	NULL,	NULL,	NULL,	NULL),
(2778,	12428,	'2015-10-15 00:00:00',	'G P',	250,	'4015',	0,	NULL,	0,	NULL,	NULL,	NULL,	NULL),
(2779,	12412,	'2015-10-15 00:00:00',	'G P',	1400,	'4015',	0,	NULL,	0,	NULL,	NULL,	NULL,	NULL),
(2781,	12429,	'2015-10-15 00:00:00',	'DB',	2517,	'SB',	0,	NULL,	75,	NULL,	NULL,	NULL,	NULL),
(2782,	12453,	'2015-10-15 00:00:00',	'G P',	359,	'4015',	0,	NULL,	1,	NULL,	NULL,	NULL,	NULL),
(2783,	12438,	'2015-10-16 00:00:00',	'DB',	183,	'CH',	0,	NULL,	0,	NULL,	NULL,	NULL,	NULL),
(2784,	12441,	'2015-10-15 00:00:00',	'DB',	250,	'CH',	0,	NULL,	0,	NULL,	NULL,	NULL,	NULL),
(2787,	12454,	'2015-10-16 00:00:00',	'DB',	150,	'SJ',	0,	NULL,	0,	NULL,	NULL,	NULL,	NULL),
(2788,	12456,	'2015-10-16 00:00:00',	NULL,	0,	NULL,	0,	NULL,	184,	'4015',	NULL,	NULL,	NULL),
(2789,	12448,	'2015-10-16 00:00:00',	'B.C.',	248,	'Bob',	0,	NULL,	0,	NULL,	NULL,	NULL,	NULL),
(2790,	12447,	NULL,	'B.C.',	1848,	'Bob',	0,	NULL,	0,	NULL,	NULL,	NULL,	NULL),
(2793,	12460,	'2015-10-19 00:00:00',	'DB',	75,	'KF',	0,	NULL,	0,	NULL,	NULL,	NULL,	NULL),
(2794,	12459,	'2015-10-17 00:00:00',	'RZ',	98,	'BR/MS/AC',	0,	NULL,	62,	'BR/MS/AC',	NULL,	NULL,	NULL),
(2795,	12466,	'2015-10-21 00:00:00',	'DB',	960,	'NKG',	0,	NULL,	0,	NULL,	NULL,	NULL,	NULL),
(2796,	12468,	'2015-10-21 00:00:00',	'DB',	170,	'KF',	0,	NULL,	0,	NULL,	NULL,	NULL,	NULL),
(2797,	12415,	'2015-10-21 00:00:00',	'G P',	90,	'3297',	0,	NULL,	0,	NULL,	NULL,	NULL,	NULL),
(2798,	12477,	'2015-10-22 00:00:00',	'DB',	864,	'DB',	0,	NULL,	0,	NULL,	NULL,	NULL,	NULL),
(2799,	12476,	'2015-10-22 00:00:00',	'DB',	6376,	'DB',	0,	NULL,	0,	NULL,	NULL,	NULL,	NULL),
(2800,	12464,	'2015-10-22 00:00:00',	'DB',	1500,	'DB',	0,	NULL,	0,	NULL,	NULL,	NULL,	NULL),
(2801,	12462,	'2015-10-22 00:00:00',	'DB',	0,	NULL,	0,	NULL,	0,	NULL,	NULL,	NULL,	NULL),
(2802,	12465,	'2015-10-22 00:00:00',	'DB',	566,	'NKG',	0,	NULL,	0,	NULL,	NULL,	NULL,	NULL),
(2803,	12467,	'2015-10-22 00:00:00',	'DB',	960,	'NKG',	0,	NULL,	0,	NULL,	NULL,	NULL,	NULL),
(2809,	12494,	'2015-10-28 00:00:00',	'DB',	800,	'SB',	0,	NULL,	0,	NULL,	NULL,	NULL,	NULL),
(2810,	12496,	'2015-10-28 00:00:00',	'DB',	3600,	NULL,	0,	NULL,	0,	NULL,	NULL,	NULL,	NULL),
(2811,	12497,	'2015-10-28 00:00:00',	'DB',	0,	NULL,	0,	NULL,	500,	'SB',	NULL,	NULL,	NULL),
(2812,	12499,	'2015-10-28 00:00:00',	'DB',	2592,	NULL,	0,	NULL,	0,	NULL,	NULL,	NULL,	NULL),
(2813,	12492,	'2015-10-28 00:00:00',	'DB',	512,	'DB',	0,	NULL,	0,	NULL,	NULL,	NULL,	NULL),
(2815,	12489,	'2015-10-27 00:00:00',	'G P',	1993,	'4015',	0,	NULL,	7,	NULL,	NULL,	NULL,	NULL),
(2816,	12491,	'2015-10-27 00:00:00',	'G P',	863,	'4015',	0,	NULL,	1,	NULL,	NULL,	NULL,	NULL),
(2817,	12493,	'2015-10-29 00:00:00',	'G P',	385,	'4015',	0,	NULL,	15,	NULL,	NULL,	NULL,	NULL),
(2818,	12501,	'2015-10-30 00:00:00',	'G P',	168,	'4015',	0,	NULL,	0,	NULL,	NULL,	NULL,	NULL),
(2819,	12510,	'2015-10-30 00:00:00',	'BC',	160,	'BC',	0,	NULL,	0,	NULL,	160,	NULL,	NULL),
(2820,	12512,	'2015-11-02 00:00:00',	NULL,	0,	NULL,	0,	NULL,	3000,	'DB',	NULL,	NULL,	NULL),
(2821,	12511,	'2015-11-02 00:00:00',	'DB',	690,	'DB',	0,	NULL,	0,	NULL,	NULL,	NULL,	NULL),
(2828,	12517,	'2015-11-02 00:00:00',	'DB',	250,	NULL,	0,	NULL,	0,	NULL,	NULL,	NULL,	NULL),
(2829,	12515,	'2015-11-02 00:00:00',	'DB',	2535,	'DB',	0,	NULL,	0,	NULL,	NULL,	NULL,	NULL),
(2830,	12516,	'2015-11-02 00:00:00',	NULL,	0,	NULL,	0,	NULL,	2880,	'DB',	NULL,	NULL,	NULL),
(2831,	12430,	'2015-11-02 00:00:00',	'DB',	332,	'DB',	0,	NULL,	0,	NULL,	NULL,	NULL,	NULL),
(2835,	12520,	'2015-11-03 00:00:00',	'DB',	277,	'TB',	0,	NULL,	395,	NULL,	NULL,	NULL,	NULL),
(2839,	12529,	'2015-11-03 00:00:00',	'DB',	5184,	NULL,	0,	NULL,	0,	NULL,	NULL,	NULL,	NULL),
(2840,	12525,	'2015-11-03 00:00:00',	'DB',	174,	NULL,	0,	NULL,	0,	NULL,	NULL,	NULL,	NULL),
(2841,	12485,	'2015-11-03 00:00:00',	'DB',	990,	NULL,	0,	NULL,	0,	NULL,	NULL,	NULL,	NULL),
(2842,	12480,	'2015-11-03 00:00:00',	'DB',	200,	'SJ',	0,	NULL,	0,	NULL,	NULL,	NULL,	NULL),
(2843,	12414,	'2015-11-03 00:00:00',	'DB',	154,	'DB',	0,	NULL,	0,	NULL,	NULL,	NULL,	NULL),
(2848,	12486,	'2015-11-03 00:00:00',	'DB',	3426,	'DB',	0,	NULL,	0,	NULL,	NULL,	NULL,	NULL),
(2849,	12518,	'2015-11-03 00:00:00',	NULL,	0,	NULL,	0,	NULL,	148,	'DB',	NULL,	NULL,	NULL),
(2850,	12488,	'2015-11-03 00:00:00',	'DB',	2640,	NULL,	0,	NULL,	0,	NULL,	NULL,	NULL,	NULL),
(2862,	12338,	'2015-11-04 00:00:00',	'DB',	20000,	'CD',	0,	NULL,	0,	NULL,	NULL,	NULL,	NULL),
(2863,	12536,	'2015-11-05 00:00:00',	'DB',	5184,	NULL,	0,	NULL,	0,	NULL,	NULL,	NULL,	NULL),
(2864,	12545,	'2015-11-05 00:00:00',	'DB',	2590,	NULL,	0,	NULL,	0,	NULL,	NULL,	NULL,	NULL),
(2865,	12542,	'2015-11-05 00:00:00',	NULL,	0,	NULL,	0,	NULL,	600,	NULL,	NULL,	NULL,	NULL),
(2866,	12541,	'2015-11-05 00:00:00',	'DB',	1364,	'SB',	0,	NULL,	0,	NULL,	NULL,	NULL,	NULL),
(2867,	12537,	'2015-11-05 00:00:00',	'DB',	260,	'MW',	0,	NULL,	90,	'MW',	NULL,	NULL,	NULL),
(2869,	12543,	'2015-11-05 00:00:00',	NULL,	261,	NULL,	0,	NULL,	139,	'4015',	NULL,	NULL,	NULL),
(2876,	12521,	'2015-11-06 00:00:00',	'DB',	50,	'PB',	0,	NULL,	50,	'PB',	NULL,	NULL,	NULL),
(2898,	12560,	'2015-11-10 00:00:00',	'DB',	0,	NULL,	0,	NULL,	720,	NULL,	NULL,	NULL,	NULL),
(2899,	12563,	'2015-11-10 00:00:00',	'DB',	0,	NULL,	0,	NULL,	0,	NULL,	NULL,	NULL,	NULL),
(2911,	12538,	'2015-11-06 00:00:00',	NULL,	1200,	'4015',	0,	NULL,	0,	NULL,	NULL,	NULL,	NULL),
(2913,	12556,	'2015-11-09 00:00:00',	NULL,	6336,	'4015',	0,	NULL,	0,	NULL,	NULL,	NULL,	NULL),
(2914,	12559,	'2015-11-09 00:00:00',	NULL,	864,	'4015',	0,	NULL,	0,	NULL,	NULL,	NULL,	NULL),
(2916,	12574,	'2015-11-12 00:00:00',	'DB',	3528,	NULL,	0,	NULL,	0,	NULL,	NULL,	NULL,	NULL),
(2918,	12555,	'2015-11-11 00:00:00',	NULL,	1000,	'4015',	0,	NULL,	0,	NULL,	NULL,	NULL,	NULL),
(2919,	12567,	'2015-11-12 00:00:00',	NULL,	495,	'4015',	0,	NULL,	5,	NULL,	NULL,	NULL,	NULL),
(2921,	12564,	'2015-11-11 00:00:00',	'BC',	576,	'BC',	0,	NULL,	0,	NULL,	576,	NULL,	NULL),
(2922,	12575,	'2015-11-13 00:00:00',	'RZ',	153,	'914',	0,	NULL,	7,	'914',	NULL,	NULL,	NULL),
(2923,	12463,	'2015-11-14 00:00:00',	'RZ',	216,	'1020',	0,	NULL,	40,	'1020',	NULL,	NULL,	NULL),
(2926,	12580,	'2015-11-17 00:00:00',	'DB',	176,	NULL,	0,	NULL,	0,	NULL,	NULL,	NULL,	NULL),
(2927,	12578,	'2015-11-17 00:00:00',	'DB',	10350,	NULL,	0,	NULL,	0,	NULL,	NULL,	NULL,	NULL),
(2928,	12484,	'2015-11-17 00:00:00',	'DB',	426,	'BC',	0,	NULL,	0,	NULL,	NULL,	NULL,	NULL),
(2976,	12573,	'2015-11-20 00:00:00',	'DB',	2468,	NULL,	0,	NULL,	32,	NULL,	NULL,	NULL,	NULL),
(2981,	12587,	'2015-11-20 00:00:00',	'RZ',	2305,	'DM',	0,	NULL,	15,	'DM',	0,	NULL,	NULL),
(2983,	12584,	'2015-11-24 00:00:00',	NULL,	51,	NULL,	0,	NULL,	21,	NULL,	0,	NULL,	NULL),
(2984,	12594,	'2015-11-26 00:00:00',	'DB',	1200,	'DB',	0,	NULL,	0,	NULL,	0,	'DB',	NULL),
(2985,	12595,	'2015-11-26 00:00:00',	NULL,	0,	NULL,	0,	NULL,	9450,	NULL,	0,	NULL,	NULL),
(2986,	12592,	'2015-11-27 00:00:00',	'DB',	0,	NULL,	0,	NULL,	0,	NULL,	1000,	NULL,	NULL),
(2987,	12600,	'2015-11-27 00:00:00',	NULL,	0,	NULL,	0,	NULL,	227,	NULL,	0,	NULL,	NULL),
(2988,	12596,	'2015-11-27 00:00:00',	NULL,	0,	NULL,	0,	NULL,	4000,	NULL,	0,	NULL,	NULL),
(2989,	12617,	'2015-12-02 00:00:00',	'DB',	0,	NULL,	0,	NULL,	0,	NULL,	1440,	NULL,	NULL),
(2990,	12610,	'2015-12-02 00:00:00',	NULL,	0,	NULL,	0,	NULL,	628,	NULL,	0,	NULL,	NULL),
(2991,	12601,	'2015-12-02 00:00:00',	'DB',	NULL,	NULL,	0,	NULL,	0,	NULL,	164,	NULL,	NULL),
(2992,	12612,	'2015-12-02 00:00:00',	NULL,	0,	NULL,	0,	NULL,	2450,	NULL,	0,	NULL,	NULL),
(2993,	12614,	'2015-12-02 00:00:00',	'DB',	2126,	NULL,	0,	NULL,	50,	NULL,	0,	NULL,	NULL),
(2998,	12557,	'2015-12-07 00:00:00',	NULL,	0,	NULL,	0,	NULL,	9000,	NULL,	0,	NULL,	NULL),
(3001,	12599,	'2015-12-07 00:00:00',	'DB',	200,	'DB',	0,	NULL,	0,	NULL,	0,	NULL,	NULL),
(3002,	12633,	'2015-12-07 00:00:00',	'G P',	378,	'4015',	0,	NULL,	672,	NULL,	0,	NULL,	NULL),
(3003,	12648,	'2015-12-10 00:00:00',	NULL,	0,	NULL,	0,	NULL,	1356,	'DB',	0,	NULL,	NULL),
(3008,	12653,	'2015-12-10 00:00:00',	'DB',	0,	NULL,	0,	NULL,	0,	NULL,	654,	NULL,	NULL),
(3009,	12654,	'2015-12-10 00:00:00',	'DB',	0,	NULL,	0,	NULL,	0,	NULL,	654,	'DB',	NULL),
(3010,	12630,	'2015-12-10 00:00:00',	'DB',	390,	NULL,	0,	NULL,	60,	NULL,	0,	NULL,	NULL),
(3012,	12636,	'2015-12-10 00:00:00',	'DB',	0,	NULL,	0,	NULL,	0,	NULL,	51,	NULL,	NULL),
(3019,	12598,	'2015-12-10 00:00:00',	NULL,	0,	NULL,	0,	NULL,	800,	'4015',	0,	NULL,	NULL),
(3022,	12637,	'2015-12-11 00:00:00',	NULL,	0,	NULL,	0,	NULL,	900,	'4015',	0,	NULL,	NULL),
(3025,	12650,	'2015-12-11 00:00:00',	'DB',	0,	NULL,	0,	NULL,	0,	NULL,	393,	'DB',	NULL),
(3026,	12646,	'2015-12-11 00:00:00',	NULL,	0,	NULL,	0,	NULL,	237,	NULL,	0,	NULL,	NULL),
(3027,	12647,	'2015-12-11 00:00:00',	NULL,	0,	NULL,	0,	NULL,	374,	NULL,	0,	NULL,	NULL),
(3028,	12649,	'2015-12-11 00:00:00',	NULL,	0,	NULL,	0,	NULL,	160,	NULL,	0,	NULL,	NULL),
(3030,	12645,	'2015-12-15 00:00:00',	NULL,	0,	NULL,	0,	NULL,	170,	'4015',	0,	NULL,	NULL),
(3031,	12656,	'2015-12-16 00:00:00',	'4015',	360,	'4015',	0,	NULL,	0,	NULL,	0,	NULL,	NULL),
(3032,	12657,	'2015-12-17 00:00:00',	'DB',	0,	NULL,	0,	NULL,	0,	NULL,	770,	NULL,	NULL),
(3034,	12658,	'2015-12-17 00:00:00',	'DB',	329,	NULL,	0,	NULL,	1,	NULL,	0,	NULL,	NULL),
(3035,	12660,	'2015-12-17 00:00:00',	'DB',	323,	NULL,	0,	NULL,	7,	NULL,	0,	NULL,	NULL),
(3038,	12659,	'2015-12-18 00:00:00',	'DB',	0,	NULL,	0,	NULL,	0,	NULL,	8000,	NULL,	NULL),
(3039,	12662,	'2015-12-18 00:00:00',	'DB',	0,	NULL,	0,	NULL,	76,	NULL,	9,	NULL,	NULL),
(3040,	12670,	'2015-12-21 00:00:00',	NULL,	0,	NULL,	0,	NULL,	0,	NULL,	0,	NULL,	NULL),
(3041,	12665,	'2015-12-21 00:00:00',	'G P',	1149,	'4015',	0,	NULL,	3,	NULL,	0,	NULL,	NULL),
(3042,	12667,	'2015-12-21 00:00:00',	'G P',	326,	'4015',	0,	NULL,	10,	NULL,	0,	NULL,	NULL),
(3044,	12668,	'2015-12-22 00:00:00',	'DB',	1618,	NULL,	0,	NULL,	2,	NULL,	0,	NULL,	NULL),
(3045,	12666,	'2015-12-22 00:00:00',	'DB',	946,	NULL,	0,	NULL,	4,	NULL,	0,	NULL,	NULL),
(3046,	12420,	'2015-12-22 00:00:00',	'DB',	0,	NULL,	0,	NULL,	0,	NULL,	400,	NULL,	NULL),
(3048,	12671,	'2015-12-22 00:00:00',	NULL,	0,	NULL,	0,	NULL,	3000,	'4015',	0,	NULL,	NULL),
(3049,	12629,	'2015-12-23 00:00:00',	'BC',	0,	NULL,	0,	NULL,	0,	NULL,	350,	NULL,	NULL),
(3050,	12673,	'2016-01-06 00:00:00',	NULL,	0,	NULL,	0,	NULL,	0,	NULL,	1620,	NULL,	NULL),
(3051,	12679,	'2016-01-06 00:00:00',	NULL,	0,	NULL,	0,	NULL,	2880,	'DB',	0,	NULL,	NULL),
(3052,	12681,	'2016-01-06 00:00:00',	'DB',	0,	NULL,	0,	NULL,	0,	NULL,	2457,	'DB',	NULL),
(3053,	12683,	'2016-01-06 00:00:00',	'DB',	0,	NULL,	0,	NULL,	0,	NULL,	475,	'DB',	NULL),
(3054,	12684,	'2016-01-06 00:00:00',	'DB',	0,	NULL,	0,	NULL,	0,	NULL,	3000,	'DB',	NULL),
(3055,	12676,	'2016-01-08 00:00:00',	'DB',	0,	NULL,	0,	NULL,	565,	'DB',	695,	NULL,	NULL),
(3056,	12663,	'2016-01-08 00:00:00',	'DB',	0,	NULL,	0,	NULL,	0,	NULL,	14850,	'DB',	NULL),
(3057,	12691,	'2016-01-08 00:00:00',	'FP/RZ',	299,	'BR',	0,	NULL,	21,	'BR',	0,	NULL,	NULL),
(3058,	12692,	'2016-01-11 00:00:00',	'BC',	159,	'BR',	0,	NULL,	1,	'BR',	0,	NULL,	NULL),
(3060,	12700,	'2016-01-15 00:00:00',	'DB',	1927,	NULL,	0,	NULL,	521,	NULL,	0,	NULL,	NULL),
(3061,	12706,	'2016-01-18 00:00:00',	'DB',	486,	NULL,	0,	NULL,	14,	NULL,	0,	NULL,	NULL),
(3062,	12708,	'2016-01-19 00:00:00',	'DB',	1566,	NULL,	0,	NULL,	162,	NULL,	0,	NULL,	NULL),
(3066,	12716,	'2016-01-21 00:00:00',	NULL,	0,	NULL,	0,	NULL,	1080,	'KF',	0,	NULL,	NULL),
(3068,	12712,	'2016-01-25 00:00:00',	'DB',	41,	NULL,	0,	NULL,	17,	'NKG',	0,	NULL,	NULL),
(3069,	12713,	'2016-01-25 00:00:00',	'DB',	32,	NULL,	0,	NULL,	5,	'NKG',	0,	NULL,	NULL),
(3070,	12722,	'2016-01-27 00:00:00',	'DB',	0,	NULL,	0,	NULL,	0,	NULL,	2688,	NULL,	NULL),
(3071,	12695,	'2016-01-28 00:00:00',	NULL,	0,	NULL,	0,	NULL,	0,	NULL,	0,	NULL,	NULL),
(3073,	12727,	'2016-01-28 00:00:00',	NULL,	0,	NULL,	0,	NULL,	0,	NULL,	327,	'4015',	NULL),
(3074,	12728,	'2016-01-28 00:00:00',	NULL,	0,	NULL,	0,	NULL,	0,	NULL,	216,	'4015',	NULL),
(3075,	12729,	'2016-01-28 00:00:00',	'4015',	0,	NULL,	0,	NULL,	0,	NULL,	360,	'4015',	NULL),
(3076,	12736,	'2016-01-28 00:00:00',	NULL,	0,	NULL,	0,	NULL,	800,	'4015',	0,	NULL,	NULL),
(3077,	12696,	'2016-01-29 00:00:00',	'DM',	384,	NULL,	0,	NULL,	16,	NULL,	0,	NULL,	NULL),
(3078,	12743,	'2016-01-29 00:00:00',	NULL,	0,	NULL,	0,	NULL,	600,	'4015',	0,	NULL,	NULL),
(3079,	12760,	'2016-02-01 00:00:00',	'DB',	0,	NULL,	0,	NULL,	0,	NULL,	252,	NULL,	NULL),
(3081,	12733,	'2016-02-02 00:00:00',	'DB',	0,	NULL,	0,	NULL,	0,	NULL,	392,	NULL,	NULL),
(3082,	12759,	'2016-02-02 00:00:00',	'DB',	280,	'LZ',	0,	NULL,	0,	NULL,	0,	NULL,	NULL),
(3083,	12766,	'2016-02-04 00:00:00',	NULL,	0,	NULL,	0,	NULL,	431,	'4015',	0,	NULL,	NULL),
(3084,	12777,	'2016-02-05 00:00:00',	'DB',	0,	NULL,	0,	NULL,	0,	NULL,	1200,	NULL,	NULL),
(3085,	12761,	'2016-02-05 00:00:00',	'DB',	0,	NULL,	0,	NULL,	0,	NULL,	3800,	NULL,	NULL),
(3086,	12755,	'2016-02-05 00:00:00',	'DB',	69,	'CD',	0,	NULL,	0,	NULL,	0,	NULL,	NULL),
(3087,	12778,	'2016-02-05 00:00:00',	'DB',	0,	NULL,	0,	NULL,	0,	NULL,	1200,	NULL,	NULL),
(3089,	12707,	'2016-02-05 00:00:00',	'DB',	99,	'CD',	0,	NULL,	0,	NULL,	0,	NULL,	NULL),
(3091,	12756,	'2016-02-05 00:00:00',	NULL,	0,	NULL,	0,	NULL,	28,	'BR',	0,	NULL,	NULL),
(3092,	12781,	'2016-02-05 00:00:00',	'DB',	0,	NULL,	0,	NULL,	0,	NULL,	90,	'DB',	NULL),
(3093,	12782,	'2016-02-05 00:00:00',	'DB',	0,	NULL,	0,	NULL,	208,	'DB',	0,	NULL,	NULL),
(3095,	12780,	'2016-02-08 00:00:00',	'DB',	256,	NULL,	0,	NULL,	4,	NULL,	0,	NULL,	NULL),
(3097,	12792,	'2016-02-08 00:00:00',	'DB',	0,	NULL,	0,	NULL,	0,	NULL,	4300,	'DB',	NULL),
(3101,	12740,	'2016-02-08 00:00:00',	'DB',	296,	NULL,	0,	NULL,	4,	NULL,	0,	NULL,	NULL),
(3102,	12790,	'2016-02-10 00:00:00',	'G P',	5759,	NULL,	0,	NULL,	1,	'4015',	0,	NULL,	NULL),
(3103,	12788,	'2016-02-16 00:00:00',	'DB',	0,	NULL,	0,	NULL,	0,	NULL,	25,	NULL,	NULL),
(3104,	12813,	'2016-02-16 00:00:00',	NULL,	0,	NULL,	0,	NULL,	128,	'DB',	0,	NULL,	NULL),
(3108,	12810,	'2016-02-18 00:00:00',	NULL,	0,	NULL,	0,	NULL,	800,	'JK',	0,	NULL,	NULL),
(3109,	12808,	'2016-02-19 00:00:00',	NULL,	0,	NULL,	0,	NULL,	1440,	NULL,	0,	NULL,	NULL),
(3110,	12814,	'2016-02-19 00:00:00',	NULL,	0,	NULL,	0,	NULL,	280,	NULL,	0,	NULL,	NULL),
(3111,	12816,	'2016-02-19 00:00:00',	NULL,	0,	NULL,	0,	NULL,	460,	NULL,	0,	NULL,	NULL),
(3112,	12815,	'2016-02-19 00:00:00',	NULL,	0,	NULL,	0,	NULL,	2880,	NULL,	0,	NULL,	NULL),
(3116,	12711,	'2016-02-19 00:00:00',	NULL,	0,	NULL,	0,	NULL,	0,	NULL,	80,	NULL,	NULL),
(3117,	12838,	'2016-02-22 00:00:00',	'DB',	0,	NULL,	0,	NULL,	0,	NULL,	900,	'DB',	NULL),
(3118,	12854,	'2016-02-25 00:00:00',	'DB',	0,	NULL,	0,	NULL,	0,	NULL,	900,	'DB',	NULL),
(3120,	12837,	'2016-02-25 00:00:00',	NULL,	0,	NULL,	0,	NULL,	130,	'DB',	0,	NULL,	NULL),
(3121,	12843,	'2016-02-25 00:00:00',	'4015',	0,	NULL,	0,	NULL,	0,	NULL,	35,	NULL,	NULL),
(3123,	12827,	'2016-02-26 00:00:00',	'DB',	9400,	NULL,	0,	NULL,	3600,	NULL,	0,	NULL,	NULL),
(3124,	12853,	'2016-03-01 00:00:00',	NULL,	0,	NULL,	0,	NULL,	400,	'4015',	0,	NULL,	NULL),
(3126,	12889,	'2016-03-03 00:00:00',	'4015',	10,	'4015',	0,	NULL,	0,	NULL,	0,	NULL,	NULL),
(3127,	12846,	'2016-03-09 00:00:00',	'DM',	176,	NULL,	0,	NULL,	0,	NULL,	0,	NULL,	NULL),
(3130,	12904,	'2016-03-10 00:00:00',	'DB',	64,	'SB',	0,	NULL,	0,	NULL,	0,	NULL,	NULL),
(3132,	12913,	'2016-03-14 00:00:00',	'DM',	64,	'3297',	0,	NULL,	16,	'3297',	0,	NULL,	NULL),
(3133,	12923,	'2016-03-14 00:00:00',	NULL,	0,	NULL,	0,	NULL,	0,	NULL,	0,	NULL,	NULL),
(3135,	12902,	'2016-03-21 00:00:00',	'DB',	25,	NULL,	0,	NULL,	9,	NULL,	0,	NULL,	NULL),
(3138,	12956,	'2016-03-21 00:00:00',	'DB',	0,	NULL,	0,	NULL,	0,	NULL,	800,	'DB',	NULL),
(3141,	12959,	'2016-03-21 00:00:00',	'DB',	800,	'DB',	0,	NULL,	0,	NULL,	0,	NULL,	NULL),
(3144,	12963,	'2016-03-21 00:00:00',	'DB',	1471,	NULL,	0,	NULL,	1,	NULL,	0,	NULL,	NULL),
(3145,	12927,	'2016-03-21 00:00:00',	'DB',	277,	NULL,	0,	NULL,	0,	NULL,	0,	NULL,	NULL),
(3146,	12951,	'2016-03-21 00:00:00',	'DB',	10000,	NULL,	0,	NULL,	0,	NULL,	0,	NULL,	NULL),
(3147,	12960,	'2016-03-23 00:00:00',	'DB',	288,	'KF',	0,	NULL,	0,	NULL,	0,	NULL,	NULL),
(3151,	12928,	'2016-03-24 00:00:00',	NULL,	0,	NULL,	0,	NULL,	58,	'DM',	0,	NULL,	NULL),
(3152,	12924,	'2016-03-24 00:00:00',	'DM',	147,	'DM',	0,	NULL,	0,	NULL,	0,	NULL,	NULL),
(3153,	12970,	'2016-03-24 00:00:00',	'BC',	0,	NULL,	0,	NULL,	0,	NULL,	182,	'DM',	NULL),
(3154,	12965,	'2016-03-28 00:00:00',	'DB',	68,	NULL,	0,	NULL,	53,	'DC',	0,	NULL,	NULL),
(3155,	12993,	'2016-03-29 00:00:00',	NULL,	0,	NULL,	0,	NULL,	166,	'4015',	0,	NULL,	NULL),
(3158,	12828,	'2016-03-30 00:00:00',	'4015',	119,	'4015',	0,	NULL,	0,	NULL,	0,	NULL,	NULL),
(3159,	12829,	'2016-03-30 00:00:00',	'4015',	100,	'4015',	0,	NULL,	0,	NULL,	0,	NULL,	NULL),
(3160,	12994,	'2016-03-31 00:00:00',	'DB',	0,	NULL,	0,	NULL,	0,	NULL,	3276,	NULL,	NULL),
(3162,	13002,	'2016-03-31 00:00:00',	'DB',	0,	NULL,	0,	NULL,	0,	NULL,	1440,	NULL,	NULL),
(3163,	13004,	'2016-03-31 00:00:00',	'DM',	2112,	'FP',	0,	NULL,	0,	NULL,	0,	NULL,	NULL),
(3164,	12943,	'2016-03-31 00:00:00',	'DM',	27,	'DM',	0,	NULL,	0,	NULL,	0,	NULL,	NULL),
(3165,	13021,	'2016-04-05 00:00:00',	'4015',	1407,	'4015',	0,	NULL,	33,	NULL,	0,	NULL,	NULL),
(3167,	13001,	'2016-04-06 00:00:00',	'DB',	2592,	NULL,	0,	NULL,	0,	NULL,	0,	NULL,	NULL),
(3168,	12981,	'2016-04-06 00:00:00',	'DB',	3888,	NULL,	0,	NULL,	0,	NULL,	0,	NULL,	NULL),
(3169,	12997,	'2016-04-06 00:00:00',	'DB',	500,	NULL,	0,	NULL,	0,	NULL,	0,	NULL,	NULL),
(3173,	13031,	'2016-04-07 00:00:00',	'DB',	71,	NULL,	0,	NULL,	0,	NULL,	0,	NULL,	NULL),
(3174,	13010,	'2016-04-07 00:00:00',	'DB',	0,	NULL,	0,	NULL,	38,	NULL,	0,	NULL,	NULL),
(3176,	12881,	'2016-04-07 00:00:00',	'DB',	124,	'DB',	0,	NULL,	0,	NULL,	0,	NULL,	NULL),
(3177,	12930,	'2016-04-07 00:00:00',	'DB',	163,	NULL,	0,	NULL,	0,	NULL,	0,	NULL,	NULL),
(3178,	12998,	'2016-04-07 00:00:00',	'DB',	104,	'DB',	0,	NULL,	0,	NULL,	0,	NULL,	NULL),
(3182,	13016,	'2016-04-08 00:00:00',	NULL,	0,	NULL,	0,	NULL,	200,	'4015',	0,	NULL,	NULL),
(3184,	13044,	'2016-04-11 00:00:00',	'DB',	3805,	NULL,	0,	NULL,	75,	NULL,	0,	NULL,	NULL),
(3186,	13036,	'2016-04-11 00:00:00',	'DB',	3888,	NULL,	0,	NULL,	0,	NULL,	0,	NULL,	NULL),
(3187,	13054,	'2016-04-11 00:00:00',	'DB',	0,	NULL,	0,	NULL,	0,	NULL,	1620,	NULL,	NULL),
(3189,	13048,	'2016-04-13 00:00:00',	'DB',	0,	NULL,	0,	NULL,	0,	NULL,	3276,	'DB',	NULL),
(3190,	13077,	'2016-04-14 00:00:00',	'DB',	0,	NULL,	0,	NULL,	0,	NULL,	450,	'DB',	NULL),
(3191,	13068,	'2016-04-14 00:00:00',	'DB',	2090,	'JC',	0,	NULL,	10,	NULL,	0,	NULL,	NULL),
(3192,	13026,	'2016-04-14 00:00:00',	'DB',	4608,	NULL,	0,	NULL,	0,	NULL,	0,	NULL,	NULL),
(3194,	13061,	'2016-04-14 00:00:00',	'DB',	0,	NULL,	0,	NULL,	0,	NULL,	0,	NULL,	NULL),
(3195,	13060,	'2016-04-14 00:00:00',	'DB',	1562,	NULL,	0,	NULL,	38,	NULL,	0,	NULL,	NULL),
(3196,	13075,	'2016-04-14 00:00:00',	'DB',	0,	NULL,	0,	NULL,	708,	'DB',	0,	NULL,	NULL),
(3198,	13087,	'2016-04-19 00:00:00',	'DB',	0,	NULL,	0,	NULL,	0,	NULL,	2592,	NULL,	NULL),
(3199,	13098,	'2016-04-19 00:00:00',	'DB',	0,	NULL,	0,	NULL,	0,	NULL,	2600,	'DB',	NULL),
(3200,	13095,	'2016-04-19 00:00:00',	'DB',	0,	NULL,	0,	NULL,	247,	NULL,	0,	NULL,	NULL),
(3202,	13097,	'2016-04-19 00:00:00',	'DB',	18,	'JC',	0,	NULL,	38,	NULL,	0,	NULL,	NULL),
(3204,	13056,	'2016-04-19 00:00:00',	'DB',	1244,	'KD',	0,	NULL,	1256,	'KD',	0,	NULL,	NULL),
(3205,	13093,	'2016-04-21 00:00:00',	'G.Pack',	210,	'4855',	0,	NULL,	0,	NULL,	0,	NULL,	NULL),
(3206,	13080,	'2016-04-21 00:00:00',	'4015',	280,	NULL,	0,	NULL,	78,	'4015',	0,	NULL,	NULL),
(3207,	13081,	'2016-04-21 00:00:00',	'4015',	252,	'4015',	0,	NULL,	0,	NULL,	0,	NULL,	NULL),
(3208,	13082,	'2016-04-21 00:00:00',	'4015',	659,	NULL,	0,	NULL,	169,	'4015',	0,	NULL,	NULL),
(3209,	13083,	'2016-04-21 00:00:00',	'4015',	1512,	NULL,	0,	NULL,	0,	NULL,	0,	NULL,	NULL),
(3210,	13046,	'2016-04-21 00:00:00',	NULL,	0,	NULL,	0,	NULL,	360,	'4015',	0,	NULL,	NULL),
(3211,	13065,	'2016-04-21 00:00:00',	NULL,	0,	NULL,	0,	NULL,	50,	'4015',	0,	NULL,	NULL),
(3212,	13109,	'2016-04-22 00:00:00',	'BC',	0,	NULL,	0,	NULL,	0,	NULL,	11,	'BC',	NULL),
(3213,	13130,	'2016-04-25 00:00:00',	'DB',	0,	NULL,	0,	NULL,	160,	'DB',	0,	NULL,	NULL),
(3214,	13117,	'2016-04-27 00:00:00',	'DB',	9999,	NULL,	0,	NULL,	1,	NULL,	0,	NULL,	NULL),
(3215,	13103,	'2016-04-27 00:00:00',	'DB',	1486,	NULL,	0,	NULL,	242,	'KP',	0,	NULL,	NULL),
(3216,	13101,	'2016-04-27 00:00:00',	'DB',	0,	NULL,	0,	NULL,	600,	'KB',	0,	NULL,	NULL),
(3217,	13125,	'2016-04-27 00:00:00',	'DB',	0,	NULL,	0,	NULL,	84,	NULL,	0,	NULL,	NULL),
(3218,	13128,	'2016-04-27 00:00:00',	'4015',	271,	NULL,	0,	NULL,	23,	NULL,	0,	NULL,	NULL),
(3219,	13023,	'2016-04-28 00:00:00',	'DB',	79,	NULL,	0,	NULL,	23,	NULL,	0,	NULL,	NULL),
(3220,	13149,	'2016-05-02 00:00:00',	'4015',	50,	'4015',	0,	NULL,	0,	NULL,	0,	NULL,	NULL),
(3221,	13144,	'2016-05-04 00:00:00',	'DB',	0,	NULL,	0,	NULL,	500,	NULL,	0,	NULL,	NULL),
(3223,	13079,	'2016-05-04 00:00:00',	'DB',	180,	NULL,	0,	NULL,	0,	NULL,	0,	NULL,	NULL),
(3225,	13143,	'2016-05-05 00:00:00',	'4015',	1000,	'4015',	0,	NULL,	0,	NULL,	0,	NULL,	NULL),
(3226,	13007,	'2016-05-06 00:00:00',	'DM',	0,	NULL,	0,	NULL,	0,	NULL,	1400,	'DM',	NULL),
(3227,	13163,	'2016-05-10 00:00:00',	'DB',	0,	NULL,	0,	NULL,	0,	NULL,	280,	NULL,	NULL),
(3228,	13175,	'2016-05-10 00:00:00',	NULL,	0,	NULL,	0,	NULL,	0,	NULL,	0,	NULL,	NULL),
(3229,	13164,	'2016-05-10 00:00:00',	'DB',	0,	NULL,	0,	NULL,	0,	NULL,	882,	NULL,	NULL),
(3233,	13173,	'2016-05-11 00:00:00',	'DB',	0,	NULL,	0,	NULL,	0,	NULL,	4000,	NULL,	NULL),
(3237,	13185,	'2016-05-11 00:00:00',	'DB',	0,	NULL,	0,	NULL,	0,	NULL,	188,	NULL,	NULL),
(3238,	13179,	'2016-05-11 00:00:00',	'DB',	10000,	'DB',	0,	NULL,	0,	NULL,	0,	NULL,	NULL),
(3241,	13126,	'2016-05-12 00:00:00',	'DB',	0,	NULL,	0,	NULL,	0,	NULL,	600,	NULL,	NULL),
(3244,	13148,	'2016-05-13 00:00:00',	'DB',	490,	NULL,	0,	NULL,	0,	NULL,	0,	NULL,	NULL),
(3248,	13195,	'2016-05-13 00:00:00',	NULL,	0,	NULL,	0,	NULL,	1020,	'DB',	0,	NULL,	NULL),
(3249,	13092,	'2016-05-13 00:00:00',	'DB',	360,	NULL,	0,	NULL,	39,	'NKG',	0,	NULL,	NULL),
(3251,	13200,	'2016-05-18 00:00:00',	'DB',	1296,	'KF',	0,	NULL,	0,	NULL,	0,	NULL,	NULL),
(3252,	13210,	'2016-05-18 00:00:00',	'4015',	150,	'4015',	0,	NULL,	0,	NULL,	0,	NULL,	NULL),
(3253,	13188,	'2016-05-18 00:00:00',	'4015',	1455,	'4015',	0,	NULL,	45,	NULL,	0,	NULL,	NULL),
(3254,	13214,	'2016-05-18 00:00:00',	'4015',	1000,	'4015',	0,	NULL,	0,	NULL,	0,	NULL,	NULL),
(3255,	13212,	'2016-05-19 00:00:00',	NULL,	0,	NULL,	0,	NULL,	456,	'DB',	0,	NULL,	NULL),
(3256,	13211,	'2016-05-19 00:00:00',	NULL,	0,	NULL,	0,	NULL,	456,	'DB',	0,	NULL,	NULL),
(3258,	13218,	'2016-05-19 00:00:00',	'DB',	6000,	'DB',	0,	NULL,	0,	NULL,	0,	NULL,	NULL),
(3262,	13190,	'2016-05-20 00:00:00',	'4015',	1764,	'4015',	0,	NULL,	0,	NULL,	0,	NULL,	NULL),
(3264,	13024,	'2016-05-24 00:00:00',	'DM',	403,	'4011',	0,	NULL,	0,	NULL,	0,	NULL,	NULL),
(3265,	13233,	'2016-05-24 00:00:00',	NULL,	0,	NULL,	0,	NULL,	858,	NULL,	0,	NULL,	NULL),
(3269,	13192,	'2016-05-24 00:00:00',	'DB',	450,	NULL,	0,	NULL,	0,	NULL,	0,	NULL,	NULL),
(3272,	13219,	'2016-05-24 00:00:00',	'DB',	252,	NULL,	0,	NULL,	180,	NULL,	0,	NULL,	NULL),
(3275,	13238,	'2016-05-25 00:00:00',	'SMc',	160,	'4706',	0,	NULL,	0,	NULL,	0,	NULL,	NULL),
(3276,	13232,	'2016-05-25 00:00:00',	'DB',	0,	NULL,	0,	NULL,	0,	NULL,	288,	'DB',	NULL),
(3277,	13223,	'2016-05-25 00:00:00',	NULL,	0,	NULL,	0,	NULL,	800,	'DB',	0,	NULL,	NULL),
(3280,	13201,	'2016-05-26 00:00:00',	'4015',	962,	NULL,	0,	NULL,	38,	'4015',	0,	NULL,	NULL),
(3281,	13231,	'2016-05-27 00:00:00',	NULL,	0,	NULL,	0,	NULL,	472,	'4015',	0,	NULL,	NULL),
(3282,	13251,	'2016-05-27 00:00:00',	'DB',	0,	NULL,	0,	NULL,	0,	NULL,	1516,	'DB',	NULL),
(3283,	13252,	'2016-05-27 00:00:00',	'DB',	0,	NULL,	0,	NULL,	0,	NULL,	1128,	NULL,	NULL),
(3284,	13249,	'2016-05-27 00:00:00',	'DB',	0,	NULL,	0,	NULL,	0,	NULL,	331,	NULL,	NULL),
(3285,	13250,	'2016-05-27 00:00:00',	'DB',	0,	NULL,	0,	NULL,	921,	NULL,	0,	NULL,	NULL),
(3287,	13243,	'2016-05-27 00:00:00',	'DB',	0,	NULL,	0,	NULL,	0,	NULL,	200,	NULL,	NULL),
(3288,	13234,	'2016-05-27 00:00:00',	NULL,	0,	NULL,	0,	NULL,	80,	NULL,	0,	NULL,	NULL),
(3292,	13181,	'2016-05-27 00:00:00',	'DB',	100,	NULL,	0,	NULL,	0,	NULL,	0,	NULL,	NULL),
(3293,	13255,	'2016-05-27 00:00:00',	NULL,	0,	NULL,	0,	NULL,	66,	'DB',	0,	NULL,	NULL),
(3294,	13237,	'2016-05-27 00:00:00',	'DB',	2800,	'DB',	0,	NULL,	0,	NULL,	0,	NULL,	NULL),
(3298,	13261,	'2016-05-31 00:00:00',	NULL,	0,	NULL,	0,	NULL,	1764,	'DB',	0,	NULL,	NULL),
(3300,	13221,	'2016-06-01 00:00:00',	'DB',	1080,	NULL,	0,	NULL,	0,	NULL,	0,	NULL,	NULL),
(3302,	13244,	'2016-06-01 00:00:00',	'DB',	480,	'MS',	0,	NULL,	0,	NULL,	0,	NULL,	NULL),
(3303,	13271,	'2016-06-01 00:00:00',	'DB',	2592,	'ED',	0,	NULL,	0,	NULL,	0,	NULL,	NULL),
(3312,	13270,	'2016-06-02 00:00:00',	'DB',	224,	'CH',	0,	NULL,	0,	NULL,	0,	NULL,	NULL),
(3314,	13189,	'2016-06-03 00:00:00',	'DB',	1279,	'CH',	0,	NULL,	71,	NULL,	0,	NULL,	NULL),
(3318,	13274,	'2016-06-03 00:00:00',	NULL,	0,	NULL,	0,	NULL,	468,	'4015',	0,	NULL,	NULL),
(3319,	13282,	'2016-06-03 00:00:00',	'4015',	33,	'4015',	0,	NULL,	175,	NULL,	0,	NULL,	NULL),
(3320,	13283,	'2016-06-03 00:00:00',	NULL,	0,	NULL,	0,	NULL,	80,	'4015',	0,	NULL,	NULL),
(3323,	13280,	'2016-06-06 00:00:00',	'DB',	1000,	'MT',	0,	NULL,	0,	NULL,	0,	NULL,	NULL),
(3324,	13279,	'2016-06-06 00:00:00',	NULL,	0,	NULL,	0,	NULL,	40,	'NKG',	0,	NULL,	NULL),
(3326,	13265,	'2016-06-06 00:00:00',	'DB',	688,	'YL',	0,	NULL,	0,	NULL,	0,	NULL,	NULL),
(3327,	13248,	'2016-06-06 00:00:00',	'DB',	256,	NULL,	0,	NULL,	0,	NULL,	0,	NULL,	NULL),
(3328,	13222,	'2016-06-06 00:00:00',	'DB',	350,	NULL,	0,	NULL,	0,	NULL,	0,	NULL,	NULL),
(3329,	13266,	'2016-06-07 00:00:00',	NULL,	360,	'4718',	0,	NULL,	0,	NULL,	0,	NULL,	NULL),
(3330,	13281,	'2016-06-07 00:00:00',	NULL,	0,	NULL,	0,	NULL,	300,	'4015',	0,	NULL,	NULL),
(3331,	13297,	'2016-06-07 00:00:00',	'DB',	670,	'KF',	0,	NULL,	0,	NULL,	0,	NULL,	NULL),
(3332,	13310,	'2016-06-07 00:00:00',	NULL,	0,	NULL,	0,	NULL,	1440,	'JL',	0,	NULL,	NULL),
(3337,	13294,	'2016-06-07 00:00:00',	NULL,	0,	NULL,	0,	NULL,	2880,	'MC',	0,	NULL,	NULL),
(3339,	13303,	'2016-06-07 00:00:00',	'DB',	798,	'LZ',	0,	NULL,	0,	NULL,	0,	NULL,	NULL),
(3345,	13318,	'2016-06-09 00:00:00',	NULL,	0,	NULL,	0,	NULL,	250,	NULL,	0,	NULL,	NULL),
(3346,	13324,	'2016-06-13 00:00:00',	'DB',	1350,	NULL,	0,	NULL,	0,	NULL,	0,	NULL,	NULL),
(3347,	13322,	'2016-06-13 00:00:00',	'DB',	672,	'KF',	0,	NULL,	0,	NULL,	0,	NULL,	NULL),
(3348,	13326,	'2016-06-13 00:00:00',	'DB',	0,	NULL,	0,	NULL,	0,	NULL,	672,	NULL,	NULL),
(3349,	13327,	'2016-06-13 00:00:00',	'DB',	450,	NULL,	0,	NULL,	0,	NULL,	0,	NULL,	NULL),
(3350,	13328,	'2016-06-13 00:00:00',	'DB',	200,	'LV',	0,	NULL,	0,	NULL,	0,	NULL,	NULL),
(3353,	13269,	'2016-06-13 00:00:00',	'DB',	699,	'KF',	0,	NULL,	1,	NULL,	0,	NULL,	NULL),
(3355,	13334,	'2016-06-13 00:00:00',	NULL,	0,	NULL,	0,	NULL,	960,	NULL,	0,	NULL,	NULL),
(3362,	13316,	'2016-06-13 00:00:00',	'DB',	0,	NULL,	0,	NULL,	0,	NULL,	136,	'DB',	NULL),
(3363,	13340,	'2016-06-16 00:00:00',	'DB',	0,	NULL,	0,	NULL,	0,	NULL,	450,	NULL,	NULL),
(3368,	13295,	'2016-06-16 00:00:00',	NULL,	0,	NULL,	0,	NULL,	870,	'RD',	0,	NULL,	NULL),
(3369,	13311,	'2016-06-16 00:00:00',	NULL,	0,	NULL,	0,	NULL,	250,	'SB',	0,	NULL,	NULL),
(3370,	13292,	'2016-06-16 00:00:00',	'DB',	360,	'DK',	0,	NULL,	0,	NULL,	0,	NULL,	NULL),
(3372,	13257,	'2016-06-16 00:00:00',	'DB',	206,	NULL,	0,	NULL,	0,	NULL,	0,	NULL,	NULL),
(3373,	13345,	'2016-06-16 00:00:00',	'SM',	80,	'905',	0,	NULL,	0,	NULL,	0,	NULL,	NULL),
(3374,	13341,	'2016-06-16 00:00:00',	NULL,	0,	NULL,	0,	NULL,	585,	NULL,	0,	NULL,	NULL),
(3377,	13339,	'2016-06-16 00:00:00',	'DB',	1996,	'MT',	0,	NULL,	4,	NULL,	0,	NULL,	NULL),
(3378,	13358,	'2016-06-16 00:00:00',	'DB',	266,	NULL,	0,	NULL,	0,	NULL,	0,	NULL,	NULL),
(3379,	13332,	'2016-06-16 00:00:00',	NULL,	183,	'4015',	0,	NULL,	10,	NULL,	0,	NULL,	NULL),
(3380,	13336,	'2016-06-16 00:00:00',	NULL,	179,	'4015',	0,	NULL,	0,	NULL,	0,	NULL,	NULL),
(3381,	13288,	'2016-06-16 00:00:00',	NULL,	0,	NULL,	0,	NULL,	288,	'4015',	0,	NULL,	NULL),
(3382,	13289,	'2016-06-16 00:00:00',	NULL,	0,	NULL,	0,	NULL,	0,	NULL,	0,	NULL,	NULL),
(3384,	13320,	'2016-06-16 00:00:00',	'DB',	0,	NULL,	0,	NULL,	0,	NULL,	610,	'DB',	NULL),
(3386,	13367,	'2016-06-20 00:00:00',	'DB',	17820,	NULL,	0,	NULL,	0,	NULL,	0,	NULL,	NULL),
(3387,	13360,	'2016-06-20 00:00:00',	NULL,	0,	NULL,	0,	NULL,	1080,	'MC',	0,	NULL,	NULL),
(3388,	13366,	'2016-06-20 00:00:00',	'DB',	300,	NULL,	0,	NULL,	0,	NULL,	0,	NULL,	NULL),
(3392,	13365,	'2016-06-23 00:00:00',	'DB',	138,	'JT',	0,	NULL,	0,	NULL,	0,	NULL,	NULL),
(3394,	13313,	'2016-06-23 00:00:00',	NULL,	0,	NULL,	0,	NULL,	125,	'DB',	0,	NULL,	NULL),
(3396,	13371,	'2016-06-23 00:00:00',	'DB',	140,	'DC',	0,	NULL,	118,	'DC',	0,	NULL,	NULL),
(3397,	13370,	'2016-06-23 00:00:00',	'DB',	258,	'DC',	0,	NULL,	0,	NULL,	0,	NULL,	NULL),
(3398,	13369,	'2016-06-23 00:00:00',	'DB',	112,	'DC',	0,	NULL,	0,	NULL,	0,	NULL,	NULL),
(3399,	13383,	'2016-06-23 00:00:00',	'DB',	0,	NULL,	0,	NULL,	67,	NULL,	0,	NULL,	NULL),
(3401,	13333,	'2016-06-23 00:00:00',	'DB',	0,	NULL,	0,	NULL,	0,	NULL,	450,	NULL,	NULL),
(3403,	13379,	'2016-06-23 00:00:00',	NULL,	0,	NULL,	0,	NULL,	840,	'DB',	0,	NULL,	NULL),
(3404,	13226,	'2016-06-23 00:00:00',	NULL,	0,	NULL,	0,	NULL,	445,	'RD',	0,	NULL,	NULL),
(3405,	13393,	'2016-06-28 00:00:00',	NULL,	0,	NULL,	0,	NULL,	0,	NULL,	0,	NULL,	NULL),
(3409,	13426,	'2016-07-04 00:00:00',	'DB',	173,	'935',	0,	NULL,	7,	'935',	0,	NULL,	NULL),
(3410,	13402,	'2016-07-04 00:00:00',	'DB',	242,	'935',	0,	NULL,	8,	'935',	0,	NULL,	NULL),
(3411,	13427,	'2016-07-04 00:00:00',	NULL,	0,	NULL,	0,	NULL,	176,	NULL,	0,	NULL,	NULL),
(3415,	13417,	'2016-07-04 00:00:00',	NULL,	0,	NULL,	0,	NULL,	200,	NULL,	0,	NULL,	NULL),
(3416,	13409,	'2016-07-04 00:00:00',	'DB',	5000,	NULL,	0,	NULL,	0,	NULL,	0,	NULL,	NULL),
(3423,	13430,	'2016-07-05 00:00:00',	'DB',	0,	NULL,	0,	NULL,	0,	NULL,	750,	NULL,	NULL),
(3425,	13395,	'2016-07-05 00:00:00',	NULL,	0,	NULL,	0,	NULL,	110,	NULL,	0,	NULL,	NULL),
(3428,	13406,	'2016-07-05 00:00:00',	'DB',	2400,	NULL,	0,	NULL,	0,	NULL,	0,	NULL,	NULL),
(3432,	13396,	'2016-07-05 00:00:00',	NULL,	0,	NULL,	0,	NULL,	63,	'4692',	0,	NULL,	NULL),
(3435,	13397,	'2016-07-05 00:00:00',	NULL,	0,	NULL,	0,	NULL,	44,	'4692',	0,	NULL,	NULL),
(3436,	13398,	'2016-07-05 00:00:00',	NULL,	0,	NULL,	0,	NULL,	22,	'4692',	0,	NULL,	NULL),
(3439,	13420,	'2016-07-05 00:00:00',	'DB',	0,	NULL,	0,	NULL,	0,	NULL,	3400,	NULL,	NULL),
(3440,	13405,	'2016-07-06 00:00:00',	'DB',	0,	NULL,	0,	NULL,	0,	NULL,	124,	NULL,	NULL),
(3441,	13431,	'2016-07-06 00:00:00',	NULL,	0,	NULL,	0,	NULL,	0,	NULL,	0,	NULL,	NULL),
(3442,	13434,	'2016-07-07 00:00:00',	'CS/GPk',	150,	NULL,	0,	NULL,	0,	NULL,	0,	NULL,	NULL),
(3443,	13435,	'2016-07-07 00:00:00',	'DB',	1260,	NULL,	0,	NULL,	420,	NULL,	0,	NULL,	NULL),
(3444,	13433,	'2016-07-07 00:00:00',	'DB',	0,	NULL,	0,	NULL,	0,	NULL,	1300,	NULL,	NULL),
(3445,	13440,	'2016-07-12 00:00:00',	NULL,	0,	NULL,	0,	NULL,	131,	'4015',	0,	NULL,	NULL),
(3446,	13361,	'2016-07-12 00:00:00',	NULL,	0,	NULL,	0,	NULL,	2600,	'4015',	0,	NULL,	NULL),
(3447,	13381,	'2016-07-12 00:00:00',	NULL,	0,	NULL,	0,	NULL,	0,	NULL,	0,	NULL,	NULL),
(3449,	13278,	'2016-07-12 00:00:00',	'DM',	0,	NULL,	0,	NULL,	102,	'868/1631',	0,	NULL,	NULL),
(3451,	13446,	'2016-07-12 00:00:00',	'DB',	0,	NULL,	0,	NULL,	0,	NULL,	450,	NULL,	NULL),
(3452,	13437,	'2016-07-12 00:00:00',	NULL,	0,	NULL,	0,	NULL,	224,	NULL,	0,	NULL,	NULL),
(3453,	13438,	'2016-07-12 00:00:00',	NULL,	0,	NULL,	0,	NULL,	114,	NULL,	0,	NULL,	NULL),
(3455,	13444,	'2016-07-13 00:00:00',	'DB',	450,	'RD',	0,	NULL,	0,	NULL,	0,	NULL,	NULL),
(3456,	13453,	'2016-07-13 00:00:00',	'DB',	0,	NULL,	0,	NULL,	0,	NULL,	450,	NULL,	NULL),
(3457,	13432,	'2016-07-13 00:00:00',	'DB',	960,	'BB',	0,	NULL,	0,	NULL,	0,	NULL,	NULL),
(3459,	13439,	'2016-07-13 00:00:00',	'4015',	240,	'4015',	0,	NULL,	60,	NULL,	0,	NULL,	NULL),
(3460,	13441,	'2016-07-15 00:00:00',	'DB',	2800,	'YL',	0,	NULL,	0,	NULL,	0,	NULL,	NULL),
(3462,	13400,	'2016-07-18 00:00:00',	NULL,	1,	NULL,	0,	NULL,	0,	NULL,	0,	NULL,	NULL),
(3463,	13460,	'2016-07-18 00:00:00',	'4015',	3561,	'4015',	0,	NULL,	39,	NULL,	0,	NULL,	NULL),
(3464,	13459,	'2016-07-19 00:00:00',	'DB',	12035,	'ED',	0,	NULL,	565,	NULL,	0,	NULL,	NULL),
(3466,	13457,	'2016-07-19 00:00:00',	'DB',	25920,	'SB',	0,	NULL,	0,	NULL,	0,	NULL,	NULL),
(3469,	13465,	'2016-07-20 00:00:00',	'DB',	864,	'961',	0,	NULL,	0,	NULL,	0,	NULL,	NULL),
(3471,	13470,	'2016-07-20 00:00:00',	'DB',	3600,	'978',	0,	NULL,	288,	NULL,	0,	NULL,	NULL),
(3472,	13473,	'2016-07-20 00:00:00',	NULL,	0,	NULL,	0,	NULL,	224,	NULL,	0,	NULL,	NULL),
(3474,	13476,	'2016-07-21 00:00:00',	'DB',	0,	NULL,	0,	NULL,	0,	NULL,	11000,	NULL,	NULL),
(3476,	13475,	'2016-07-21 00:00:00',	'DB',	240,	'TR',	0,	NULL,	0,	NULL,	0,	NULL,	NULL),
(3477,	13488,	'2016-07-22 00:00:00',	NULL,	0,	NULL,	0,	NULL,	2000,	'4015',	0,	NULL,	NULL),
(3478,	13486,	'2016-07-25 00:00:00',	NULL,	0,	NULL,	0,	NULL,	2988,	'KF',	0,	NULL,	NULL),
(3482,	13497,	'2016-07-27 00:00:00',	'RR/RZ',	0,	NULL,	0,	NULL,	98,	'4690',	30,	NULL,	NULL),
(3483,	13506,	'2016-07-27 00:00:00',	'DB',	0,	NULL,	0,	NULL,	0,	NULL,	2592,	NULL,	NULL),
(3484,	13504,	'2016-07-27 00:00:00',	'DB',	1300,	'673',	0,	NULL,	0,	NULL,	0,	NULL,	NULL),
(3487,	13511,	'2016-07-27 00:00:00',	'DB',	1346,	'CH',	0,	NULL,	4,	NULL,	0,	NULL,	NULL),
(3488,	13508,	'2016-07-28 00:00:00',	'DB',	0,	NULL,	0,	NULL,	1816,	NULL,	0,	NULL,	NULL),
(3491,	13525,	'2016-07-29 00:00:00',	'DB',	792,	'CP',	0,	NULL,	0,	NULL,	0,	NULL,	NULL),
(3492,	13520,	'2016-07-29 00:00:00',	NULL,	0,	NULL,	0,	NULL,	1248,	'SB',	0,	NULL,	NULL),
(3494,	13512,	'2016-07-29 00:00:00',	'DB',	2574,	'510',	0,	NULL,	18,	'510',	0,	NULL,	NULL),
(3495,	13519,	'2016-07-29 00:00:00',	'DB',	6750,	'SB',	0,	NULL,	0,	NULL,	0,	NULL,	NULL),
(3502,	13527,	'2016-08-03 00:00:00',	NULL,	0,	NULL,	0,	NULL,	2600,	NULL,	0,	NULL,	NULL),
(3503,	13492,	'2016-08-03 00:00:00',	'DB',	800,	NULL,	0,	NULL,	0,	NULL,	0,	NULL,	NULL),
(3504,	13543,	'2016-08-03 00:00:00',	'DB',	0,	NULL,	0,	NULL,	0,	NULL,	782,	NULL,	NULL),
(3508,	13532,	'2016-08-04 00:00:00',	'DB',	3112,	'JB',	0,	NULL,	16,	'JB',	0,	NULL,	NULL),
(3511,	13551,	'2016-08-05 00:00:00',	'DB',	552,	'CP',	0,	NULL,	0,	NULL,	0,	NULL,	NULL),
(3512,	13535,	'2016-08-05 00:00:00',	'DB',	192,	'SW',	0,	NULL,	0,	NULL,	0,	NULL,	NULL),
(3514,	13526,	'2016-08-05 00:00:00',	'DB',	0,	NULL,	0,	NULL,	0,	NULL,	80,	NULL,	NULL),
(3515,	13550,	'2016-08-05 00:00:00',	NULL,	0,	NULL,	0,	NULL,	1652,	'SW',	0,	NULL,	NULL),
(3518,	13546,	'2016-08-05 00:00:00',	NULL,	0,	NULL,	0,	NULL,	35,	'DB',	0,	NULL,	NULL),
(3519,	13528,	'2016-08-05 00:00:00',	'DB',	80,	'DC',	0,	NULL,	0,	NULL,	0,	NULL,	NULL),
(3520,	13498,	'2016-08-05 00:00:00',	'DB',	81,	'DC',	0,	NULL,	11,	'DC',	0,	NULL,	NULL),
(3521,	13524,	'2016-08-08 00:00:00',	'4015',	1196,	'4015',	0,	NULL,	4,	NULL,	0,	NULL,	NULL),
(3522,	13563,	'2016-08-09 00:00:00',	'RZ',	384,	'978',	0,	NULL,	0,	NULL,	0,	NULL,	NULL),
(3523,	13574,	'2016-08-12 00:00:00',	'RSR/BC',	0,	NULL,	0,	NULL,	0,	NULL,	2880,	'RSR',	NULL),
(3524,	13592,	'2016-08-16 00:00:00',	'4015',	277,	'4015',	0,	NULL,	123,	'4015',	0,	NULL,	NULL),
(3525,	13603,	'2016-08-16 00:00:00',	'4015',	720,	'4015',	0,	NULL,	0,	NULL,	0,	NULL,	NULL),
(3526,	13586,	'2016-08-16 00:00:00',	'4015',	612,	'4015',	0,	NULL,	72,	NULL,	0,	NULL,	NULL),
(3527,	13606,	'2016-08-18 00:00:00',	NULL,	0,	NULL,	0,	NULL,	3000,	'SK',	0,	NULL,	NULL),
(3528,	13555,	'2016-08-18 00:00:00',	NULL,	0,	NULL,	0,	NULL,	224,	'SK',	0,	NULL,	NULL),
(3533,	13561,	'2016-08-22 00:00:00',	NULL,	0,	NULL,	0,	NULL,	252,	NULL,	0,	NULL,	NULL),
(3534,	13626,	'2016-08-22 00:00:00',	NULL,	0,	NULL,	0,	NULL,	0,	NULL,	15000,	NULL,	NULL),
(3535,	13542,	'2016-08-23 00:00:00',	'DB',	576,	NULL,	0,	NULL,	0,	NULL,	0,	NULL,	NULL),
(3536,	13604,	'2016-08-23 00:00:00',	NULL,	0,	NULL,	0,	NULL,	90,	NULL,	0,	NULL,	NULL),
(3537,	13638,	'2016-08-23 00:00:00',	'DB',	0,	NULL,	0,	NULL,	0,	NULL,	0,	NULL,	NULL),
(3540,	13573,	'2016-08-23 00:00:00',	NULL,	0,	NULL,	0,	NULL,	950,	'RSR',	0,	NULL,	NULL),
(3541,	13657,	'2016-08-26 00:00:00',	'DM',	600,	'DM',	0,	NULL,	0,	NULL,	0,	NULL,	NULL),
(3542,	13643,	'2016-08-29 00:00:00',	NULL,	0,	NULL,	0,	NULL,	816,	'#3900',	0,	NULL,	NULL),
(3543,	13663,	'2016-08-29 00:00:00',	NULL,	0,	NULL,	0,	NULL,	0,	NULL,	1728,	'DB',	NULL),
(3545,	13554,	'2016-08-31 00:00:00',	NULL,	2000,	'521/613',	0,	NULL,	1800,	'521/613',	0,	NULL,	NULL),
(3548,	13649,	'2016-08-31 00:00:00',	NULL,	0,	NULL,	0,	NULL,	200,	NULL,	0,	NULL,	NULL),
(3549,	13650,	'2016-08-31 00:00:00',	NULL,	0,	NULL,	0,	NULL,	200,	NULL,	0,	NULL,	NULL),
(3556,	13690,	'2016-08-31 00:00:00',	NULL,	0,	NULL,	0,	NULL,	2592,	'RSR',	0,	NULL,	NULL),
(3557,	13698,	'2016-08-31 00:00:00',	NULL,	0,	NULL,	0,	NULL,	5040,	'RSR',	0,	NULL,	NULL),
(3558,	13691,	'2016-08-31 00:00:00',	NULL,	0,	NULL,	0,	NULL,	1100,	NULL,	0,	NULL,	NULL),
(3559,	13662,	'2016-09-07 00:00:00',	'DB',	0,	NULL,	0,	NULL,	0,	NULL,	1728,	NULL,	NULL),
(3567,	13714,	'2016-09-07 00:00:00',	'JM,SW,SW',	0,	NULL,	0,	NULL,	0,	NULL,	532,	'JM,SW,SW',	NULL),
(3568,	13729,	'2016-09-08 00:00:00',	'4015',	1008,	'4015',	0,	NULL,	0,	NULL,	0,	NULL,	NULL),
(3569,	13672,	'2016-09-09 00:00:00',	NULL,	0,	NULL,	0,	NULL,	0,	NULL,	0,	NULL,	NULL),
(3570,	13699,	'2016-09-09 00:00:00',	NULL,	0,	NULL,	0,	NULL,	15,	'4689',	4485,	'4689',	NULL),
(3574,	13552,	'2016-09-13 00:00:00',	NULL,	2700,	'BR',	0,	NULL,	0,	NULL,	0,	NULL,	NULL),
(3575,	13644,	'2016-09-13 00:00:00',	NULL,	0,	NULL,	0,	NULL,	434,	NULL,	0,	NULL,	NULL),
(3576,	13739,	'2016-09-13 00:00:00',	'M706',	1959,	'M706',	0,	NULL,	80,	'M706',	0,	NULL,	NULL),
(3577,	13593,	'2016-09-13 00:00:00',	'DB',	602,	'TB TR',	0,	NULL,	83,	'TB TR',	0,	NULL,	NULL),
(3578,	13568,	'2016-09-13 00:00:00',	'DB',	262,	'TR',	0,	NULL,	0,	NULL,	0,	NULL,	NULL),
(3583,	13660,	'2016-09-13 00:00:00',	NULL,	0,	NULL,	0,	NULL,	20,	'DB',	0,	NULL,	NULL),
(3584,	13693,	'2016-09-13 00:00:00',	'DB',	450,	NULL,	0,	NULL,	0,	NULL,	0,	NULL,	NULL),
(3585,	13661,	'2016-09-13 00:00:00',	NULL,	0,	NULL,	0,	NULL,	43,	'DB',	0,	NULL,	NULL),
(3586,	13632,	'2016-09-13 00:00:00',	'DB',	240,	NULL,	0,	NULL,	720,	NULL,	0,	NULL,	NULL),
(3591,	13751,	'2016-09-14 00:00:00',	'RSR',	0,	NULL,	0,	NULL,	0,	NULL,	980,	'RSR',	NULL),
(3592,	13634,	'2016-09-14 00:00:00',	NULL,	0,	NULL,	0,	NULL,	400,	'RSR',	0,	NULL,	NULL),
(3593,	13571,	'2016-09-14 00:00:00',	NULL,	0,	NULL,	0,	NULL,	160,	'RSR',	0,	NULL,	NULL),
(3594,	13570,	'2016-09-14 00:00:00',	'RSR',	0,	NULL,	0,	NULL,	0,	NULL,	220,	'RSR',	NULL),
(3596,	13591,	'2016-09-14 00:00:00',	'DB',	240,	'TR',	0,	NULL,	0,	NULL,	0,	NULL,	NULL),
(3597,	13567,	'2016-09-14 00:00:00',	'DB',	262,	'TR',	0,	NULL,	0,	NULL,	0,	NULL,	NULL),
(3599,	13616,	'2016-09-14 00:00:00',	'DB',	50,	NULL,	0,	NULL,	0,	NULL,	0,	NULL,	NULL),
(3601,	13742,	'2016-09-15 00:00:00',	NULL,	0,	'0',	0,	NULL,	0,	NULL,	0,	NULL,	NULL),
(3602,	13651,	'2016-09-15 00:00:00',	'4015',	96,	NULL,	0,	NULL,	0,	NULL,	0,	NULL,	NULL),
(3603,	13669,	'2016-09-16 00:00:00',	'DB',	106,	'5342',	0,	NULL,	86,	'5342',	0,	NULL,	NULL),
(3604,	13776,	'2016-09-19 00:00:00',	NULL,	0,	NULL,	0,	NULL,	1440,	'RSR',	0,	NULL,	NULL),
(3605,	13758,	'2016-09-19 00:00:00',	'DB',	388,	NULL,	0,	NULL,	212,	NULL,	0,	NULL,	NULL),
(3606,	13760,	'2016-09-19 00:00:00',	'DB',	398,	'DD',	0,	NULL,	2,	NULL,	0,	NULL,	NULL),
(3609,	13784,	'2016-09-20 00:00:00',	NULL,	0,	NULL,	0,	NULL,	432,	NULL,	0,	NULL,	NULL),
(3612,	13771,	'2016-09-21 00:00:00',	'4015',	0,	NULL,	0,	NULL,	500,	'4015',	0,	NULL,	NULL),
(3613,	13789,	'2016-09-21 00:00:00',	'RSR',	0,	NULL,	0,	NULL,	0,	NULL,	3276,	'RSR',	NULL),
(3614,	13557,	'2016-09-21 00:00:00',	'RSR',	951,	'4292',	0,	NULL,	53,	'4292',	0,	NULL,	NULL),
(3615,	13769,	'2016-09-21 00:00:00',	'RSR',	0,	NULL,	0,	NULL,	0,	NULL,	80,	'RSR',	NULL),
(3617,	13566,	'2016-09-22 00:00:00',	'DB',	0,	NULL,	0,	NULL,	0,	NULL,	212,	NULL,	NULL),
(3618,	13633,	'2016-09-22 00:00:00',	'DB',	0,	NULL,	0,	NULL,	0,	NULL,	200,	NULL,	NULL),
(3619,	13569,	'2016-09-22 00:00:00',	'DB',	0,	NULL,	0,	NULL,	0,	NULL,	130,	NULL,	NULL),
(3620,	13556,	'2016-09-22 00:00:00',	NULL,	0,	NULL,	0,	NULL,	240,	NULL,	0,	NULL,	NULL),
(3622,	13635,	'2016-09-22 00:00:00',	NULL,	0,	NULL,	0,	NULL,	100,	NULL,	0,	NULL,	NULL),
(3624,	13615,	'2016-09-22 00:00:00',	'DB',	136,	NULL,	0,	NULL,	0,	NULL,	0,	NULL,	NULL),
(3625,	13786,	'2016-09-22 00:00:00',	'DB',	5000,	NULL,	0,	NULL,	0,	NULL,	0,	NULL,	NULL),
(3628,	13680,	'2016-09-22 00:00:00',	'DB',	0,	NULL,	0,	NULL,	0,	NULL,	1440,	NULL,	NULL),
(3629,	13682,	'2016-09-22 00:00:00',	'DB',	0,	NULL,	0,	NULL,	0,	NULL,	1620,	NULL,	NULL),
(3630,	13726,	'2016-09-22 00:00:00',	'DB',	571,	NULL,	0,	NULL,	73,	NULL,	0,	NULL,	NULL),
(3631,	13685,	'2016-09-23 00:00:00',	NULL,	0,	NULL,	0,	NULL,	16200,	'RSR',	NULL,	NULL,	NULL),
(3632,	13774,	'2016-09-23 00:00:00',	'RSR',	6840,	'RSR',	0,	NULL,	0,	NULL,	0,	NULL,	NULL),
(3633,	13639,	'2016-09-23 00:00:00',	NULL,	0,	NULL,	0,	NULL,	768,	'RSR',	0,	NULL,	NULL),
(3635,	13534,	'2016-09-23 00:00:00',	NULL,	100,	'RSR',	0,	NULL,	0,	NULL,	0,	NULL,	NULL),
(3637,	13798,	'2016-09-23 00:00:00',	'RSR',	3888,	'RSR',	0,	NULL,	0,	NULL,	0,	NULL,	NULL),
(3638,	13596,	'2016-09-26 00:00:00',	'SW',	0,	NULL,	0,	NULL,	0,	NULL,	2400,	'SW',	NULL),
(3640,	13804,	'2016-09-26 00:00:00',	'DB',	192,	'NKG',	0,	NULL,	0,	NULL,	0,	NULL,	NULL),
(3641,	13823,	'2016-09-27 00:00:00',	'688',	53,	'688',	0,	NULL,	5,	'688',	0,	NULL,	NULL),
(3642,	13811,	'2016-09-27 00:00:00',	NULL,	0,	NULL,	0,	NULL,	756,	'4015',	0,	NULL,	NULL),
(3643,	13827,	'2016-09-28 00:00:00',	'RSR',	0,	NULL,	0,	NULL,	0,	NULL,	2592,	'RSR',	NULL),
(3645,	13833,	'2016-09-28 00:00:00',	'DB',	266,	NULL,	0,	NULL,	0,	NULL,	0,	NULL,	NULL),
(3646,	13826,	'2016-10-04 00:00:00',	'SW',	228,	'SW',	0,	NULL,	0,	NULL,	0,	NULL,	NULL),
(3647,	13820,	'2016-10-04 00:00:00',	'sw',	1000,	'SW',	0,	NULL,	0,	NULL,	0,	NULL,	NULL),
(3649,	13817,	'2016-10-05 00:00:00',	'DB',	7392,	NULL,	0,	NULL,	0,	NULL,	0,	NULL,	NULL),
(3650,	13835,	'2016-10-05 00:00:00',	'DB',	0,	NULL,	0,	NULL,	0,	NULL,	106,	NULL,	NULL),
(3657,	13883,	'2016-10-07 00:00:00',	'DB',	0,	NULL,	0,	NULL,	0,	NULL,	1060,	NULL,	NULL),
(3660,	13875,	'2016-10-07 00:00:00',	NULL,	0,	NULL,	0,	NULL,	977,	'NIGHTS',	0,	NULL,	NULL),
(3661,	13876,	'2016-10-07 00:00:00',	'4015',	36,	'4015',	0,	NULL,	0,	NULL,	0,	NULL,	NULL),
(3662,	13810,	'2016-10-11 00:00:00',	'SW',	0,	NULL,	0,	NULL,	0,	NULL,	270,	'sw',	NULL),
(3663,	13844,	'2016-10-12 00:00:00',	'DB',	241,	'4292',	0,	NULL,	9,	'4292',	0,	NULL,	NULL),
(3668,	13907,	'2016-10-12 00:00:00',	'DB',	250,	'BR',	0,	NULL,	0,	NULL,	0,	NULL,	NULL),
(3669,	13861,	'2016-10-12 00:00:00',	'4015',	0,	NULL,	0,	NULL,	0,	NULL,	150,	'4015',	NULL),
(3670,	13918,	'2016-10-14 00:00:00',	'DB',	2200,	NULL,	0,	NULL,	0,	NULL,	0,	NULL,	NULL),
(3671,	13836,	'2016-10-14 00:00:00',	'DB',	112,	'NKG',	0,	NULL,	0,	NULL,	0,	NULL,	NULL),
(3672,	13901,	'2016-10-14 00:00:00',	'DB',	0,	NULL,	0,	NULL,	0,	NULL,	1600,	NULL,	NULL),
(3673,	13900,	'2016-10-14 00:00:00',	'DB',	0,	NULL,	0,	NULL,	0,	NULL,	1600,	NULL,	NULL),
(3674,	13899,	'2016-10-14 00:00:00',	'DB',	1203,	NULL,	0,	NULL,	72,	NULL,	0,	NULL,	NULL),
(3676,	13927,	'2016-10-17 00:00:00',	'DB',	449,	'993',	0,	NULL,	1,	'993',	0,	NULL,	NULL),
(3681,	13930,	'2016-10-18 00:00:00',	'RSR',	0,	NULL,	0,	NULL,	0,	NULL,	1802,	'RSR',	NULL),
(3682,	13944,	'2016-10-20 00:00:00',	'G P',	10440,	'4015',	0,	NULL,	0,	NULL,	0,	NULL,	NULL),
(3683,	13949,	'2016-10-20 00:00:00',	'RSR',	0,	NULL,	0,	NULL,	0,	NULL,	240,	'RSR',	NULL),
(3684,	13921,	'2016-10-21 00:00:00',	'3909',	840,	'3909',	0,	NULL,	0,	NULL,	0,	NULL,	NULL),
(3685,	13933,	'2016-10-24 00:00:00',	NULL,	0,	NULL,	0,	NULL,	122,	'4015',	0,	NULL,	NULL),
(3686,	13958,	'2016-10-24 00:00:00',	NULL,	0,	NULL,	0,	NULL,	432,	'4015',	0,	NULL,	NULL),
(3687,	13902,	'2016-10-24 00:00:00',	'DB',	0,	NULL,	0,	NULL,	0,	NULL,	103,	NULL,	NULL),
(3688,	13948,	'2016-10-24 00:00:00',	NULL,	0,	NULL,	0,	NULL,	50,	NULL,	0,	NULL,	NULL),
(3691,	13920,	'2016-10-24 00:00:00',	'CD',	1728,	'CD',	0,	NULL,	0,	NULL,	0,	NULL,	NULL),
(3696,	13979,	'2016-10-26 00:00:00',	'3900',	1620,	'3900',	0,	NULL,	0,	NULL,	0,	NULL,	NULL),
(3697,	13905,	'2016-10-26 00:00:00',	'RSR',	0,	NULL,	0,	NULL,	0,	NULL,	380,	'RSR',	NULL),
(3700,	13897,	'2016-10-26 00:00:00',	'DB',	60,	'JK',	0,	NULL,	0,	NULL,	0,	NULL,	NULL),
(3704,	13986,	'2016-10-27 00:00:00',	'DB',	2250,	'653',	0,	NULL,	0,	NULL,	0,	NULL,	NULL),
(3706,	13963,	'2016-10-27 00:00:00',	NULL,	0,	NULL,	0,	NULL,	1188,	'SW',	0,	NULL,	NULL),
(3707,	13960,	'2016-10-27 00:00:00',	NULL,	0,	NULL,	0,	NULL,	1098,	'SW',	0,	NULL,	NULL),
(3708,	13953,	'2016-10-27 00:00:00',	NULL,	0,	NULL,	0,	NULL,	72,	'118',	2976,	'118',	NULL),
(3709,	13987,	'2016-10-27 00:00:00',	'DB',	0,	NULL,	0,	NULL,	0,	NULL,	266,	NULL,	NULL),
(3714,	13895,	'2016-10-28 00:00:00',	NULL,	0,	NULL,	0,	NULL,	39,	'Bonnie R',	0,	NULL,	NULL),
(3715,	13999,	'2016-10-31 00:00:00',	'DB',	0,	NULL,	0,	NULL,	0,	NULL,	450,	NULL,	NULL),
(3716,	13983,	'2016-10-31 00:00:00',	'DB',	198,	NULL,	0,	NULL,	2,	NULL,	0,	NULL,	NULL),
(3718,	13924,	'2016-10-31 00:00:00',	NULL,	0,	NULL,	0,	NULL,	142,	NULL,	0,	NULL,	NULL),
(3722,	13980,	'2016-10-31 00:00:00',	'DB',	0,	NULL,	0,	NULL,	0,	NULL,	450,	NULL,	NULL),
(3725,	13989,	'2016-10-31 00:00:00',	NULL,	0,	NULL,	0,	NULL,	858,	NULL,	0,	NULL,	NULL),
(3728,	13956,	'2016-10-31 00:00:00',	'DB',	1601,	NULL,	0,	NULL,	343,	NULL,	0,	NULL,	NULL),
(3729,	13831,	'2016-11-01 00:00:00',	'4015',	240,	'4015',	0,	NULL,	0,	NULL,	0,	NULL,	NULL),
(3730,	13967,	'2016-11-01 00:00:00',	'4015',	940,	NULL,	0,	NULL,	84,	'4015',	0,	NULL,	NULL),
(3731,	13799,	'2016-11-03 00:00:00',	NULL,	0,	NULL,	0,	NULL,	54,	NULL,	0,	NULL,	NULL),
(3732,	14030,	'2016-11-07 00:00:00',	NULL,	0,	NULL,	0,	NULL,	218,	'BR',	0,	NULL,	NULL),
(3733,	14022,	'2016-11-10 00:00:00',	'DB',	158,	'DK',	0,	NULL,	2,	'DK',	0,	NULL,	NULL),
(3736,	14048,	'2016-11-15 00:00:00',	'4015',	0,	NULL,	0,	NULL,	0,	NULL,	432,	'4015',	NULL),
(3737,	14055,	'2016-11-15 00:00:00',	'4015',	5937,	'4015',	0,	NULL,	63,	NULL,	0,	NULL,	NULL),
(3738,	14060,	'2016-11-15 00:00:00',	'4015',	231,	'4015',	0,	NULL,	9,	NULL,	0,	NULL,	NULL),
(3739,	14059,	'2016-11-15 00:00:00',	'4015',	230,	'4015',	0,	NULL,	0,	NULL,	0,	NULL,	NULL),
(3740,	14069,	'2016-11-15 00:00:00',	'4015',	1565,	NULL,	0,	NULL,	118,	'561',	0,	NULL,	NULL),
(3741,	14042,	'2016-11-15 00:00:00',	NULL,	0,	NULL,	0,	NULL,	0,	NULL,	0,	NULL,	NULL),
(3742,	14027,	'2016-11-16 00:00:00',	NULL,	0,	NULL,	0,	NULL,	0,	NULL,	0,	NULL,	NULL),
(3743,	14064,	'2016-11-17 00:00:00',	'DB',	0,	NULL,	0,	NULL,	26,	NULL,	0,	NULL,	NULL),
(3745,	14084,	'2016-11-17 00:00:00',	'DB',	400,	'BR',	0,	NULL,	0,	NULL,	0,	NULL,	NULL),
(3747,	14074,	'2016-11-17 00:00:00',	'DB',	250,	'BR',	0,	NULL,	0,	NULL,	0,	NULL,	NULL),
(3749,	14037,	'2016-11-17 00:00:00',	'DB',	5400,	NULL,	0,	NULL,	0,	NULL,	0,	NULL,	NULL),
(3751,	14007,	'2016-11-18 00:00:00',	NULL,	0,	NULL,	0,	NULL,	120,	'RSR',	0,	NULL,	NULL),
(3752,	13961,	'2016-11-18 00:00:00',	NULL,	0,	NULL,	0,	NULL,	0,	NULL,	12000,	'RSR/BC',	NULL),
(3753,	13952,	'2016-11-18 00:00:00',	NULL,	0,	NULL,	0,	NULL,	0,	NULL,	3888,	'RSR/BC',	NULL),
(3754,	13966,	'2016-11-18 00:00:00',	'RSR/BC',	0,	NULL,	0,	NULL,	0,	NULL,	4896,	'RSR/BC',	NULL),
(3756,	13856,	'2016-11-18 00:00:00',	'RSR/BC',	0,	NULL,	0,	NULL,	0,	NULL,	1200,	'RSR/BC',	NULL),
(3757,	14043,	'2016-11-18 00:00:00',	'RSR/BC',	1620,	'RSR/BC',	0,	NULL,	0,	NULL,	0,	NULL,	NULL),
(3758,	14031,	'2016-11-18 00:00:00',	'RSR/BC',	0,	NULL,	0,	NULL,	0,	NULL,	2880,	'RSR/BC',	NULL),
(3759,	14010,	'2016-11-18 00:00:00',	NULL,	0,	NULL,	0,	NULL,	286,	'RSR',	0,	NULL,	NULL),
(3760,	14015,	'2016-11-18 00:00:00',	'4015',	96,	NULL,	0,	NULL,	4,	'4015',	0,	'4015',	NULL),
(3761,	14021,	'2016-11-18 00:00:00',	'RSR/BC',	0,	'RSR/BC',	0,	NULL,	0,	NULL,	0,	NULL,	NULL),
(3764,	14116,	'2016-11-22 00:00:00',	'RSR',	0,	NULL,	0,	NULL,	0,	NULL,	160,	'RSR',	NULL),
(3765,	14008,	'2016-11-22 00:00:00',	NULL,	0,	NULL,	0,	NULL,	168,	'4015',	0,	NULL,	NULL),
(3766,	14114,	'2016-11-23 00:00:00',	'SW',	4650,	'SW',	0,	NULL,	0,	NULL,	0,	NULL,	NULL),
(3767,	14066,	'2016-11-23 00:00:00',	'DB',	94,	'JC',	0,	NULL,	21,	'JC',	0,	NULL,	NULL),
(3769,	14094,	'2016-11-24 00:00:00',	NULL,	0,	NULL,	0,	NULL,	4000,	'4015',	0,	NULL,	NULL),
(3770,	14095,	'2016-11-24 00:00:00',	'4015',	1800,	'4015',	0,	NULL,	0,	NULL,	0,	NULL,	NULL),
(3771,	14118,	'2016-11-24 00:00:00',	'4015',	360,	'4015',	0,	NULL,	0,	NULL,	0,	NULL,	NULL),
(3772,	14124,	'2016-11-24 00:00:00',	NULL,	0,	NULL,	0,	NULL,	0,	NULL,	0,	NULL,	NULL),
(3773,	14147,	'2016-11-29 00:00:00',	'RSR',	1728,	'RSR',	0,	NULL,	0,	'RSR',	0,	NULL,	NULL),
(3774,	14154,	'2016-12-01 00:00:00',	'RSR',	0,	NULL,	0,	NULL,	0,	NULL,	988,	'RSR',	NULL),
(3775,	14157,	'2016-12-02 00:00:00',	'RSR',	0,	NULL,	0,	NULL,	6,	'RSR',	186,	'RSR',	NULL),
(3776,	14078,	'2016-12-05 00:00:00',	'DB',	0,	NULL,	0,	NULL,	0,	NULL,	3600,	NULL,	NULL),
(3782,	14160,	'2016-12-07 00:00:00',	NULL,	0,	NULL,	0,	NULL,	1720,	NULL,	0,	NULL,	NULL),
(3783,	14142,	'2016-12-07 00:00:00',	NULL,	0,	NULL,	0,	NULL,	100,	NULL,	0,	NULL,	NULL),
(3791,	14110,	'2016-12-09 00:00:00',	'RSR',	1620,	'RSR',	0,	NULL,	0,	NULL,	0,	NULL,	NULL),
(3792,	14189,	'2016-12-09 00:00:00',	'RSR',	1064,	'RSR',	0,	NULL,	0,	NULL,	0,	NULL,	NULL),
(3793,	13977,	'2016-12-09 00:00:00',	'RSR',	0,	NULL,	0,	NULL,	0,	NULL,	80,	'RSR',	NULL),
(3795,	14188,	'2016-12-09 00:00:00',	'RSR',	0,	NULL,	0,	NULL,	0,	NULL,	352,	'RSR',	NULL),
(3796,	14166,	'2016-12-09 00:00:00',	'RSR',	0,	NULL,	0,	NULL,	0,	NULL,	209,	'RSR',	NULL),
(3797,	14161,	'2016-12-09 00:00:00',	'RSR',	0,	NULL,	0,	NULL,	0,	NULL,	140,	'RSR',	NULL),
(3798,	14159,	'2016-12-09 00:00:00',	'RSR',	0,	NULL,	0,	NULL,	0,	NULL,	1250,	'RSR',	NULL),
(3799,	14180,	'2016-12-09 00:00:00',	NULL,	0,	NULL,	0,	NULL,	500,	'4015',	0,	NULL,	NULL),
(3800,	14206,	'2016-12-12 00:00:00',	'RSR',	0,	NULL,	0,	NULL,	0,	NULL,	97,	'RSR',	NULL),
(3804,	14174,	'2016-12-13 00:00:00',	'RSR',	0,	NULL,	0,	NULL,	0,	NULL,	483,	'RSR',	NULL),
(3805,	14175,	'2016-12-13 00:00:00',	'RSR',	0,	NULL,	0,	NULL,	0,	NULL,	40,	'RSR',	NULL),
(3806,	14191,	'2016-12-16 00:00:00',	'rsr',	250,	'RSR',	0,	NULL,	0,	NULL,	0,	NULL,	NULL),
(3807,	14208,	'2016-12-16 00:00:00',	'rsr',	1620,	'rsr',	0,	NULL,	0,	NULL,	0,	NULL,	NULL),
(3808,	14203,	'2016-12-19 00:00:00',	NULL,	0,	NULL,	0,	NULL,	500,	'5626',	0,	NULL,	NULL),
(3809,	14279,	'2016-12-20 00:00:00',	'RSR',	0,	NULL,	0,	NULL,	0,	NULL,	896,	'RSR',	NULL),
(3810,	14192,	'2016-12-21 00:00:00',	'RSR',	302,	'RSR',	0,	NULL,	0,	NULL,	0,	NULL,	NULL),
(3814,	14292,	'2016-12-21 00:00:00',	'KF',	19975,	'KF',	0,	NULL,	25,	'KF',	0,	NULL,	NULL),
(3815,	14213,	'2016-12-21 00:00:00',	NULL,	0,	NULL,	0,	NULL,	2700,	'KF',	0,	NULL,	NULL),
(3816,	14127,	'2016-12-21 00:00:00',	NULL,	0,	NULL,	0,	NULL,	97,	'KF',	0,	NULL,	NULL),
(3817,	14261,	'2016-12-21 00:00:00',	NULL,	0,	NULL,	0,	NULL,	172,	'kf',	0,	NULL,	NULL),
(3818,	14209,	'2016-12-21 00:00:00',	NULL,	0,	NULL,	0,	NULL,	204,	'kf',	0,	NULL,	NULL),
(3819,	14242,	'2016-12-21 00:00:00',	NULL,	0,	NULL,	0,	NULL,	468,	'kf',	0,	NULL,	NULL),
(3822,	14259,	'2016-12-21 00:00:00',	NULL,	0,	NULL,	0,	NULL,	108,	'KF',	0,	NULL,	NULL),
(3827,	14289,	'2016-12-21 00:00:00',	'DB',	0,	NULL,	0,	NULL,	0,	NULL,	550,	NULL,	NULL),
(3828,	14268,	'2016-12-21 00:00:00',	'DB',	1000,	'MC',	0,	NULL,	0,	NULL,	0,	NULL,	NULL),
(3829,	14274,	'2016-12-21 00:00:00',	'DB',	0,	NULL,	0,	NULL,	0,	NULL,	3000,	NULL,	NULL),
(3830,	14296,	'2016-12-22 00:00:00',	'SW',	0,	NULL,	0,	NULL,	0,	NULL,	1140,	'SW',	NULL),
(3831,	14297,	'2016-12-22 00:00:00',	'sw',	0,	NULL,	0,	NULL,	0,	NULL,	720,	'sw',	NULL),
(3832,	14299,	'2016-12-22 00:00:00',	'sw',	0,	NULL,	0,	NULL,	0,	NULL,	21060,	'sw',	NULL),
(3837,	14267,	'2017-01-02 00:00:00',	NULL,	0,	NULL,	0,	NULL,	680,	NULL,	0,	NULL,	NULL),
(3841,	14145,	'2017-01-02 00:00:00',	NULL,	0,	NULL,	0,	NULL,	51,	NULL,	0,	NULL,	NULL),
(3844,	14277,	'2017-01-02 00:00:00',	NULL,	0,	NULL,	0,	NULL,	1087,	NULL,	0,	NULL,	NULL),
(3846,	14298,	'2017-01-09 00:00:00',	NULL,	NULL,	NULL,	0,	NULL,	1333,	'sw',	0,	NULL,	NULL),
(3847,	14346,	'2017-01-10 00:00:00',	'4015',	2875,	'4015',	0,	NULL,	5,	'4015',	0,	NULL,	NULL),
(3848,	14336,	'2017-01-10 00:00:00',	NULL,	0,	NULL,	0,	NULL,	32,	NULL,	0,	NULL,	NULL),
(3850,	14345,	'2017-01-10 00:00:00',	'DB',	0,	NULL,	0,	NULL,	0,	NULL,	18000,	NULL,	NULL),
(3851,	14276,	'2017-01-10 00:00:00',	'DB',	208,	NULL,	0,	NULL,	0,	NULL,	0,	NULL,	NULL),
(3852,	14352,	'2017-01-10 00:00:00',	'DB',	0,	NULL,	0,	NULL,	0,	NULL,	216,	NULL,	NULL),
(3853,	14349,	'2017-01-10 00:00:00',	'rsr',	198,	NULL,	0,	NULL,	2,	'rsr',	0,	NULL,	NULL),
(3854,	14355,	'2017-01-11 00:00:00',	'4015',	11900,	'4015',	0,	NULL,	100,	'4015',	0,	NULL,	NULL),
(3860,	14370,	'2017-01-11 00:00:00',	'DB',	70,	NULL,	0,	NULL,	0,	NULL,	0,	NULL,	NULL),
(3863,	14271,	'2017-01-11 00:00:00',	'DB',	0,	NULL,	0,	NULL,	0,	NULL,	981,	NULL,	NULL),
(3864,	14164,	'2017-01-12 00:00:00',	'SW',	0,	NULL,	0,	NULL,	0,	NULL,	890,	'SW',	NULL),
(3865,	14381,	'2017-01-13 00:00:00',	'DB',	322,	'966',	0,	NULL,	8,	'966',	0,	NULL,	NULL),
(3866,	14294,	'2017-01-16 00:00:00',	'rsr',	1500,	'RSR',	0,	NULL,	0,	NULL,	0,	NULL,	NULL),
(3867,	14295,	'2017-01-16 00:00:00',	'rsr',	0,	NULL,	0,	NULL,	0,	NULL,	540,	'rsr',	NULL),
(3868,	14300,	'2017-01-16 00:00:00',	'rsr',	1170,	'rsr',	0,	NULL,	0,	NULL,	0,	NULL,	NULL),
(3869,	14301,	'2017-01-16 00:00:00',	'rsr',	1000,	'rsr',	0,	NULL,	0,	NULL,	0,	NULL,	NULL),
(3871,	14373,	'2017-01-17 00:00:00',	NULL,	0,	NULL,	0,	NULL,	0,	NULL,	0,	NULL,	NULL),
(3873,	14278,	'2017-01-18 00:00:00',	NULL,	0,	NULL,	0,	NULL,	9450,	NULL,	0,	NULL,	NULL),
(3876,	14389,	'2017-01-18 00:00:00',	'DB',	306,	NULL,	0,	NULL,	24,	'BR',	0,	NULL,	NULL),
(3882,	14306,	'2017-01-18 00:00:00',	'DB',	1596,	'NKG',	0,	NULL,	0,	NULL,	0,	NULL,	NULL),
(3886,	14414,	'2017-01-19 00:00:00',	'DB',	98,	'JC',	0,	NULL,	0,	NULL,	0,	NULL,	NULL),
(3892,	14431,	'2017-01-23 00:00:00',	'DB',	330,	'BR',	0,	NULL,	0,	NULL,	0,	NULL,	NULL),
(3893,	14445,	'2017-01-24 00:00:00',	'DB',	1980,	'5026',	0,	NULL,	0,	NULL,	0,	NULL,	NULL),
(3895,	14457,	'2017-01-24 00:00:00',	NULL,	0,	NULL,	0,	NULL,	170,	'KF',	0,	NULL,	NULL),
(3896,	14396,	'2017-01-24 00:00:00',	'RSR',	0,	NULL,	0,	NULL,	0,	NULL,	288,	'RSR',	NULL),
(3897,	14423,	'2017-01-25 00:00:00',	'RSR',	0,	NULL,	0,	NULL,	0,	NULL,	2240,	'RSR',	NULL),
(3900,	14391,	'2017-01-25 00:00:00',	'DB',	981,	'SB',	0,	NULL,	119,	'SB',	0,	NULL,	NULL),
(3901,	14392,	'2017-01-25 00:00:00',	'DB',	1100,	'MM',	0,	NULL,	0,	NULL,	0,	NULL,	NULL),
(3910,	14468,	'2017-01-26 00:00:00',	'4015',	4320,	'4015',	0,	NULL,	0,	NULL,	0,	NULL,	NULL),
(3911,	14399,	'2017-01-27 00:00:00',	'rsr',	0,	NULL,	0,	NULL,	36,	'rsr',	714,	'rsr',	NULL),
(3912,	14442,	'2017-01-30 00:00:00',	NULL,	0,	NULL,	0,	NULL,	1700,	'SW',	0,	NULL,	NULL),
(3913,	14419,	'2017-01-30 00:00:00',	'4281',	200,	'4281',	0,	NULL,	36,	'4281',	0,	NULL,	NULL),
(3914,	14500,	'2017-01-30 00:00:00',	'RSR',	0,	NULL,	0,	NULL,	0,	NULL,	160,	'RSR',	NULL),
(3915,	14501,	'2017-01-30 00:00:00',	NULL,	0,	NULL,	0,	NULL,	234,	'4015',	0,	NULL,	NULL),
(3916,	14504,	'2017-01-30 00:00:00',	NULL,	0,	NULL,	0,	NULL,	528,	'4015',	0,	NULL,	NULL),
(3917,	14374,	'2017-01-30 00:00:00',	'RSR',	0,	NULL,	0,	NULL,	0,	NULL,	160,	'RSR',	NULL),
(3918,	14375,	'2017-01-30 00:00:00',	'RSR',	0,	NULL,	0,	NULL,	0,	NULL,	160,	'RSR',	NULL),
(3920,	14488,	'2017-01-31 00:00:00',	NULL,	0,	NULL,	0,	NULL,	2100,	'3933',	0,	NULL,	NULL),
(3922,	14519,	'2017-01-31 00:00:00',	'RSR',	0,	NULL,	0,	NULL,	0,	NULL,	160,	'RSR',	NULL),
(3923,	14526,	'2017-02-01 00:00:00',	'RSR',	0,	NULL,	0,	NULL,	1812,	'RSR',	688,	'RSR',	NULL),
(3925,	14497,	'2017-02-02 00:00:00',	'DB',	250,	'9739',	0,	NULL,	0,	NULL,	0,	NULL,	NULL),
(3931,	14485,	'2017-02-02 00:00:00',	'DB',	0,	NULL,	0,	NULL,	0,	NULL,	3960,	NULL,	NULL),
(3934,	14393,	'2017-02-02 00:00:00',	'DB',	95,	NULL,	0,	NULL,	0,	NULL,	0,	NULL,	NULL),
(3938,	14406,	'2017-02-03 00:00:00',	'4015',	50,	'4015',	0,	NULL,	0,	NULL,	0,	NULL,	NULL),
(3939,	14407,	'2017-02-03 00:00:00',	'4015',	145,	'4015',	0,	NULL,	0,	NULL,	0,	NULL,	NULL),
(3940,	14412,	'2017-02-03 00:00:00',	'4015',	350,	'4015',	0,	NULL,	116,	NULL,	0,	NULL,	NULL),
(3941,	14422,	'2017-02-03 00:00:00',	'4015',	433,	'4015',	0,	NULL,	0,	NULL,	0,	NULL,	NULL),
(3942,	14467,	'2017-02-03 00:00:00',	'4015',	135,	'4015',	0,	NULL,	0,	NULL,	0,	NULL,	NULL),
(3943,	14539,	'2017-02-03 00:00:00',	'4015',	6335,	'4015',	0,	NULL,	145,	NULL,	0,	NULL,	NULL),
(3944,	14553,	'2017-02-07 00:00:00',	NULL,	0,	NULL,	0,	NULL,	1470,	'1594',	0,	NULL,	NULL),
(3951,	14552,	'2017-02-09 00:00:00',	'RSR',	0,	NULL,	0,	NULL,	262,	'RSR',	1338,	'RSR',	NULL),
(3952,	14554,	'2017-02-09 00:00:00',	NULL,	0,	NULL,	0,	NULL,	138,	NULL,	0,	NULL,	NULL),
(3953,	14551,	'2017-02-09 00:00:00',	'DB',	32,	NULL,	0,	NULL,	4,	NULL,	0,	NULL,	NULL),
(3955,	14403,	'2017-02-09 00:00:00',	'DB',	168,	'911',	0,	NULL,	0,	NULL,	0,	NULL,	NULL),
(3957,	14434,	'2017-02-09 00:00:00',	'DB',	142,	NULL,	0,	NULL,	2,	NULL,	0,	NULL,	NULL),
(3960,	14556,	'2017-02-09 00:00:00',	'DB',	89,	'db',	0,	NULL,	12,	'db',	0,	NULL,	NULL),
(3966,	14496,	'2017-02-09 00:00:00',	'DB',	1100,	NULL,	0,	NULL,	0,	NULL,	0,	NULL,	NULL),
(3974,	14417,	'2017-02-10 00:00:00',	NULL,	0,	NULL,	0,	NULL,	428,	'4015',	0,	NULL,	NULL),
(3975,	14566,	'2017-02-10 00:00:00',	NULL,	0,	NULL,	0,	NULL,	0,	NULL,	0,	NULL,	NULL),
(3976,	14441,	'2017-02-13 00:00:00',	'rsr',	0,	NULL,	0,	NULL,	0,	NULL,	3530,	'rsr',	NULL),
(3977,	14604,	'2017-02-13 00:00:00',	NULL,	0,	NULL,	0,	NULL,	460,	'rsr',	0,	NULL,	NULL),
(3978,	14605,	'2017-02-13 00:00:00',	'rsr',	0,	NULL,	0,	NULL,	0,	NULL,	760,	'rsr',	NULL),
(3979,	14622,	'2017-02-14 00:00:00',	'rsr',	840,	'3900',	0,	NULL,	0,	NULL,	0,	NULL,	NULL),
(3983,	14598,	'2017-02-15 00:00:00',	'DB',	9504,	NULL,	0,	NULL,	0,	NULL,	0,	NULL,	NULL),
(3984,	14354,	'2017-02-15 00:00:00',	NULL,	0,	NULL,	0,	NULL,	1440,	'rsr',	0,	NULL,	NULL),
(3985,	14397,	'2017-02-15 00:00:00',	'RSR',	0,	NULL,	0,	NULL,	0,	NULL,	2880,	'RSR',	NULL),
(3986,	14420,	'2017-02-15 00:00:00',	NULL,	0,	NULL,	0,	NULL,	1140,	'rsr',	0,	NULL,	NULL),
(3987,	14400,	'2017-02-15 00:00:00',	'RSR',	0,	NULL,	0,	NULL,	0,	NULL,	3528,	'RSR',	NULL),
(3988,	14462,	'2017-02-15 00:00:00',	'rsr',	0,	NULL,	0,	NULL,	0,	NULL,	892,	'rsr',	NULL),
(3989,	14542,	'2017-02-15 00:00:00',	'rsr',	0,	NULL,	0,	NULL,	30,	'rsr',	0,	NULL,	NULL),
(3990,	14574,	'2017-02-15 00:00:00',	'rsr',	0,	NULL,	0,	NULL,	0,	NULL,	59,	'rsr',	NULL),
(3991,	14244,	'2017-02-15 00:00:00',	NULL,	0,	NULL,	0,	NULL,	152,	'rsr',	0,	NULL,	NULL),
(3992,	14390,	'2017-02-15 00:00:00',	NULL,	0,	NULL,	0,	NULL,	300,	'rsr',	0,	NULL,	NULL),
(3993,	14395,	'2017-02-15 00:00:00',	NULL,	0,	NULL,	0,	NULL,	69,	'rsr',	0,	NULL,	NULL),
(3994,	14398,	'2017-02-15 00:00:00',	NULL,	0,	NULL,	0,	NULL,	750,	'rsr',	0,	NULL,	NULL),
(3995,	14409,	'2017-02-15 00:00:00',	'rsr',	0,	NULL,	0,	NULL,	0,	NULL,	288,	'rsr',	NULL),
(3996,	14402,	'2017-02-15 00:00:00',	NULL,	0,	NULL,	0,	NULL,	64,	'rsr',	0,	NULL,	NULL),
(3997,	14647,	'2017-02-15 00:00:00',	'4015',	2700,	'4015',	0,	NULL,	0,	NULL,	0,	NULL,	NULL),
(3998,	14638,	'2017-02-15 00:00:00',	'4015',	77,	'4015',	0,	NULL,	0,	NULL,	0,	NULL,	NULL),
(3999,	14631,	'2017-02-15 00:00:00',	NULL,	0,	NULL,	0,	NULL,	0,	NULL,	0,	NULL,	NULL),
(4000,	14642,	'2017-02-15 00:00:00',	NULL,	0,	NULL,	0,	NULL,	6,	'4015',	0,	NULL,	NULL),
(4001,	14646,	'2017-02-15 00:00:00',	NULL,	0,	NULL,	0,	NULL,	0,	NULL,	0,	NULL,	NULL),
(4002,	14531,	'2017-02-15 00:00:00',	NULL,	0,	NULL,	0,	NULL,	40,	'DB',	0,	NULL,	NULL),
(4003,	14495,	'2017-02-15 00:00:00',	'DB',	339,	NULL,	0,	NULL,	0,	NULL,	0,	NULL,	NULL),
(4004,	14498,	'2017-02-15 00:00:00',	'DB',	400,	'JK',	0,	NULL,	0,	NULL,	0,	NULL,	NULL),
(4005,	14599,	'2017-02-15 00:00:00',	'DB',	5852,	'NKG',	0,	NULL,	0,	NULL,	0,	NULL,	NULL),
(4006,	14587,	'2017-02-15 00:00:00',	'DB',	7528,	'4852',	0,	NULL,	62,	NULL,	0,	NULL,	NULL),
(4007,	14672,	'2017-02-17 00:00:00',	NULL,	1100,	'4015',	0,	NULL,	0,	NULL,	0,	NULL,	NULL),
(4008,	14678,	'2017-02-17 00:00:00',	'rsr',	0,	NULL,	0,	NULL,	37,	'rsr',	63,	'rsr',	NULL),
(4009,	14657,	'2017-02-17 00:00:00',	'DB',	591,	'993',	0,	NULL,	9,	'993',	0,	NULL,	NULL),
(4015,	14674,	'2017-02-23 00:00:00',	'4015',	400,	'4015',	0,	NULL,	0,	NULL,	0,	NULL,	NULL),
(4016,	14670,	'2017-02-23 00:00:00',	'4015',	80,	'4015',	0,	NULL,	0,	NULL,	0,	NULL,	NULL),
(4017,	14669,	'2017-02-23 00:00:00',	NULL,	900,	'4015',	0,	NULL,	0,	NULL,	0,	NULL,	NULL),
(4018,	14665,	'2017-02-23 00:00:00',	'4015',	1080,	'4015',	0,	NULL,	0,	NULL,	0,	NULL,	NULL),
(4019,	14650,	'2017-02-23 00:00:00',	NULL,	0,	NULL,	0,	NULL,	0,	NULL,	0,	NULL,	NULL),
(4021,	14643,	'2017-02-23 00:00:00',	NULL,	40,	'4015',	0,	NULL,	0,	NULL,	0,	NULL,	NULL),
(4022,	14641,	'2017-02-23 00:00:00',	NULL,	225,	'4015',	0,	NULL,	0,	NULL,	0,	NULL,	NULL),
(4024,	14639,	'2017-02-23 00:00:00',	NULL,	0,	NULL,	0,	NULL,	0,	NULL,	0,	NULL,	NULL),
(4025,	14714,	'2017-02-24 00:00:00',	NULL,	0,	NULL,	0,	NULL,	650,	NULL,	0,	NULL,	NULL),
(4026,	14715,	'2017-02-24 00:00:00',	NULL,	0,	NULL,	0,	NULL,	0,	NULL,	0,	NULL,	NULL),
(4027,	14710,	'2017-02-24 00:00:00',	NULL,	1440,	NULL,	0,	NULL,	60,	NULL,	0,	NULL,	NULL),
(4028,	14662,	'2017-02-24 00:00:00',	NULL,	250,	'4015',	0,	NULL,	0,	NULL,	0,	NULL,	NULL),
(4031,	14675,	'2017-02-24 00:00:00',	'DB',	5277,	NULL,	0,	NULL,	3,	NULL,	0,	NULL,	NULL),
(4038,	14687,	'2017-02-24 00:00:00',	'DB',	0,	NULL,	0,	NULL,	0,	NULL,	1000,	NULL,	NULL),
(4040,	14591,	'2017-02-24 00:00:00',	'DB',	0,	NULL,	0,	NULL,	95,	NULL,	0,	NULL,	NULL),
(4041,	14518,	'2017-02-24 00:00:00',	'DB',	63,	'9667',	0,	NULL,	231,	'9667',	0,	NULL,	NULL),
(4042,	14499,	'2017-02-24 00:00:00',	'DB',	96,	'9667',	0,	NULL,	263,	'9667',	0,	NULL,	NULL),
(4043,	14535,	'2017-02-24 00:00:00',	'DB',	56,	NULL,	0,	NULL,	222,	NULL,	0,	NULL,	NULL),
(4044,	14653,	'2017-02-24 00:00:00',	'DB',	50,	'NKG',	0,	NULL,	0,	NULL,	0,	NULL,	NULL),
(4047,	14683,	'2017-02-24 00:00:00',	'DB',	19,	NULL,	0,	NULL,	642,	NULL,	0,	NULL,	NULL),
(4049,	14660,	'2017-03-06 00:00:00',	'DB',	266,	NULL,	0,	NULL,	0,	NULL,	0,	NULL,	NULL),
(4050,	14508,	'2017-03-06 00:00:00',	'DB',	112,	'NKG',	0,	NULL,	0,	NULL,	0,	NULL,	NULL),
(4051,	14659,	'2017-03-06 00:00:00',	'DB',	266,	'NKG',	0,	NULL,	0,	NULL,	0,	NULL,	NULL),
(4052,	14775,	'2017-03-06 00:00:00',	NULL,	0,	NULL,	0,	NULL,	14,	'RSR',	0,	NULL,	NULL),
(4054,	14726,	'2017-03-06 00:00:00',	'4015',	3950,	'4015',	0,	NULL,	30,	'4015',	0,	NULL,	NULL),
(4055,	14728,	'2017-03-07 00:00:00',	'RSR',	0,	NULL,	0,	NULL,	40,	'SB',	8000,	'SB',	NULL),
(4056,	14801,	'2017-03-07 00:00:00',	NULL,	1100,	'4015',	0,	NULL,	0,	NULL,	0,	NULL,	NULL),
(4059,	14738,	'2017-03-14 00:00:00',	'DB',	2700,	NULL,	0,	NULL,	0,	NULL,	0,	NULL,	NULL),
(4061,	14741,	'2017-03-14 00:00:00',	'DB',	250,	NULL,	0,	NULL,	0,	NULL,	0,	NULL,	NULL),
(4063,	14778,	'2017-03-14 00:00:00',	'DB',	7,	NULL,	0,	NULL,	121,	'978',	0,	NULL,	NULL),
(4065,	14796,	'2017-03-14 00:00:00',	'DB',	7,	NULL,	0,	NULL,	121,	NULL,	0,	NULL,	NULL),
(4066,	14828,	'2017-03-14 00:00:00',	NULL,	0,	NULL,	0,	NULL,	456,	NULL,	0,	NULL,	NULL),
(4067,	14795,	'2017-03-14 00:00:00',	'DB',	1041,	'940',	0,	NULL,	159,	NULL,	0,	NULL,	NULL),
(4072,	14421,	'2017-03-15 00:00:00',	NULL,	0,	NULL,	0,	NULL,	160,	'RSR',	0,	NULL,	NULL),
(4073,	14736,	'2017-03-16 00:00:00',	'DB',	657,	'672',	0,	NULL,	15,	NULL,	0,	NULL,	NULL),
(4074,	14658,	'2017-03-16 00:00:00',	NULL,	0,	NULL,	0,	NULL,	0,	NULL,	0,	NULL,	NULL),
(4075,	14860,	'2017-03-20 00:00:00',	'4015',	360,	'4015',	0,	NULL,	0,	NULL,	0,	NULL,	NULL),
(4076,	14865,	'2017-03-20 00:00:00',	'4015',	1080,	'4015',	0,	NULL,	0,	NULL,	0,	NULL,	NULL),
(4077,	14861,	'2017-03-20 00:00:00',	'4015',	337,	'4015',	0,	NULL,	0,	NULL,	0,	NULL,	NULL),
(4079,	14757,	'2017-03-22 00:00:00',	NULL,	0,	NULL,	0,	NULL,	70,	'4015',	0,	NULL,	NULL),
(4080,	14888,	'2017-03-24 00:00:00',	'4015',	4000,	'4015',	0,	NULL,	0,	NULL,	0,	NULL,	NULL),
(4081,	14896,	'2017-03-24 00:00:00',	'4015',	1700,	'4015',	0,	NULL,	0,	NULL,	0,	NULL,	NULL),
(4082,	14844,	'2017-03-24 00:00:00',	NULL,	0,	NULL,	0,	NULL,	0,	NULL,	0,	NULL,	NULL),
(4083,	14847,	'2017-03-27 00:00:00',	NULL,	0,	NULL,	0,	NULL,	300,	'4015',	0,	NULL,	NULL),
(4084,	14848,	'2017-03-27 00:00:00',	NULL,	0,	NULL,	0,	NULL,	340,	'4015',	0,	NULL,	NULL),
(4085,	14846,	'2017-03-27 00:00:00',	NULL,	0,	NULL,	0,	NULL,	336,	'4015',	0,	NULL,	NULL),
(4086,	14868,	'2017-03-27 00:00:00',	'3986',	25,	'4015',	0,	NULL,	10,	NULL,	0,	NULL,	NULL),
(4089,	14845,	'2017-03-28 00:00:00',	NULL,	0,	NULL,	0,	NULL,	300,	'4015',	0,	NULL,	NULL),
(4090,	14849,	'2017-03-28 00:00:00',	NULL,	0,	NULL,	0,	NULL,	447,	'4015',	0,	NULL,	NULL),
(4091,	14901,	'2017-03-28 00:00:00',	'4015',	1296,	'4015',	0,	NULL,	0,	NULL,	0,	NULL,	NULL),
(4092,	14920,	'2017-03-29 00:00:00',	'4015',	150,	'4015',	0,	NULL,	0,	NULL,	0,	NULL,	NULL),
(4094,	14835,	'2017-03-30 00:00:00',	'DB',	1100,	NULL,	0,	NULL,	0,	NULL,	0,	NULL,	NULL),
(4095,	14853,	'2017-03-30 00:00:00',	'DB',	108,	NULL,	0,	NULL,	47,	NULL,	0,	NULL,	NULL),
(4097,	14761,	'2017-03-30 00:00:00',	NULL,	0,	NULL,	0,	NULL,	57,	NULL,	0,	NULL,	NULL),
(4098,	14783,	'2017-03-30 00:00:00',	NULL,	0,	NULL,	0,	NULL,	92,	NULL,	0,	NULL,	NULL),
(4100,	14907,	'2017-03-30 00:00:00',	'DB',	317,	NULL,	0,	NULL,	343,	'DM',	0,	NULL,	NULL),
(4101,	14902,	'2017-03-30 00:00:00',	NULL,	0,	NULL,	0,	NULL,	80,	'BR',	0,	NULL,	NULL),
(4102,	14739,	'2017-03-30 00:00:00',	NULL,	0,	NULL,	0,	NULL,	3132,	NULL,	0,	NULL,	NULL),
(4106,	14852,	'2017-03-30 00:00:00',	'RSR',	0,	NULL,	0,	NULL,	64,	'RSR',	28,	'RSR',	NULL),
(4107,	14684,	'2017-03-31 00:00:00',	'DB',	264,	'262',	0,	NULL,	60,	'262',	0,	NULL,	NULL),
(4113,	14925,	'2017-03-31 00:00:00',	'RSR',	0,	NULL,	0,	NULL,	41,	'RSR',	121,	'RSR',	NULL),
(4114,	14923,	'2017-03-31 00:00:00',	'RSR',	0,	NULL,	0,	NULL,	0,	NULL,	125,	'RSR',	NULL),
(4116,	14894,	'2017-03-31 00:00:00',	NULL,	0,	NULL,	0,	NULL,	47,	'RSR',	0,	NULL,	NULL),
(4117,	14854,	'2017-03-31 00:00:00',	'RSR',	0,	NULL,	0,	NULL,	0,	NULL,	99,	'RSR',	NULL),
(4118,	14819,	'2017-03-31 00:00:00',	NULL,	0,	NULL,	0,	NULL,	2700,	'RSR',	0,	NULL,	NULL),
(4119,	14926,	'2017-03-31 00:00:00',	'DB',	427,	'262',	0,	NULL,	3,	NULL,	0,	NULL,	NULL),
(4120,	14938,	'2017-03-31 00:00:00',	'4015',	712,	'4015',	0,	NULL,	0,	NULL,	0,	NULL,	NULL),
(4121,	14939,	'2017-04-03 00:00:00',	NULL,	0,	NULL,	0,	NULL,	209,	'RSR',	0,	NULL,	NULL),
(4122,	14941,	'2017-04-03 00:00:00',	NULL,	0,	NULL,	0,	NULL,	2880,	'4015',	0,	NULL,	NULL),
(4123,	14942,	'2017-04-03 00:00:00',	NULL,	0,	NULL,	0,	NULL,	2000,	'4015',	0,	NULL,	NULL),
(4124,	14940,	'2017-04-03 00:00:00',	NULL,	0,	NULL,	0,	NULL,	4000,	NULL,	0,	NULL,	NULL),
(4125,	14978,	'2017-04-05 00:00:00',	'3928',	450,	'3928',	0,	NULL,	0,	NULL,	0,	NULL,	NULL),
(4126,	14993,	'2017-04-10 00:00:00',	'DB',	0,	NULL,	0,	NULL,	0,	NULL,	6500,	'DB',	NULL),
(4127,	15006,	'2017-04-13 00:00:00',	'RSR',	0,	NULL,	0,	NULL,	0,	NULL,	1720,	'RSR',	NULL),
(4128,	14948,	'2017-04-13 00:00:00',	'DB',	357,	NULL,	0,	NULL,	88,	'993',	0,	NULL,	NULL),
(4129,	14949,	'2017-04-13 00:00:00',	'DB',	460,	NULL,	0,	NULL,	0,	NULL,	0,	NULL,	NULL),
(4130,	14950,	'2017-04-13 00:00:00',	'DB',	510,	NULL,	0,	NULL,	0,	NULL,	0,	NULL,	NULL),
(4131,	15003,	'2017-04-13 00:00:00',	NULL,	0,	NULL,	0,	NULL,	44,	NULL,	0,	NULL,	NULL),
(4132,	14996,	'2017-04-18 00:00:00',	'RSR',	0,	NULL,	0,	NULL,	12,	'RSR',	148,	'RSR',	NULL),
(4133,	15017,	'2017-04-19 00:00:00',	'4015',	1100,	'4015',	0,	NULL,	0,	NULL,	0,	NULL,	NULL),
(4134,	15035,	'2017-04-19 00:00:00',	NULL,	0,	NULL,	0,	NULL,	0,	NULL,	0,	NULL,	NULL),
(4135,	14975,	'2017-04-21 00:00:00',	NULL,	10080,	'4015',	0,	NULL,	0,	NULL,	0,	NULL,	NULL),
(4136,	14977,	'2017-04-21 00:00:00',	NULL,	900,	'4015',	0,	NULL,	0,	NULL,	0,	NULL,	NULL),
(4138,	14974,	'2017-04-24 00:00:00',	'RSR',	0,	NULL,	0,	NULL,	1,	'RSR',	79,	'RSR',	NULL),
(4140,	14895,	'2017-04-24 00:00:00',	'4015',	49,	'4015',	0,	NULL,	23,	NULL,	0,	NULL,	NULL),
(4141,	15047,	'2017-04-24 00:00:00',	'4015',	350,	'4015',	0,	NULL,	0,	NULL,	0,	NULL,	NULL),
(4142,	15016,	'2017-04-25 00:00:00',	NULL,	0,	NULL,	0,	NULL,	205,	'KF',	0,	NULL,	NULL),
(4143,	14999,	'2017-04-25 00:00:00',	NULL,	0,	NULL,	0,	NULL,	236,	'SB',	0,	NULL,	NULL),
(4144,	15058,	'2017-05-01 00:00:00',	NULL,	0,	NULL,	0,	NULL,	80,	'RSR',	0,	NULL,	NULL),
(4146,	15103,	'2017-05-02 00:00:00',	'RSR',	0,	NULL,	0,	NULL,	3,	'RSR',	157,	'RSR',	NULL),
(4147,	15109,	'2017-05-04 00:00:00',	'4015',	318,	'4015',	0,	NULL,	0,	NULL,	0,	NULL,	NULL),
(4148,	15089,	'2017-05-08 00:00:00',	NULL,	0,	NULL,	0,	NULL,	800,	'RSR',	0,	NULL,	NULL),
(4149,	15140,	'2017-05-08 00:00:00',	NULL,	144,	'4015',	0,	NULL,	0,	NULL,	0,	NULL,	NULL),
(4150,	15048,	'2017-05-08 00:00:00',	'RSR',	0,	NULL,	0,	NULL,	0,	NULL,	80,	'RSR',	NULL),
(4151,	15068,	'2017-05-08 00:00:00',	'RSR',	0,	NULL,	0,	NULL,	0,	NULL,	160,	'RSR',	NULL),
(4152,	15146,	'2017-05-08 00:00:00',	NULL,	400,	NULL,	0,	NULL,	0,	NULL,	0,	NULL,	NULL),
(4153,	15093,	'2017-05-08 00:00:00',	NULL,	0,	NULL,	0,	NULL,	400,	'KK',	0,	NULL,	NULL),
(4154,	15094,	'2017-05-08 00:00:00',	NULL,	0,	NULL,	0,	NULL,	400,	'KK',	0,	NULL,	NULL),
(4155,	15095,	'2017-05-08 00:00:00',	'DB',	114,	'KK',	0,	NULL,	136,	'KK',	0,	NULL,	NULL),
(4156,	15099,	'2017-05-08 00:00:00',	'DB',	200,	'KK',	0,	NULL,	0,	NULL,	0,	NULL,	NULL),
(4160,	14915,	'2017-05-09 00:00:00',	'RSR',	0,	NULL,	0,	NULL,	0,	NULL,	3746,	'RSR',	NULL),
(4161,	14934,	'2017-05-09 00:00:00',	'RSR',	0,	NULL,	0,	NULL,	0,	NULL,	9600,	'RSR',	NULL),
(4162,	14972,	'2017-05-09 00:00:00',	'RSR',	0,	NULL,	0,	NULL,	0,	NULL,	1800,	'RSR',	NULL),
(4163,	15025,	'2017-05-09 00:00:00',	'RSR',	0,	NULL,	0,	NULL,	0,	NULL,	1620,	'RSR',	NULL),
(4165,	15133,	'2017-05-09 00:00:00',	NULL,	0,	NULL,	0,	NULL,	277,	NULL,	0,	NULL,	NULL),
(4168,	15132,	'2017-05-10 00:00:00',	NULL,	0,	NULL,	0,	NULL,	1400,	'DM',	0,	NULL,	NULL),
(4170,	15138,	'2017-05-10 00:00:00',	NULL,	0,	NULL,	0,	NULL,	162,	'BR',	0,	NULL,	NULL),
(4174,	15129,	'2017-05-11 00:00:00',	'RSR',	0,	NULL,	0,	NULL,	234,	'RSR',	246,	'RSR',	NULL),
(4175,	15106,	'2017-05-11 00:00:00',	NULL,	0,	NULL,	0,	NULL,	330,	'4015',	0,	NULL,	NULL),
(4176,	15107,	'2017-05-11 00:00:00',	NULL,	0,	NULL,	0,	NULL,	330,	'4015',	0,	NULL,	NULL),
(4177,	15108,	'2017-05-11 00:00:00',	NULL,	0,	NULL,	0,	NULL,	330,	'4015',	0,	NULL,	NULL),
(4178,	15144,	'2017-05-11 00:00:00',	NULL,	0,	NULL,	0,	NULL,	0,	NULL,	0,	NULL,	NULL),
(4179,	15167,	'2017-05-12 00:00:00',	'DB',	192,	'LB',	0,	NULL,	0,	NULL,	0,	NULL,	NULL),
(4184,	14961,	'2017-05-12 00:00:00',	'4015',	337,	'4015',	0,	NULL,	0,	NULL,	0,	NULL,	NULL),
(4188,	15165,	'2017-05-16 00:00:00',	'DB',	0,	NULL,	0,	NULL,	0,	NULL,	200,	NULL,	NULL),
(4189,	15189,	'2017-05-17 00:00:00',	'RSR',	0,	NULL,	0,	NULL,	0,	NULL,	160,	'RSR',	NULL),
(4190,	15193,	'2017-05-18 00:00:00',	NULL,	0,	NULL,	0,	NULL,	600,	'KF',	0,	NULL,	NULL),
(4191,	15188,	'2017-05-18 00:00:00',	'DB',	0,	NULL,	0,	NULL,	0,	NULL,	350,	NULL,	NULL),
(4192,	15177,	'2017-05-19 00:00:00',	NULL,	0,	NULL,	0,	NULL,	2244,	'4015',	0,	NULL,	NULL),
(4193,	15185,	'2017-05-19 00:00:00',	NULL,	4968,	'4015',	0,	NULL,	0,	NULL,	0,	NULL,	NULL),
(4194,	15145,	'2017-05-20 00:00:00',	'DB',	330,	'MC',	0,	NULL,	0,	NULL,	0,	NULL,	NULL),
(4195,	15090,	'2017-05-20 00:00:00',	'DB',	221,	'977',	0,	NULL,	85,	'977',	0,	NULL,	NULL),
(4197,	15213,	'2017-05-23 00:00:00',	'4015',	600,	'4015',	0,	NULL,	0,	NULL,	0,	NULL,	NULL),
(4198,	15212,	'2017-05-23 00:00:00',	NULL,	300,	'4015',	0,	NULL,	0,	NULL,	0,	NULL,	NULL),
(4200,	15219,	'2017-05-24 00:00:00',	'DB',	0,	NULL,	0,	NULL,	0,	NULL,	2167,	'DB',	NULL),
(4207,	15160,	'2017-05-24 00:00:00',	NULL,	0,	NULL,	0,	NULL,	187,	NULL,	0,	NULL,	NULL),
(4208,	15214,	'2017-05-25 00:00:00',	'4015',	300,	'4015',	0,	NULL,	0,	NULL,	0,	NULL,	NULL),
(4209,	14968,	'2017-05-29 00:00:00',	NULL,	0,	NULL,	0,	NULL,	250,	'RSR',	0,	NULL,	NULL),
(4213,	15155,	'2017-05-29 00:00:00',	NULL,	0,	NULL,	0,	NULL,	1848,	'RSR',	0,	NULL,	NULL),
(4214,	15200,	'2017-05-29 00:00:00',	NULL,	0,	NULL,	0,	NULL,	2400,	'RSR',	0,	NULL,	NULL),
(4215,	15038,	'2017-05-29 00:00:00',	NULL,	0,	NULL,	0,	NULL,	1480,	'RSR',	0,	NULL,	NULL),
(4216,	15192,	'2017-05-29 00:00:00',	NULL,	0,	NULL,	0,	NULL,	468,	'RSR',	0,	NULL,	NULL),
(4217,	14960,	'2017-05-29 00:00:00',	'RSR',	0,	NULL,	0,	NULL,	0,	NULL,	968,	'RSR',	NULL),
(4218,	15014,	'2017-05-29 00:00:00',	'RSR',	0,	NULL,	0,	NULL,	0,	NULL,	1273,	'RSR',	NULL),
(4219,	15015,	'2017-05-29 00:00:00',	'RSR',	0,	NULL,	0,	NULL,	0,	NULL,	450,	'RSR',	NULL),
(4220,	15208,	'2017-05-29 00:00:00',	'RSR',	0,	NULL,	0,	NULL,	0,	NULL,	468,	'RSR',	NULL),
(4226,	15240,	'2017-05-31 00:00:00',	NULL,	0,	NULL,	0,	NULL,	263,	'SB',	0,	NULL,	NULL),
(4229,	15248,	'2017-06-01 00:00:00',	'4015',	298,	'4015',	0,	NULL,	2,	NULL,	0,	NULL,	NULL),
(4230,	15209,	'2017-06-01 00:00:00',	'DB',	189,	'9695',	0,	NULL,	171,	'9695',	0,	NULL,	NULL),
(4231,	15223,	'2017-06-01 00:00:00',	NULL,	0,	NULL,	0,	NULL,	115,	NULL,	0,	NULL,	NULL),
(4232,	15258,	'2017-06-01 00:00:00',	NULL,	0,	NULL,	0,	NULL,	40,	'TB',	0,	NULL,	NULL),
(4233,	15261,	'2017-06-05 00:00:00',	'RSR',	0,	NULL,	0,	NULL,	2176,	'RSR',	824,	'RSR',	NULL),
(4234,	15237,	'2017-06-05 00:00:00',	'4015',	588,	'4015',	0,	NULL,	12,	NULL,	0,	NULL,	NULL),
(4236,	15260,	'2017-06-07 00:00:00',	'4015',	12,	'4015',	0,	NULL,	0,	NULL,	0,	NULL,	NULL),
(4237,	15285,	'2017-06-13 00:00:00',	NULL,	0,	NULL,	0,	NULL,	60,	'RSR',	0,	NULL,	NULL),
(4238,	15303,	'2017-06-13 00:00:00',	'DB',	512,	'978',	0,	NULL,	0,	NULL,	0,	NULL,	NULL),
(4239,	15313,	'2017-06-14 00:00:00',	'4015',	0,	NULL,	0,	NULL,	468,	'4015',	0,	NULL,	NULL),
(4240,	15245,	'2017-06-14 00:00:00',	NULL,	0,	NULL,	0,	NULL,	1750,	'RSR',	0,	NULL,	NULL),
(4241,	15251,	'2017-06-14 00:00:00',	'RSR',	0,	NULL,	0,	NULL,	0,	NULL,	1176,	'RSR',	NULL),
(4242,	15322,	'2017-06-15 00:00:00',	NULL,	0,	NULL,	0,	NULL,	1260,	'RSR',	0,	NULL,	NULL),
(4243,	15294,	'2017-06-15 00:00:00',	NULL,	1529,	'4015',	0,	NULL,	426,	NULL,	0,	NULL,	NULL),
(4245,	15316,	'2017-06-15 00:00:00',	'DB',	800,	'118',	0,	NULL,	400,	'118',	0,	NULL,	NULL),
(4246,	15311,	'2017-06-19 00:00:00',	'DB',	22143,	NULL,	0,	NULL,	4,	NULL,	0,	NULL,	NULL),
(4247,	15336,	'2017-06-19 00:00:00',	NULL,	0,	NULL,	0,	NULL,	2880,	'4015',	0,	NULL,	NULL),
(4248,	15339,	'2017-06-19 00:00:00',	NULL,	0,	NULL,	0,	NULL,	2500,	'4015',	0,	NULL,	NULL),
(4249,	15349,	'2017-06-20 00:00:00',	'DB',	340,	'993',	0,	NULL,	0,	NULL,	0,	NULL,	NULL),
(4250,	15360,	'2017-06-21 00:00:00',	'4015',	72,	'4015',	0,	NULL,	0,	NULL,	0,	NULL,	NULL),
(4251,	15362,	'2017-06-22 00:00:00',	'DB',	150,	'KC',	0,	NULL,	0,	NULL,	0,	NULL,	NULL),
(4252,	15364,	'2017-06-22 00:00:00',	'DB',	400,	'KC',	0,	NULL,	0,	NULL,	0,	NULL,	NULL),
(4253,	15363,	'2017-06-22 00:00:00',	'DB',	100,	'KC',	0,	NULL,	0,	NULL,	0,	NULL,	NULL),
(4255,	15345,	'2017-06-22 00:00:00',	'DB',	NULL,	NULL,	0,	NULL,	0,	NULL,	1440,	NULL,	NULL),
(4256,	15306,	'2017-06-22 00:00:00',	NULL,	0,	NULL,	0,	NULL,	1314,	NULL,	0,	NULL,	NULL),
(4257,	15244,	'2017-06-22 00:00:00',	NULL,	0,	NULL,	0,	NULL,	2000,	NULL,	0,	NULL,	NULL),
(4258,	15361,	'2017-06-22 00:00:00',	NULL,	0,	NULL,	0,	NULL,	0,	NULL,	0,	NULL,	NULL),
(4259,	15367,	'2017-06-22 00:00:00',	NULL,	456,	'4015',	0,	NULL,	44,	NULL,	0,	'4015',	NULL),
(4260,	15365,	'2017-06-23 00:00:00',	'4015',	610,	'4015',	0,	NULL,	290,	NULL,	0,	NULL,	NULL),
(4261,	15371,	'2017-06-23 00:00:00',	NULL,	0,	NULL,	0,	NULL,	72,	NULL,	0,	NULL,	NULL),
(4263,	15225,	'2017-06-29 00:00:00',	'DB',	0,	NULL,	0,	NULL,	0,	NULL,	150,	'NKG',	NULL),
(4265,	15359,	'2017-06-29 00:00:00',	NULL,	0,	NULL,	0,	NULL,	2500,	'DM',	0,	NULL,	NULL),
(4266,	15382,	'2017-06-29 00:00:00',	'DB',	250,	NULL,	0,	NULL,	0,	NULL,	0,	NULL,	NULL),
(4268,	15348,	'2017-06-29 00:00:00',	'DB',	0,	NULL,	0,	NULL,	0,	NULL,	125,	'NKG',	NULL),
(4270,	15392,	'2017-06-30 00:00:00',	NULL,	0,	NULL,	0,	NULL,	1360,	'RSR',	0,	NULL,	NULL),
(4274,	15398,	'2017-07-05 00:00:00',	NULL,	0,	NULL,	0,	NULL,	59,	NULL,	0,	NULL,	NULL),
(4275,	15396,	'2017-07-05 00:00:00',	'DB',	798,	'5349',	0,	NULL,	18,	'5349',	0,	NULL,	NULL),
(4280,	15390,	'2017-07-06 00:00:00',	'BC',	0,	NULL,	0,	NULL,	0,	NULL,	100,	'BC',	NULL),
(4281,	15410,	'2017-07-07 00:00:00',	'DB',	0,	NULL,	0,	NULL,	0,	NULL,	120,	NULL,	NULL),
(4284,	15418,	'2017-07-07 00:00:00',	'DB',	286,	NULL,	0,	NULL,	22,	NULL,	0,	NULL,	NULL),
(4285,	15413,	'2017-07-07 00:00:00',	NULL,	0,	NULL,	0,	NULL,	468,	'KB',	0,	NULL,	NULL),
(4286,	15429,	'2017-07-10 00:00:00',	'RSR',	0,	NULL,	0,	NULL,	0,	NULL,	11238,	'RSR',	NULL),
(4293,	15357,	'2017-07-11 00:00:00',	'DB',	1487,	NULL,	0,	NULL,	513,	NULL,	0,	NULL,	NULL),
(4295,	15427,	'2017-07-12 00:00:00',	NULL,	0,	NULL,	0,	NULL,	0,	NULL,	0,	NULL,	NULL),
(4297,	15425,	'2017-07-12 00:00:00',	NULL,	0,	NULL,	0,	NULL,	338,	'262',	0,	NULL,	NULL),
(4299,	15430,	'2017-07-14 00:00:00',	'4015',	40,	'4015',	0,	NULL,	0,	NULL,	0,	NULL,	NULL),
(4300,	15386,	'2017-07-14 00:00:00',	'4015',	3696,	'4015',	0,	NULL,	0,	NULL,	0,	NULL,	NULL),
(4306,	15458,	'2017-07-17 00:00:00',	NULL,	0,	NULL,	0,	NULL,	2574,	'721',	0,	NULL,	NULL),
(4307,	15449,	'2017-07-17 00:00:00',	NULL,	0,	NULL,	0,	NULL,	85,	'tm',	0,	NULL,	NULL),
(4308,	15395,	'2017-07-18 00:00:00',	NULL,	0,	NULL,	0,	NULL,	0,	NULL,	0,	NULL,	NULL),
(4309,	15400,	'2017-07-18 00:00:00',	'Bob C',	112,	'4015',	0,	NULL,	0,	NULL,	0,	NULL,	NULL),
(4310,	15422,	'2017-07-18 00:00:00',	NULL,	0,	NULL,	0,	NULL,	366,	'4015',	0,	NULL,	NULL),
(4311,	15423,	'2017-07-18 00:00:00',	NULL,	0,	NULL,	0,	NULL,	500,	'4015',	0,	NULL,	NULL),
(4312,	15424,	'2017-07-18 00:00:00',	NULL,	0,	NULL,	0,	NULL,	397,	'4015',	0,	NULL,	NULL),
(4313,	15453,	'2017-07-18 00:00:00',	NULL,	0,	NULL,	0,	NULL,	72,	'dave m',	0,	NULL,	NULL),
(4314,	15460,	'2017-07-18 00:00:00',	'4015',	942,	'4015',	0,	NULL,	58,	NULL,	0,	NULL,	NULL),
(4315,	15443,	'2017-07-18 00:00:00',	NULL,	0,	NULL,	0,	NULL,	0,	NULL,	0,	NULL,	NULL),
(4316,	15444,	'2017-07-18 00:00:00',	NULL,	0,	NULL,	0,	NULL,	0,	NULL,	0,	NULL,	NULL),
(4318,	15457,	'2017-07-18 00:00:00',	NULL,	0,	NULL,	0,	NULL,	46,	'DB',	0,	NULL,	NULL),
(4319,	15471,	'2017-07-19 00:00:00',	NULL,	0,	NULL,	0,	NULL,	226,	'sb',	0,	NULL,	NULL),
(4320,	15464,	'2017-07-19 00:00:00',	NULL,	0,	NULL,	0,	NULL,	60,	'sb',	0,	NULL,	NULL),
(4321,	15420,	'2017-07-19 00:00:00',	NULL,	0,	NULL,	0,	NULL,	229,	'262',	0,	NULL,	NULL),
(4322,	15426,	'2017-07-19 00:00:00',	NULL,	0,	NULL,	0,	NULL,	239,	'262',	0,	NULL,	NULL),
(4328,	15428,	'2017-07-19 00:00:00',	'DB',	376,	NULL,	0,	NULL,	17,	NULL,	0,	NULL,	NULL),
(4329,	15474,	'2017-07-21 00:00:00',	'DB',	2798,	NULL,	0,	NULL,	660,	NULL,	0,	NULL,	NULL),
(4330,	15479,	'2017-07-21 00:00:00',	'DB',	315,	'mb',	0,	NULL,	10,	'mb',	0,	NULL,	NULL),
(4332,	15470,	'2017-07-21 00:00:00',	NULL,	0,	NULL,	0,	NULL,	429,	NULL,	0,	NULL,	NULL),
(4336,	15397,	'2017-07-21 00:00:00',	'DB',	2500,	NULL,	0,	NULL,	0,	NULL,	0,	NULL,	NULL),
(4337,	15481,	'2017-07-25 00:00:00',	NULL,	0,	NULL,	0,	NULL,	1089,	'721',	0,	NULL,	NULL),
(4338,	15476,	'2017-07-26 00:00:00',	'DB',	18,	NULL,	0,	NULL,	174,	'4286',	0,	NULL,	NULL),
(4339,	15484,	'2017-07-26 00:00:00',	'DB',	271,	'3930',	0,	NULL,	497,	'3930',	0,	NULL,	NULL),
(4342,	15384,	'2017-07-28 00:00:00',	'BC',	0,	NULL,	0,	NULL,	0,	NULL,	350,	'SW/BC',	NULL),
(4343,	15445,	'2017-07-28 00:00:00',	'BC',	0,	NULL,	0,	NULL,	0,	NULL,	300,	'SW/BC',	NULL),
(4344,	15408,	'2017-07-28 00:00:00',	'RSR',	0,	NULL,	0,	NULL,	0,	NULL,	816,	'RSR',	NULL),
(4345,	15404,	'2017-07-28 00:00:00',	'RSR',	0,	NULL,	0,	NULL,	0,	NULL,	900,	'RSR',	NULL),
(4346,	15523,	'2017-08-02 00:00:00',	'4015',	4682,	NULL,	0,	NULL,	70,	'4015',	0,	NULL,	NULL),
(4347,	15419,	'2017-08-03 00:00:00',	NULL,	248,	'4015',	0,	NULL,	0,	NULL,	0,	NULL,	NULL),
(4348,	15515,	'2017-08-03 00:00:00',	NULL,	1252,	'4015',	0,	NULL,	0,	NULL,	0,	NULL,	NULL),
(4349,	15462,	'2017-08-03 00:00:00',	'4015',	330,	'4015',	0,	NULL,	0,	NULL,	0,	NULL,	NULL),
(4350,	15491,	'2017-08-03 00:00:00',	'4015',	236,	'2015',	0,	NULL,	0,	NULL,	0,	NULL,	NULL),
(4351,	15498,	'2017-08-03 00:00:00',	'4015',	350,	'4015',	0,	NULL,	0,	NULL,	0,	NULL,	NULL),
(4352,	15501,	'2017-08-03 00:00:00',	'4015',	162,	'4015',	0,	NULL,	0,	NULL,	0,	NULL,	NULL),
(4353,	15499,	'2017-08-03 00:00:00',	NULL,	0,	NULL,	0,	NULL,	199,	'4015',	0,	NULL,	NULL),
(4354,	15461,	'2017-08-03 00:00:00',	'DB',	750,	'44168',	0,	NULL,	0,	NULL,	0,	NULL,	NULL),
(4355,	15551,	'2017-08-09 00:00:00',	'DB',	0,	NULL,	0,	NULL,	0,	NULL,	467,	NULL,	NULL),
(4359,	15583,	'2017-08-17 00:00:00',	'4015',	7272,	'4015',	0,	NULL,	0,	NULL,	0,	NULL,	NULL),
(4361,	15504,	'2017-08-21 00:00:00',	NULL,	0,	NULL,	0,	NULL,	0,	'161',	0,	NULL,	NULL),
(4362,	15577,	'2017-08-21 00:00:00',	'DB',	0,	NULL,	0,	NULL,	0,	NULL,	0,	NULL,	NULL),
(4364,	15554,	'2017-08-21 00:00:00',	'DB',	289,	NULL,	0,	NULL,	0,	NULL,	0,	NULL,	NULL),
(4365,	15588,	'2017-08-21 00:00:00',	NULL,	0,	NULL,	0,	NULL,	163,	'4015',	0,	NULL,	NULL),
(4366,	15593,	'2017-08-21 00:00:00',	NULL,	0,	NULL,	0,	NULL,	0,	NULL,	0,	NULL,	NULL),
(4367,	15597,	'2017-08-21 00:00:00',	NULL,	0,	NULL,	0,	NULL,	350,	'4015',	0,	NULL,	NULL),
(4368,	15605,	'2017-08-22 00:00:00',	'4015',	450,	'4015',	0,	NULL,	0,	NULL,	0,	NULL,	NULL),
(4369,	15610,	'2017-08-23 00:00:00',	'4015',	8700,	'4015',	0,	NULL,	0,	NULL,	0,	NULL,	NULL),
(4371,	15505,	'2017-08-24 00:00:00',	NULL,	0,	NULL,	0,	NULL,	100,	'262',	0,	NULL,	NULL),
(4372,	15601,	'2017-08-24 00:00:00',	'DB',	0,	NULL,	0,	NULL,	0,	NULL,	112,	NULL,	NULL),
(4375,	15569,	'2017-08-24 00:00:00',	'DB',	0,	NULL,	0,	NULL,	0,	NULL,	1649,	NULL,	NULL),
(4378,	15576,	'2017-08-24 00:00:00',	NULL,	0,	NULL,	0,	NULL,	84,	NULL,	0,	NULL,	NULL),
(4379,	15660,	'2017-08-28 00:00:00',	NULL,	0,	NULL,	0,	NULL,	512,	'4277',	0,	NULL,	NULL),
(4380,	15578,	'2017-08-29 00:00:00',	NULL,	0,	NULL,	0,	NULL,	660,	'RSR',	0,	NULL,	NULL),
(4381,	15642,	'2017-08-29 00:00:00',	NULL,	0,	NULL,	0,	NULL,	260,	'RSR',	0,	NULL,	NULL),
(4382,	15681,	'2017-08-29 00:00:00',	NULL,	0,	NULL,	0,	NULL,	72,	'RSR',	0,	NULL,	NULL),
(4383,	15630,	'2017-08-30 00:00:00',	NULL,	7906,	'4015',	0,	NULL,	94,	NULL,	0,	NULL,	NULL),
(4384,	15661,	'2017-08-30 00:00:00',	'RSR',	0,	NULL,	0,	NULL,	0,	NULL,	330,	'RSR',	NULL),
(4385,	15598,	'2017-08-31 00:00:00',	'4015',	641,	'4015',	0,	NULL,	0,	NULL,	0,	NULL,	NULL),
(4386,	15679,	'2017-08-31 00:00:00',	'4015',	288,	NULL,	0,	NULL,	0,	NULL,	0,	NULL,	NULL),
(4388,	15641,	'2017-09-01 00:00:00',	'4015',	315,	'4015',	0,	NULL,	0,	NULL,	0,	NULL,	NULL),
(4389,	15680,	'2017-09-01 00:00:00',	NULL,	0,	NULL,	0,	NULL,	390,	'4015',	0,	NULL,	NULL),
(4390,	15668,	'2017-09-01 00:00:00',	'4015',	0,	NULL,	0,	NULL,	390,	'4015',	0,	NULL,	NULL),
(4391,	15622,	'2017-09-01 00:00:00',	'4015',	1004,	'4015',	0,	NULL,	0,	NULL,	0,	NULL,	NULL),
(4392,	15566,	'2017-09-01 00:00:00',	'4015',	450,	NULL,	0,	NULL,	0,	NULL,	0,	NULL,	NULL),
(4393,	15537,	'2017-09-01 00:00:00',	NULL,	0,	NULL,	0,	NULL,	134,	'4015',	0,	NULL,	NULL),
(4394,	15549,	'2017-09-01 00:00:00',	NULL,	0,	NULL,	0,	NULL,	150,	'4015',	0,	NULL,	NULL),
(4395,	15575,	'2017-09-01 00:00:00',	NULL,	128,	'4015',	0,	NULL,	0,	NULL,	0,	NULL,	NULL),
(4396,	15666,	'2017-09-01 00:00:00',	NULL,	0,	NULL,	0,	NULL,	0,	NULL,	0,	NULL,	NULL),
(4397,	15421,	'2017-09-01 00:00:00',	'4015',	658,	'4015',	0,	NULL,	0,	NULL,	0,	NULL,	NULL),
(4398,	15552,	'2017-09-01 00:00:00',	NULL,	0,	NULL,	0,	NULL,	200,	'4015',	0,	NULL,	NULL),
(4399,	15669,	'2017-09-01 00:00:00',	'4015',	192,	'4015',	0,	NULL,	0,	NULL,	0,	NULL,	NULL),
(4400,	15693,	'2017-09-06 00:00:00',	'RZ',	5228,	'4291',	0,	NULL,	1372,	'4291',	0,	NULL,	NULL),
(4402,	15555,	'2017-09-08 00:00:00',	NULL,	279,	NULL,	0,	NULL,	0,	NULL,	0,	NULL,	NULL),
(4403,	15603,	'2017-09-08 00:00:00',	NULL,	1500,	NULL,	0,	NULL,	0,	NULL,	0,	NULL,	NULL),
(4404,	15563,	'2017-09-08 00:00:00',	'DB',	440,	NULL,	0,	NULL,	0,	NULL,	0,	NULL,	NULL),
(4406,	15648,	'2017-09-08 00:00:00',	'DB',	330,	NULL,	0,	NULL,	0,	NULL,	0,	NULL,	NULL),
(4408,	15659,	'2017-09-08 00:00:00',	NULL,	0,	NULL,	0,	NULL,	75,	NULL,	0,	NULL,	NULL),
(4413,	15137,	'2017-09-11 00:00:00',	NULL,	0,	NULL,	0,	NULL,	200,	NULL,	0,	NULL,	NULL),
(4414,	15647,	'2017-09-12 00:00:00',	'DB',	506,	'940',	0,	NULL,	26,	'940',	0,	NULL,	NULL),
(4420,	15729,	'2017-09-12 00:00:00',	'RZ/BC',	0,	NULL,	0,	NULL,	0,	NULL,	500,	'RZ/BC',	NULL),
(4421,	15702,	'2017-09-21 00:00:00',	'4015',	2068,	'4015',	0,	NULL,	0,	NULL,	0,	NULL,	NULL),
(4423,	15658,	'2017-09-21 00:00:00',	'DB',	315,	NULL,	0,	NULL,	0,	NULL,	0,	NULL,	NULL),
(4430,	15817,	'2017-09-26 00:00:00',	'DB',	0,	NULL,	0,	NULL,	0,	NULL,	192,	NULL,	NULL),
(4431,	15816,	'2017-09-26 00:00:00',	'DB',	0,	NULL,	0,	NULL,	0,	NULL,	192,	NULL,	NULL),
(4432,	15815,	'2017-09-26 00:00:00',	'DB',	396,	'5498',	0,	NULL,	4,	'5498',	0,	NULL,	NULL),
(4433,	15814,	'2017-09-26 00:00:00',	'DB',	40,	'5489',	0,	NULL,	0,	NULL,	0,	NULL,	NULL),
(4434,	15761,	'2017-09-26 00:00:00',	'DB',	9000,	NULL,	0,	NULL,	0,	NULL,	0,	NULL,	NULL),
(4435,	15797,	'2017-09-26 00:00:00',	'DB',	3168,	NULL,	0,	NULL,	0,	NULL,	0,	NULL,	NULL),
(4437,	15783,	'2017-09-26 00:00:00',	'DB',	5000,	NULL,	0,	NULL,	0,	NULL,	0,	NULL,	NULL),
(4438,	15804,	'2017-09-26 00:00:00',	'DB',	218,	NULL,	0,	NULL,	30,	NULL,	0,	NULL,	NULL),
(4439,	15768,	'2017-09-26 00:00:00',	'DB',	0,	NULL,	0,	NULL,	1700,	NULL,	0,	NULL,	NULL),
(4441,	15802,	'2017-09-26 00:00:00',	NULL,	0,	NULL,	0,	NULL,	50,	NULL,	0,	NULL,	NULL),
(4446,	15831,	'2017-09-27 00:00:00',	'DB',	1330,	'NKG',	0,	NULL,	0,	NULL,	0,	NULL,	NULL),
(4449,	15820,	'2017-09-27 00:00:00',	'DB',	1000,	'SB',	0,	NULL,	0,	NULL,	0,	NULL,	NULL),
(4452,	15837,	'2017-09-29 00:00:00',	NULL,	720,	'4015',	0,	NULL,	0,	NULL,	0,	NULL,	NULL),
(4454,	15703,	'2017-09-29 00:00:00',	NULL,	0,	NULL,	0,	NULL,	0,	NULL,	0,	NULL,	NULL),
(4455,	15788,	'2017-09-29 00:00:00',	'4015',	222,	'4015',	0,	NULL,	18,	NULL,	0,	NULL,	NULL),
(4456,	15849,	'2017-10-02 00:00:00',	'DB',	1311,	NULL,	0,	NULL,	33,	NULL,	0,	NULL,	NULL),
(4457,	15827,	'2017-10-02 00:00:00',	'DB',	450,	'KF',	0,	NULL,	300,	'KF',	0,	NULL,	NULL),
(4458,	15832,	'2017-10-02 00:00:00',	'DB',	11997,	NULL,	0,	NULL,	3,	NULL,	0,	NULL,	NULL),
(4459,	15868,	'2017-10-05 00:00:00',	'DB',	1494,	'672',	0,	NULL,	6,	NULL,	0,	NULL,	NULL),
(4460,	15867,	'2017-10-05 00:00:00',	'DB',	390,	NULL,	0,	NULL,	2,	NULL,	0,	NULL,	NULL),
(4463,	15758,	'2017-10-05 00:00:00',	NULL,	0,	NULL,	0,	NULL,	160,	'rsr',	0,	NULL,	NULL),
(4464,	15757,	'2017-10-05 00:00:00',	NULL,	0,	NULL,	0,	NULL,	2500,	'rsr',	1136,	'RSR',	NULL),
(4465,	15686,	'2017-10-05 00:00:00',	'DB',	0,	NULL,	0,	NULL,	331,	'4692',	0,	NULL,	NULL),
(4467,	15750,	'2017-10-05 00:00:00',	NULL,	0,	NULL,	0,	NULL,	200,	NULL,	0,	NULL,	NULL),
(4469,	15776,	'2017-10-06 00:00:00',	'DB',	2400,	'KF',	0,	NULL,	0,	NULL,	0,	NULL,	NULL),
(4471,	15865,	'2017-10-06 00:00:00',	NULL,	0,	NULL,	0,	NULL,	0,	NULL,	0,	NULL,	NULL),
(4473,	15888,	'2017-10-06 00:00:00',	'RSR/BC',	0,	NULL,	0,	NULL,	0,	NULL,	150,	'RSR/BC',	NULL),
(4475,	15890,	'2017-10-12 00:00:00',	'4015',	1800,	'4015',	0,	NULL,	0,	NULL,	0,	NULL,	NULL),
(4482,	15860,	'2017-10-15 00:00:00',	NULL,	0,	NULL,	0,	NULL,	429,	NULL,	0,	NULL,	NULL),
(4483,	15904,	'2017-10-17 00:00:00',	NULL,	0,	NULL,	0,	NULL,	917,	'RSR',	0,	'RSR',	NULL),
(4484,	15646,	'2017-10-18 00:00:00',	'RSR',	0,	NULL,	0,	NULL,	2692,	'RSR',	188,	'RSR',	NULL),
(4485,	15540,	'2017-10-19 00:00:00',	'4015',	150,	'4015',	0,	NULL,	0,	NULL,	0,	NULL,	NULL),
(4486,	15921,	'2017-10-19 00:00:00',	'DB',	1119,	'985',	0,	NULL,	56,	'985',	0,	NULL,	NULL),
(4489,	15787,	'2017-10-20 00:00:00',	NULL,	0,	NULL,	0,	NULL,	128,	'sb',	0,	NULL,	NULL),
(4490,	15889,	'2017-10-20 00:00:00',	'DB',	330,	'901',	0,	NULL,	0,	NULL,	0,	NULL,	NULL),
(4492,	15895,	'2017-10-20 00:00:00',	'DB',	192,	'LB',	0,	NULL,	0,	NULL,	0,	NULL,	NULL),
(4493,	15896,	'2017-10-20 00:00:00',	NULL,	0,	NULL,	0,	NULL,	183,	'sb',	0,	NULL,	NULL),
(4495,	15920,	'2017-10-20 00:00:00',	'DB',	0,	NULL,	0,	NULL,	800,	NULL,	0,	NULL,	NULL),
(4496,	15945,	'2017-10-23 00:00:00',	'DB',	330,	'4852',	0,	NULL,	0,	NULL,	0,	NULL,	NULL),
(4501,	15572,	'2017-10-23 00:00:00',	NULL,	0,	NULL,	0,	NULL,	350,	'DB',	0,	NULL,	NULL),
(4502,	15918,	'2017-10-23 00:00:00',	NULL,	0,	NULL,	0,	NULL,	4914,	'686',	0,	NULL,	NULL),
(4503,	15917,	'2017-10-24 00:00:00',	NULL,	0,	NULL,	0,	NULL,	3000,	'4015',	0,	NULL,	NULL),
(4504,	15929,	'2017-10-24 00:00:00',	'4015',	3584,	'4015',	0,	NULL,	16,	NULL,	0,	NULL,	NULL),
(4505,	15905,	'2017-10-24 00:00:00',	'4015',	150,	'4015',	0,	NULL,	0,	NULL,	0,	NULL,	NULL),
(4506,	15944,	'2017-10-24 00:00:00',	NULL,	0,	NULL,	0,	NULL,	92,	'4015',	0,	NULL,	NULL),
(4507,	15956,	'2017-10-25 00:00:00',	'db',	158,	'933',	0,	NULL,	34,	NULL,	0,	NULL,	NULL),
(4510,	15876,	'2017-10-25 00:00:00',	'DB',	5000,	'KF',	0,	NULL,	0,	NULL,	0,	NULL,	NULL),
(4513,	15923,	'2017-10-27 00:00:00',	'4015',	432,	'4015',	0,	NULL,	0,	NULL,	0,	NULL,	NULL),
(4514,	15933,	'2017-10-27 00:00:00',	'4015',	1800,	'4015',	0,	NULL,	0,	NULL,	0,	NULL,	NULL),
(4515,	15645,	'2017-10-27 00:00:00',	NULL,	0,	NULL,	0,	NULL,	4500,	'4015',	0,	NULL,	NULL),
(4516,	15570,	'2017-10-27 00:00:00',	'4015',	0,	NULL,	0,	NULL,	0,	NULL,	0,	NULL,	NULL),
(4517,	15691,	'2017-10-27 00:00:00',	'4015',	0,	NULL,	0,	NULL,	1800,	'4015',	0,	NULL,	NULL),
(4518,	15778,	'2017-10-27 00:00:00',	'4015',	500,	'4015',	0,	NULL,	0,	NULL,	0,	NULL,	NULL),
(4519,	15850,	'2017-10-27 00:00:00',	NULL,	650,	'4015',	0,	NULL,	0,	NULL,	0,	NULL,	NULL),
(4520,	15734,	'2017-10-30 00:00:00',	NULL,	0,	NULL,	0,	NULL,	120,	'RSR',	0,	NULL,	NULL),
(4521,	15613,	'2017-11-01 00:00:00',	'4015',	1150,	'4015',	0,	NULL,	50,	NULL,	0,	NULL,	NULL),
(4522,	15984,	'2017-11-01 00:00:00',	NULL,	0,	NULL,	0,	NULL,	0,	NULL,	0,	NULL,	NULL),
(4523,	15979,	'2017-11-01 00:00:00',	'4015',	781,	'4015',	0,	NULL,	83,	NULL,	0,	NULL,	NULL),
(4524,	15969,	'2017-11-06 00:00:00',	'DB',	18294,	NULL,	0,	NULL,	6,	NULL,	0,	NULL,	NULL),
(4526,	15981,	'2017-11-06 00:00:00',	'DB',	400,	'KF',	0,	NULL,	0,	NULL,	0,	NULL,	NULL),
(4529,	16010,	'2017-11-06 00:00:00',	'DB',	0,	NULL,	0,	NULL,	0,	NULL,	192,	NULL,	NULL),
(4530,	15999,	'2017-11-08 00:00:00',	NULL,	0,	NULL,	0,	NULL,	0,	NULL,	0,	NULL,	NULL),
(4531,	16038,	'2017-11-09 00:00:00',	NULL,	0,	NULL,	0,	NULL,	1584,	'4015',	0,	NULL,	NULL),
(4532,	16060,	'2017-11-13 00:00:00',	NULL,	0,	NULL,	0,	NULL,	464,	'4015',	0,	NULL,	NULL),
(4533,	16061,	'2017-11-13 00:00:00',	NULL,	0,	NULL,	0,	NULL,	735,	'RSR',	0,	NULL,	NULL),
(4534,	16057,	'2017-11-14 00:00:00',	'RSR',	0,	NULL,	0,	NULL,	24,	'985',	655,	'RSR',	NULL),
(4535,	16024,	'2017-11-15 00:00:00',	NULL,	0,	NULL,	0,	NULL,	150,	'4015',	0,	NULL,	NULL),
(4536,	15942,	'2017-11-15 00:00:00',	NULL,	0,	NULL,	0,	NULL,	44,	'4015',	0,	NULL,	NULL),
(4537,	15941,	'2017-11-15 00:00:00',	NULL,	0,	NULL,	0,	NULL,	160,	'4015',	0,	NULL,	NULL),
(4538,	15943,	'2017-11-15 00:00:00',	NULL,	0,	NULL,	0,	NULL,	340,	'4015',	0,	NULL,	NULL),
(4540,	15571,	'2017-11-15 00:00:00',	NULL,	0,	NULL,	0,	NULL,	350,	'4015',	0,	NULL,	NULL),
(4541,	15615,	'2017-11-15 00:00:00',	NULL,	0,	NULL,	0,	NULL,	8400,	NULL,	0,	NULL,	NULL),
(4543,	15721,	'2017-11-15 00:00:00',	NULL,	0,	NULL,	0,	NULL,	9038,	NULL,	0,	NULL,	NULL),
(4545,	15722,	'2017-11-15 00:00:00',	NULL,	0,	NULL,	0,	NULL,	3720,	NULL,	0,	NULL,	NULL),
(4546,	15723,	'2017-11-15 00:00:00',	NULL,	0,	NULL,	0,	NULL,	2405,	NULL,	0,	NULL,	NULL),
(4547,	15724,	'2017-11-15 00:00:00',	NULL,	0,	NULL,	0,	NULL,	3033,	NULL,	0,	NULL,	NULL),
(4548,	15725,	'2017-11-15 00:00:00',	NULL,	0,	NULL,	0,	NULL,	3960,	NULL,	0,	NULL,	NULL),
(4549,	15726,	'2017-11-15 00:00:00',	NULL,	0,	NULL,	0,	NULL,	1273,	NULL,	0,	NULL,	NULL),
(4550,	15727,	'2017-11-15 00:00:00',	NULL,	0,	NULL,	0,	NULL,	960,	NULL,	0,	NULL,	NULL),
(4551,	15852,	'2017-11-15 00:00:00',	'RR',	0,	NULL,	0,	NULL,	0,	NULL,	17000,	'RR',	NULL),
(4552,	15881,	'2017-11-15 00:00:00',	NULL,	0,	NULL,	0,	NULL,	7560,	NULL,	0,	NULL,	NULL),
(4553,	15948,	'2017-11-15 00:00:00',	NULL,	2448,	NULL,	0,	NULL,	0,	NULL,	0,	NULL,	NULL),
(4554,	16004,	'2017-11-15 00:00:00',	NULL,	2592,	NULL,	0,	NULL,	0,	NULL,	0,	NULL,	NULL),
(4555,	16027,	'2017-11-15 00:00:00',	NULL,	0,	NULL,	0,	NULL,	2592,	NULL,	0,	NULL,	NULL),
(4561,	16096,	'2017-11-21 00:00:00',	NULL,	0,	NULL,	0,	NULL,	280,	'RSR',	0,	NULL,	NULL),
(4562,	16104,	'2017-11-22 00:00:00',	'DB',	246,	'9849',	0,	NULL,	4,	'9849',	0,	NULL,	NULL),
(4563,	16101,	'2017-11-27 00:00:00',	NULL,	0,	NULL,	0,	NULL,	185,	'4015',	0,	NULL,	NULL),
(4564,	16100,	'2017-11-27 00:00:00',	NULL,	0,	NULL,	0,	NULL,	295,	'4015',	0,	NULL,	NULL),
(4565,	16102,	'2017-11-27 00:00:00',	NULL,	0,	NULL,	0,	NULL,	0,	NULL,	0,	NULL,	NULL),
(4566,	16103,	'2017-11-27 00:00:00',	NULL,	0,	NULL,	0,	NULL,	185,	'4015',	0,	NULL,	NULL),
(4567,	16094,	'2017-11-27 00:00:00',	NULL,	0,	NULL,	0,	NULL,	400,	'4015',	0,	NULL,	NULL),
(4568,	16099,	'2017-11-27 00:00:00',	NULL,	0,	NULL,	0,	NULL,	362,	'4015',	0,	NULL,	NULL),
(4571,	16074,	'2017-11-27 00:00:00',	'4015',	101,	'4015',	0,	NULL,	0,	NULL,	0,	NULL,	NULL),
(4572,	16077,	'2017-11-27 00:00:00',	'4015',	2700,	'4015',	0,	NULL,	300,	NULL,	0,	NULL,	NULL),
(4573,	15968,	'2017-11-27 00:00:00',	NULL,	0,	NULL,	0,	NULL,	1620,	'RSR',	0,	NULL,	NULL),
(4574,	16127,	'2017-11-27 00:00:00',	NULL,	0,	NULL,	0,	NULL,	5,	'RSR',	539,	'RSR',	NULL),
(4575,	16089,	'2017-11-28 00:00:00',	'BobC',	0,	NULL,	0,	NULL,	0,	NULL,	192,	'BobC',	NULL),
(4576,	16092,	'2017-11-28 00:00:00',	NULL,	0,	NULL,	0,	NULL,	192,	'RSR',	0,	NULL,	NULL),
(4577,	16098,	'2017-11-29 00:00:00',	'4015',	0,	NULL,	0,	NULL,	250,	'4015',	0,	NULL,	NULL),
(4578,	16112,	'2017-11-29 00:00:00',	'4015',	376,	NULL,	0,	NULL,	84,	'4015',	0,	NULL,	NULL),
(4579,	16056,	'2017-11-29 00:00:00',	NULL,	0,	NULL,	0,	NULL,	3888,	'4015',	0,	NULL,	NULL),
(4580,	16023,	'2017-11-30 00:00:00',	NULL,	448,	'4015',	0,	NULL,	0,	NULL,	0,	NULL,	NULL),
(4595,	16062,	'2017-11-30 00:00:00',	'DB',	200,	'4718',	0,	NULL,	0,	NULL,	0,	NULL,	NULL),
(4609,	16065,	'2017-11-30 00:00:00',	'DB',	6600,	NULL,	0,	NULL,	0,	NULL,	0,	NULL,	NULL),
(4611,	16140,	'2017-11-30 00:00:00',	'RSR',	0,	NULL,	0,	NULL,	0,	NULL,	450,	'RSR',	NULL),
(4612,	16133,	'2017-12-04 00:00:00',	'DB',	1597,	'4718',	0,	NULL,	3,	NULL,	0,	NULL,	NULL),
(4623,	15940,	'2017-12-04 00:00:00',	'DB',	720,	'926',	0,	NULL,	0,	NULL,	0,	NULL,	NULL),
(4624,	15839,	'2017-12-04 00:00:00',	'DB',	969,	'3919',	0,	NULL,	61,	'3919',	0,	NULL,	NULL),
(4625,	16097,	'2017-12-04 00:00:00',	'DB',	416,	'NN',	0,	NULL,	0,	NULL,	0,	NULL,	NULL),
(4629,	16153,	'2017-12-04 00:00:00',	NULL,	0,	NULL,	0,	NULL,	1202,	'4015',	0,	NULL,	NULL),
(4630,	16126,	'2017-12-05 00:00:00',	'DB',	199,	'5507',	0,	NULL,	1,	NULL,	0,	NULL,	NULL),
(4633,	16068,	'2017-12-05 00:00:00',	'DB',	716,	'4718',	0,	NULL,	4,	NULL,	0,	NULL,	NULL),
(4640,	16159,	'2017-12-07 00:00:00',	'4015',	239,	'4015',	0,	NULL,	401,	NULL,	0,	NULL,	NULL),
(4641,	16158,	'2017-12-07 00:00:00',	NULL,	0,	NULL,	0,	NULL,	429,	NULL,	0,	NULL,	NULL),
(4642,	16166,	'2017-12-07 00:00:00',	NULL,	64,	'4015',	0,	NULL,	8,	NULL,	0,	NULL,	NULL),
(4644,	16167,	'2017-12-07 00:00:00',	'4015',	98,	'4015',	0,	NULL,	14,	NULL,	0,	NULL,	NULL),
(4646,	16128,	'2017-12-07 00:00:00',	'DB',	544,	NULL,	0,	NULL,	0,	'0',	0,	NULL,	NULL),
(4647,	16171,	'2017-12-07 00:00:00',	NULL,	0,	NULL,	0,	NULL,	1122,	NULL,	0,	NULL,	NULL),
(4654,	15908,	'2017-12-08 00:00:00',	'DB',	4752,	NULL,	0,	NULL,	0,	NULL,	0,	NULL,	NULL),
(4655,	15994,	'2017-12-08 00:00:00',	NULL,	0,	NULL,	0,	NULL,	750,	NULL,	0,	NULL,	NULL),
(4657,	16157,	'2017-12-08 00:00:00',	NULL,	0,	NULL,	0,	NULL,	690,	'kf',	0,	NULL,	NULL),
(4663,	15784,	'2017-12-11 00:00:00',	NULL,	0,	NULL,	0,	NULL,	150,	NULL,	0,	NULL,	NULL),
(4664,	15930,	'2017-12-11 00:00:00',	NULL,	0,	NULL,	0,	NULL,	150,	NULL,	0,	NULL,	NULL),
(4666,	16088,	'2017-12-11 00:00:00',	NULL,	0,	NULL,	0,	NULL,	150,	NULL,	0,	NULL,	NULL),
(4667,	16175,	'2017-12-11 00:00:00',	NULL,	0,	NULL,	0,	NULL,	1664,	NULL,	0,	NULL,	NULL),
(4668,	16145,	'2017-12-11 00:00:00',	NULL,	0,	NULL,	0,	NULL,	300,	NULL,	0,	NULL,	NULL),
(4670,	16162,	'2017-12-11 00:00:00',	NULL,	0,	NULL,	0,	NULL,	0,	NULL,	0,	NULL,	NULL),
(4672,	16205,	'2017-12-13 00:00:00',	'DB',	400,	'LB',	0,	NULL,	0,	NULL,	0,	NULL,	NULL),
(4673,	16165,	'2017-12-13 00:00:00',	NULL,	338,	'4015',	0,	NULL,	46,	NULL,	0,	NULL,	NULL),
(4674,	16238,	'2017-12-19 00:00:00',	'4015',	648,	'4015',	0,	NULL,	0,	NULL,	0,	NULL,	NULL),
(4675,	16226,	'2017-12-29 00:00:00',	NULL,	0,	NULL,	0,	NULL,	342,	NULL,	0,	NULL,	NULL),
(4676,	16231,	'2018-01-02 00:00:00',	NULL,	0,	NULL,	0,	NULL,	1000,	NULL,	0,	NULL,	NULL),
(4677,	16252,	'2018-01-02 00:00:00',	NULL,	0,	NULL,	0,	NULL,	3432,	NULL,	0,	NULL,	NULL),
(4678,	16244,	'2018-01-02 00:00:00',	NULL,	0,	NULL,	0,	NULL,	250,	NULL,	0,	NULL,	NULL),
(4679,	16212,	'2018-01-02 00:00:00',	'DB',	0,	NULL,	0,	NULL,	0,	NULL,	2145,	NULL,	NULL),
(4683,	16250,	'2018-01-05 00:00:00',	'GP',	0,	NULL,	0,	NULL,	159,	'RZ',	341,	NULL,	NULL),
(4684,	16261,	'2018-01-09 00:00:00',	NULL,	0,	NULL,	0,	NULL,	429,	'4852',	0,	NULL,	NULL),
(4685,	16273,	'2018-01-09 00:00:00',	NULL,	0,	NULL,	0,	NULL,	1716,	'4854',	0,	NULL,	NULL),
(4690,	16191,	'2018-01-12 00:00:00',	'4015',	150,	'4015',	0,	NULL,	0,	NULL,	0,	NULL,	NULL),
(4695,	16230,	'2018-01-12 00:00:00',	NULL,	0,	NULL,	0,	NULL,	120,	NULL,	0,	NULL,	NULL),
(4698,	16078,	'2018-01-15 00:00:00',	'4015',	3000,	'4015',	0,	NULL,	0,	NULL,	0,	NULL,	NULL),
(4699,	16190,	'2018-01-15 00:00:00',	NULL,	0,	NULL,	0,	NULL,	0,	NULL,	0,	NULL,	NULL),
(4700,	16216,	'2018-01-16 00:00:00',	NULL,	0,	NULL,	0,	NULL,	4320,	NULL,	0,	NULL,	NULL),
(4702,	16310,	'2018-01-16 00:00:00',	NULL,	0,	NULL,	0,	NULL,	858,	'KE',	0,	NULL,	NULL),
(4703,	16307,	'2018-01-16 00:00:00',	NULL,	0,	NULL,	0,	NULL,	858,	'KE',	0,	NULL,	NULL),
(4704,	16220,	'2018-01-16 00:00:00',	'DB',	800,	NULL,	0,	NULL,	0,	NULL,	0,	NULL,	NULL),
(4707,	16313,	'2018-01-17 00:00:00',	NULL,	0,	NULL,	0,	NULL,	100,	NULL,	0,	NULL,	NULL),
(4710,	16328,	'2018-01-22 00:00:00',	'DB',	210,	'769',	0,	NULL,	0,	NULL,	0,	NULL,	NULL),
(4712,	16308,	'2018-01-25 00:00:00',	NULL,	1014,	'4015',	0,	NULL,	0,	NULL,	0,	NULL,	NULL),
(4713,	16314,	'2018-01-25 00:00:00',	NULL,	100,	'4015',	0,	NULL,	0,	NULL,	0,	NULL,	NULL),
(4714,	16309,	'2018-01-26 00:00:00',	NULL,	0,	NULL,	0,	NULL,	3432,	NULL,	0,	NULL,	NULL),
(4715,	16236,	'2018-01-26 00:00:00',	NULL,	0,	NULL,	0,	NULL,	0,	NULL,	0,	NULL,	NULL),
(4718,	16294,	'2018-01-26 00:00:00',	'DB',	0,	NULL,	0,	NULL,	0,	NULL,	400,	NULL,	NULL),
(4725,	16189,	'2018-01-30 00:00:00',	NULL,	500,	'4015',	0,	NULL,	0,	NULL,	0,	NULL,	NULL),
(4726,	16358,	'2018-01-30 00:00:00',	NULL,	700,	'4015',	0,	NULL,	0,	NULL,	0,	NULL,	NULL),
(4727,	16366,	'2018-01-30 00:00:00',	NULL,	1728,	'4015',	0,	NULL,	0,	NULL,	0,	NULL,	NULL),
(4728,	16362,	'2018-01-30 00:00:00',	NULL,	1080,	'4015',	0,	NULL,	0,	NULL,	0,	NULL,	NULL),
(4729,	16373,	'2018-02-01 00:00:00',	'4015',	300,	'4015',	0,	NULL,	0,	NULL,	0,	NULL,	NULL),
(4733,	16333,	'2018-02-01 00:00:00',	NULL,	0,	NULL,	0,	NULL,	532,	NULL,	0,	NULL,	NULL),
(4734,	16340,	'2018-02-01 00:00:00',	NULL,	0,	NULL,	0,	NULL,	105,	'4015',	0,	NULL,	NULL),
(4735,	16382,	'2018-02-01 00:00:00',	NULL,	0,	NULL,	0,	NULL,	2500,	NULL,	0,	NULL,	NULL),
(4739,	16378,	'2018-02-01 00:00:00',	'DB',	150,	'JS',	0,	NULL,	0,	NULL,	0,	NULL,	NULL),
(4742,	16395,	'2018-02-02 00:00:00',	'DB',	0,	NULL,	0,	NULL,	0,	NULL,	192,	NULL,	NULL),
(4743,	16042,	'2018-02-02 00:00:00',	'DB',	0,	NULL,	0,	NULL,	0,	NULL,	266,	NULL,	NULL),
(4744,	16043,	'2018-02-02 00:00:00',	'DB',	0,	NULL,	0,	NULL,	0,	NULL,	300,	NULL,	NULL),
(4746,	16182,	'2018-02-02 00:00:00',	'DB',	0,	NULL,	0,	NULL,	0,	NULL,	125,	NULL,	NULL),
(4750,	16223,	'2018-02-02 00:00:00',	'DB',	0,	NULL,	0,	NULL,	170,	'KC',	0,	NULL,	NULL),
(4756,	16357,	'2018-02-02 00:00:00',	'DB',	0,	NULL,	0,	NULL,	0,	NULL,	1500,	NULL,	NULL),
(4757,	16359,	'2018-02-05 00:00:00',	'DB',	1411,	'9896',	0,	NULL,	0,	NULL,	0,	NULL,	NULL),
(4758,	16345,	'2018-02-05 00:00:00',	'DB',	2460,	'14718',	0,	NULL,	0,	NULL,	0,	NULL,	NULL),
(4759,	16257,	'2018-02-05 00:00:00',	NULL,	0,	NULL,	0,	NULL,	1104,	'MC',	0,	NULL,	NULL),
(4765,	16360,	'2018-02-06 00:00:00',	'DB',	203,	'4718',	0,	NULL,	0,	NULL,	0,	NULL,	NULL),
(4766,	16279,	'2018-02-06 00:00:00',	'DB',	3000,	'4718',	0,	NULL,	0,	NULL,	0,	NULL,	NULL),
(4769,	16240,	'2018-02-06 00:00:00',	'DB',	800,	'4718',	0,	NULL,	0,	NULL,	0,	NULL,	NULL),
(4771,	16394,	'2018-02-06 00:00:00',	'DB',	220,	'4718',	0,	NULL,	2,	NULL,	0,	NULL,	NULL),
(4776,	16193,	'2018-02-06 00:00:00',	'DB',	960,	NULL,	0,	NULL,	0,	NULL,	0,	NULL,	NULL),
(4777,	16245,	'2018-02-06 00:00:00',	'DB',	640,	'4718',	0,	NULL,	0,	NULL,	0,	NULL,	NULL),
(4780,	16423,	'2018-02-08 00:00:00',	NULL,	0,	NULL,	0,	NULL,	130,	'4015',	0,	NULL,	NULL),
(4781,	16339,	'2018-02-08 00:00:00',	'DB',	635,	'1001',	0,	NULL,	365,	'5005',	0,	NULL,	NULL),
(4782,	16388,	'2018-02-08 00:00:00',	NULL,	0,	'5005',	0,	NULL,	1940,	'5716',	0,	NULL,	NULL),
(4783,	16398,	'2018-02-08 00:00:00',	NULL,	0,	NULL,	0,	NULL,	90,	NULL,	0,	NULL,	NULL),
(4784,	16329,	'2018-02-08 00:00:00',	'DB',	5250,	'SB',	0,	NULL,	0,	NULL,	0,	NULL,	NULL),
(4785,	16295,	'2018-02-08 00:00:00',	'DB',	586,	'SB',	0,	NULL,	0,	NULL,	0,	NULL,	NULL),
(4786,	16206,	'2018-02-08 00:00:00',	NULL,	0,	NULL,	0,	NULL,	360,	NULL,	0,	NULL,	NULL),
(4787,	16237,	'2018-02-08 00:00:00',	'DB',	1440,	'4718',	0,	NULL,	0,	NULL,	0,	NULL,	NULL),
(4788,	16288,	'2018-02-08 00:00:00',	'DB',	2099,	'SB',	0,	NULL,	0,	NULL,	0,	NULL,	NULL),
(4791,	16251,	'2018-02-08 00:00:00',	'DB',	500,	'SB',	0,	NULL,	0,	NULL,	0,	NULL,	NULL),
(4792,	16286,	'2018-02-08 00:00:00',	'DB',	210,	'SB',	0,	NULL,	0,	NULL,	0,	NULL,	NULL),
(4797,	16275,	'2018-02-09 00:00:00',	'DB',	603,	'262',	0,	NULL,	0,	NULL,	0,	NULL,	NULL),
(4800,	16453,	'2018-02-14 00:00:00',	'4015',	40,	'4015',	0,	NULL,	72,	NULL,	0,	NULL,	NULL),
(4801,	16443,	'2018-02-14 00:00:00',	NULL,	0,	NULL,	0,	NULL,	2,	'MO',	0,	NULL,	NULL),
(4803,	16447,	'2018-02-14 00:00:00',	'DB',	0,	NULL,	0,	NULL,	0,	NULL,	192,	NULL,	NULL),
(4804,	16451,	'2018-02-14 00:00:00',	NULL,	0,	NULL,	0,	NULL,	858,	NULL,	0,	NULL,	NULL),
(4811,	16408,	'2018-02-20 00:00:00',	'RSR',	0,	NULL,	0,	NULL,	0,	NULL,	160,	'RSR',	NULL),
(4813,	16476,	'2018-02-20 00:00:00',	'DB',	0,	NULL,	0,	NULL,	0,	NULL,	100,	NULL,	NULL),
(4815,	16421,	'2018-02-22 00:00:00',	NULL,	2157,	NULL,	0,	NULL,	93,	NULL,	0,	NULL,	NULL),
(4816,	16481,	'2018-02-22 00:00:00',	NULL,	360,	'4015',	0,	NULL,	0,	NULL,	0,	NULL,	NULL),
(4817,	16449,	'2018-02-22 00:00:00',	NULL,	970,	'4015',	0,	NULL,	30,	NULL,	0,	NULL,	NULL),
(4818,	16432,	'2018-02-22 00:00:00',	NULL,	0,	NULL,	0,	NULL,	91,	NULL,	0,	NULL,	NULL),
(4819,	16484,	'2018-02-22 00:00:00',	'DB',	314,	'993',	0,	NULL,	56,	'993',	0,	NULL,	NULL),
(4824,	16441,	'2018-02-22 00:00:00',	NULL,	0,	NULL,	0,	NULL,	70,	'RSR',	0,	NULL,	NULL),
(4825,	16442,	'2018-02-22 00:00:00',	NULL,	0,	NULL,	0,	NULL,	701,	'RSR',	0,	NULL,	NULL),
(4828,	16380,	'2018-02-22 00:00:00',	NULL,	0,	NULL,	0,	NULL,	6500,	'RSR',	0,	NULL,	NULL),
(4829,	16370,	'2018-02-22 00:00:00',	NULL,	0,	NULL,	0,	NULL,	900,	'RSR',	0,	NULL,	NULL),
(4830,	16477,	'2018-02-23 00:00:00',	'DB',	746,	'5628',	0,	NULL,	9,	'5628',	0,	NULL,	NULL),
(4832,	16478,	'2018-02-23 00:00:00',	'DB',	0,	NULL,	0,	NULL,	0,	NULL,	900,	NULL,	NULL),
(4833,	16337,	'2018-02-23 00:00:00',	NULL,	0,	NULL,	0,	NULL,	1500,	'4015',	0,	NULL,	NULL),
(4834,	16472,	'2018-02-23 00:00:00',	NULL,	0,	NULL,	0,	NULL,	690,	'4015',	0,	NULL,	NULL),
(4835,	16473,	'2018-02-23 00:00:00',	NULL,	0,	NULL,	0,	NULL,	324,	'4015',	0,	NULL,	NULL),
(4836,	16464,	'2018-02-23 00:00:00',	NULL,	0,	NULL,	0,	NULL,	2464,	'4015',	0,	NULL,	NULL),
(4837,	16431,	'2018-02-23 00:00:00',	NULL,	16000,	NULL,	0,	NULL,	0,	NULL,	0,	NULL,	NULL),
(4838,	16446,	'2018-02-23 00:00:00',	NULL,	2500,	'4015',	0,	NULL,	0,	NULL,	0,	NULL,	NULL),
(4840,	16435,	'2018-02-26 00:00:00',	'DB',	199,	'769',	0,	NULL,	1,	'769',	0,	NULL,	NULL),
(4844,	16434,	'2018-02-26 00:00:00',	'DB',	265,	'769',	0,	NULL,	1,	'769',	0,	NULL,	NULL),
(4845,	16527,	'2018-02-27 00:00:00',	NULL,	1223,	'4015',	0,	NULL,	0,	NULL,	0,	NULL,	NULL),
(4846,	16500,	'2018-02-27 00:00:00',	NULL,	0,	NULL,	0,	NULL,	370,	'MC',	0,	NULL,	NULL),
(4849,	16493,	'2018-02-28 00:00:00',	'DB',	320,	'JK',	0,	NULL,	0,	NULL,	0,	NULL,	NULL),
(4856,	16511,	'2018-02-28 00:00:00',	NULL,	0,	NULL,	0,	NULL,	150,	'SB',	0,	NULL,	NULL),
(4857,	16497,	'2018-02-28 00:00:00',	NULL,	0,	NULL,	0,	NULL,	147,	'SB',	0,	NULL,	NULL),
(4860,	16492,	'2018-02-28 00:00:00',	'DB',	394,	NULL,	0,	NULL,	6,	NULL,	0,	NULL,	NULL),
(4861,	16538,	'2018-03-01 00:00:00',	'DB',	623,	'673/769',	0,	NULL,	2,	'673/769',	0,	NULL,	NULL),
(4862,	16498,	'2018-03-01 00:00:00',	NULL,	0,	NULL,	0,	NULL,	860,	'4015',	0,	NULL,	NULL),
(4869,	16510,	'2018-03-01 00:00:00',	NULL,	0,	NULL,	0,	NULL,	136,	'RSR',	0,	NULL,	NULL),
(4881,	16363,	'2018-03-05 00:00:00',	NULL,	0,	NULL,	0,	NULL,	224,	'RSR',	0,	NULL,	NULL),
(4882,	16292,	'2018-03-05 00:00:00',	NULL,	0,	NULL,	0,	NULL,	262,	'RSR',	0,	NULL,	NULL),
(4883,	16274,	'2018-03-05 00:00:00',	NULL,	0,	NULL,	0,	NULL,	460,	'RSR',	0,	NULL,	NULL),
(4884,	16572,	'2018-03-07 00:00:00',	'DB',	0,	NULL,	0,	NULL,	0,	NULL,	96,	NULL,	NULL),
(4885,	16569,	'2018-03-07 00:00:00',	'DB',	0,	NULL,	0,	NULL,	0,	NULL,	0,	NULL,	NULL),
(4886,	16553,	'2018-03-07 00:00:00',	NULL,	0,	NULL,	0,	NULL,	858,	NULL,	0,	NULL,	NULL),
(4889,	16450,	'2018-03-08 00:00:00',	NULL,	0,	NULL,	0,	NULL,	110,	'4015',	0,	NULL,	NULL),
(4890,	16558,	'2018-03-08 00:00:00',	NULL,	0,	NULL,	0,	NULL,	100,	'4015',	0,	NULL,	NULL),
(4891,	16437,	'2018-03-09 00:00:00',	NULL,	0,	NULL,	0,	NULL,	450,	'RSR',	0,	NULL,	NULL),
(4893,	16577,	'2018-03-13 00:00:00',	NULL,	0,	NULL,	0,	NULL,	3432,	'KB',	0,	NULL,	NULL),
(4894,	16596,	'2018-03-13 00:00:00',	'DB',	0,	NULL,	0,	NULL,	0,	NULL,	2400,	NULL,	NULL),
(4895,	16607,	'2018-03-13 00:00:00',	'DB',	0,	NULL,	0,	NULL,	0,	NULL,	1170,	NULL,	NULL),
(4896,	16592,	'2018-03-13 00:00:00',	NULL,	0,	NULL,	0,	NULL,	11,	'NKG',	0,	NULL,	NULL),
(4897,	16583,	'2018-03-13 00:00:00',	'DB',	5038,	NULL,	0,	NULL,	2,	NULL,	0,	NULL,	NULL),
(4899,	16550,	'2018-03-13 00:00:00',	'DB',	700,	NULL,	0,	NULL,	0,	NULL,	0,	NULL,	NULL),
(4902,	16620,	'2018-03-15 00:00:00',	NULL,	0,	NULL,	0,	NULL,	2,	'RSR',	2014,	'RSR',	NULL),
(4903,	16501,	'2018-03-19 00:00:00',	'4015',	1119,	'4015',	0,	NULL,	1,	NULL,	0,	NULL,	NULL),
(4904,	16502,	'2018-03-19 00:00:00',	'4015',	960,	'4015',	0,	NULL,	0,	NULL,	0,	NULL,	NULL),
(4905,	16422,	'2018-03-19 00:00:00',	'4015',	220,	'4015',	0,	NULL,	0,	NULL,	0,	NULL,	NULL),
(4906,	16467,	'2018-03-19 00:00:00',	'4015',	100,	'4015',	0,	NULL,	0,	NULL,	0,	NULL,	NULL),
(4907,	16632,	'2018-03-19 00:00:00',	'4015',	100,	'4015',	0,	NULL,	0,	NULL,	0,	NULL,	NULL),
(4909,	16643,	'2018-03-20 00:00:00',	'DB',	0,	NULL,	0,	NULL,	0,	NULL,	192,	NULL,	NULL),
(4910,	16638,	'2018-03-20 00:00:00',	'DB',	899,	NULL,	0,	NULL,	1,	NULL,	0,	NULL,	NULL),
(4912,	16637,	'2018-03-20 00:00:00',	'DB',	0,	NULL,	0,	NULL,	0,	NULL,	192,	NULL,	NULL),
(4913,	16631,	'2018-03-20 00:00:00',	'DB',	0,	NULL,	0,	NULL,	0,	NULL,	142,	NULL,	NULL),
(4914,	16621,	'2018-03-20 00:00:00',	NULL,	0,	NULL,	0,	NULL,	2300,	NULL,	0,	NULL,	NULL),
(4915,	16557,	'2018-03-20 00:00:00',	NULL,	0,	NULL,	0,	NULL,	159,	NULL,	0,	NULL,	NULL),
(4916,	16588,	'2018-03-20 00:00:00',	NULL,	0,	NULL,	0,	NULL,	350,	NULL,	0,	NULL,	NULL),
(4917,	16636,	'2018-03-20 00:00:00',	NULL,	0,	NULL,	0,	NULL,	125,	'RSR',	0,	NULL,	NULL),
(4918,	16648,	'2018-03-21 00:00:00',	NULL,	0,	NULL,	0,	NULL,	1155,	'RSR',	0,	NULL,	NULL),
(4919,	16629,	'2018-03-21 00:00:00',	NULL,	0,	NULL,	0,	NULL,	1287,	'RSR',	0,	NULL,	NULL),
(4920,	16613,	'2018-03-21 00:00:00',	NULL,	0,	NULL,	0,	NULL,	1505,	'RSR',	0,	NULL,	NULL),
(4923,	16658,	'2018-03-22 00:00:00',	'DB',	489,	'9989',	0,	NULL,	30,	'9989',	0,	NULL,	NULL),
(4926,	16610,	'2018-03-22 00:00:00',	NULL,	0,	NULL,	0,	NULL,	58,	'RSR',	0,	NULL,	NULL),
(4927,	16657,	'2018-03-23 00:00:00',	'RSR',	0,	NULL,	0,	NULL,	420,	'RSR',	30,	'RSR',	NULL),
(4928,	16618,	'2018-03-23 00:00:00',	'RSR',	844,	'RSR',	0,	NULL,	0,	NULL,	0,	NULL,	NULL),
(4929,	16627,	'2018-03-26 00:00:00',	NULL,	0,	NULL,	0,	NULL,	532,	'5716',	0,	NULL,	NULL),
(4930,	16619,	'2018-03-26 00:00:00',	NULL,	0,	NULL,	0,	NULL,	1344,	'5716',	0,	NULL,	NULL),
(4931,	16609,	'2018-03-26 00:00:00',	NULL,	0,	NULL,	0,	NULL,	144,	'5716',	0,	NULL,	NULL),
(4932,	16678,	'2018-03-27 00:00:00',	'DB',	352,	'602',	0,	NULL,	8,	'3905',	0,	NULL,	NULL),
(4934,	16461,	'2018-03-27 00:00:00',	'DB',	0,	NULL,	0,	NULL,	0,	NULL,	181,	NULL,	NULL),
(4936,	16662,	'2018-03-27 00:00:00',	NULL,	0,	NULL,	0,	NULL,	858,	NULL,	0,	NULL,	NULL),
(4938,	16679,	'2018-03-27 00:00:00',	'DB',	960,	'960',	0,	NULL,	0,	NULL,	0,	NULL,	NULL),
(4944,	16689,	'2018-03-27 00:00:00',	NULL,	0,	NULL,	0,	NULL,	78,	NULL,	0,	NULL,	NULL),
(4946,	16687,	'2018-03-27 00:00:00',	'DB',	145,	'JV',	0,	NULL,	5,	NULL,	0,	NULL,	NULL),
(4947,	16692,	'2018-03-27 00:00:00',	'RSR',	1064,	'RSR',	0,	NULL,	0,	NULL,	0,	NULL,	NULL),
(4948,	16684,	'2018-03-28 00:00:00',	NULL,	0,	NULL,	0,	NULL,	33,	'4015',	0,	NULL,	NULL),
(4949,	16704,	'2018-03-28 00:00:00',	'RSR',	0,	NULL,	0,	NULL,	0,	NULL,	7650,	'RSR',	NULL),
(4950,	16697,	'2018-03-28 00:00:00',	NULL,	0,	NULL,	0,	NULL,	4488,	'RSR',	0,	NULL,	NULL),
(4951,	16701,	'2018-03-28 00:00:00',	NULL,	0,	NULL,	0,	NULL,	0,	NULL,	0,	NULL,	NULL),
(4952,	16705,	'2018-03-28 00:00:00',	NULL,	0,	NULL,	0,	NULL,	1100,	'RSR',	0,	NULL,	NULL),
(4953,	16663,	'2018-03-29 00:00:00',	NULL,	0,	NULL,	0,	NULL,	48,	'nkg',	0,	NULL,	NULL),
(4954,	16688,	'2018-04-02 00:00:00',	NULL,	0,	NULL,	0,	NULL,	493,	'RSR',	1447,	'RSR',	NULL),
(4955,	16667,	'2018-04-02 00:00:00',	'RSR',	0,	NULL,	0,	NULL,	1,	'RSR',	959,	'RSR',	NULL),
(4956,	16600,	'2018-04-02 00:00:00',	'RSR',	0,	NULL,	0,	NULL,	0,	NULL,	350,	'RSR',	NULL),
(4957,	16602,	'2018-04-02 00:00:00',	'RSR',	0,	NULL,	0,	NULL,	1,	'RSR',	1799,	'RSR',	NULL),
(4958,	16669,	'2018-04-02 00:00:00',	'RSR',	0,	NULL,	0,	NULL,	8,	'RSR',	942,	'RSR',	NULL),
(4960,	16722,	'2018-04-04 00:00:00',	'DB',	0,	NULL,	0,	NULL,	0,	NULL,	160,	NULL,	NULL),
(4961,	16721,	'2018-04-04 00:00:00',	'DB',	0,	NULL,	0,	NULL,	0,	NULL,	160,	NULL,	NULL),
(4963,	16716,	'2018-04-04 00:00:00',	'DB',	0,	NULL,	0,	NULL,	0,	NULL,	192,	NULL,	NULL),
(4964,	16661,	'2018-04-04 00:00:00',	'DB',	0,	NULL,	0,	NULL,	0,	NULL,	0,	NULL,	NULL),
(4966,	16608,	'2018-04-04 00:00:00',	'RSR',	0,	NULL,	0,	NULL,	4,	'RSR',	1177,	'RSR',	NULL),
(4967,	16700,	'2018-04-04 00:00:00',	'RSR',	0,	NULL,	0,	NULL,	77,	'RSR',	123,	'RSR',	NULL),
(4968,	16680,	'2018-04-04 00:00:00',	'RSR',	0,	NULL,	0,	NULL,	35,	'RSR',	40,	'RSR',	NULL),
(4969,	16710,	'2018-04-05 00:00:00',	'116',	0,	NULL,	0,	NULL,	600,	'116',	700,	'116',	NULL),
(4970,	16723,	'2018-04-05 00:00:00',	'RSR',	0,	NULL,	0,	NULL,	38,	'116',	187,	'116',	NULL),
(4973,	16711,	'2018-04-06 00:00:00',	NULL,	0,	NULL,	0,	NULL,	180,	'SM',	0,	NULL,	NULL),
(4976,	16677,	'2018-04-09 00:00:00',	NULL,	0,	NULL,	0,	NULL,	466,	'YL',	0,	NULL,	NULL),
(4977,	16494,	'2018-04-09 00:00:00',	NULL,	0,	NULL,	0,	NULL,	0,	NULL,	0,	NULL,	NULL),
(4978,	16575,	'2018-04-09 00:00:00',	'DB',	0,	NULL,	0,	NULL,	7,	NULL,	663,	NULL,	NULL),
(4979,	16685,	'2018-04-09 00:00:00',	'DB',	0,	NULL,	0,	NULL,	22,	NULL,	578,	NULL,	NULL),
(4980,	16709,	'2018-04-09 00:00:00',	'DB',	0,	NULL,	0,	NULL,	0,	NULL,	1650,	NULL,	NULL),
(4981,	16726,	'2018-04-09 00:00:00',	'DB',	0,	NULL,	0,	NULL,	0,	NULL,	192,	NULL,	NULL),
(4982,	16712,	'2018-04-10 00:00:00',	'BB',	0,	NULL,	0,	NULL,	0,	NULL,	1000,	'BB',	NULL),
(4983,	16751,	'2018-04-13 00:00:00',	'5016',	0,	NULL,	0,	NULL,	0,	NULL,	330,	'5016',	NULL),
(4986,	16752,	'2018-04-17 00:00:00',	'RZ',	7610,	'Prod.',	0,	NULL,	20,	'5716',	0,	NULL,	NULL),
(4987,	16757,	'2018-04-17 00:00:00',	'DB',	560,	'Prod.',	0,	NULL,	0,	NULL,	0,	NULL,	NULL),
(4990,	16735,	'2018-04-17 00:00:00',	NULL,	0,	NULL,	0,	NULL,	79,	NULL,	0,	NULL,	NULL),
(4991,	16778,	'2018-04-17 00:00:00',	'RSR',	0,	NULL,	0,	NULL,	0,	NULL,	337,	'RSR',	NULL),
(4992,	16781,	'2018-04-17 00:00:00',	'RSR',	0,	NULL,	0,	NULL,	0,	NULL,	330,	'RSR',	NULL),
(4993,	16790,	'2018-04-18 00:00:00',	'RSR',	3724,	'RSR',	0,	NULL,	0,	NULL,	0,	NULL,	NULL),
(4996,	16714,	'2018-04-19 00:00:00',	NULL,	0,	NULL,	0,	NULL,	594,	NULL,	0,	NULL,	NULL),
(4999,	16820,	'2018-04-25 00:00:00',	NULL,	0,	NULL,	0,	NULL,	98,	'5716',	0,	NULL,	NULL),
(5000,	16806,	'2018-04-25 00:00:00',	NULL,	0,	NULL,	0,	NULL,	228,	'5716',	0,	NULL,	NULL),
(5001,	16802,	'2018-04-25 00:00:00',	'RSR',	0,	NULL,	0,	NULL,	0,	NULL,	150,	'RSR',	NULL),
(5002,	16817,	'2018-04-25 00:00:00',	NULL,	0,	NULL,	0,	NULL,	136,	'5716',	0,	NULL,	NULL),
(5003,	16818,	'2018-04-25 00:00:00',	NULL,	0,	NULL,	0,	NULL,	132,	'5716',	0,	NULL,	NULL),
(5004,	16819,	'2018-04-25 00:00:00',	NULL,	0,	NULL,	0,	NULL,	205,	'5716',	0,	NULL,	NULL),
(5005,	16786,	'2018-04-25 00:00:00',	NULL,	0,	NULL,	0,	NULL,	1638,	'5716',	0,	NULL,	NULL),
(5006,	16845,	'2018-04-26 00:00:00',	'RSR',	0,	NULL,	0,	NULL,	15,	'RSR',	3185,	'RSR',	NULL),
(5007,	16795,	'2018-04-26 00:00:00',	NULL,	0,	NULL,	0,	NULL,	768,	'5716',	0,	NULL,	NULL),
(5008,	16828,	'2018-04-26 00:00:00',	NULL,	0,	NULL,	0,	NULL,	288,	'5716',	0,	NULL,	NULL),
(5009,	16803,	'2018-04-26 00:00:00',	NULL,	0,	NULL,	0,	NULL,	429,	'5716',	0,	NULL,	NULL),
(5010,	16762,	'2018-04-27 00:00:00',	'DB',	0,	NULL,	0,	NULL,	0,	NULL,	400,	'DB',	NULL),
(5013,	16794,	'2018-04-27 00:00:00',	'DB',	32400,	NULL,	0,	NULL,	0,	NULL,	0,	NULL,	NULL),
(5015,	16821,	'2018-04-27 00:00:00',	NULL,	0,	NULL,	0,	NULL,	109,	NULL,	0,	NULL,	NULL),
(5017,	16696,	'2018-04-30 00:00:00',	NULL,	0,	NULL,	0,	NULL,	110,	'5716',	0,	NULL,	NULL),
(5018,	16773,	'2018-04-30 00:00:00',	NULL,	0,	NULL,	0,	NULL,	326,	'5716',	334,	'5716',	NULL),
(5019,	16777,	'2018-04-30 00:00:00',	NULL,	0,	NULL,	0,	NULL,	463,	'6175',	0,	NULL,	NULL),
(5020,	16836,	'2018-04-30 00:00:00',	NULL,	0,	NULL,	0,	NULL,	277,	'5716',	0,	NULL,	NULL),
(5021,	16842,	'2018-04-30 00:00:00',	NULL,	0,	NULL,	0,	NULL,	1300,	'5716',	0,	NULL,	NULL),
(5022,	16733,	'2018-04-30 00:00:00',	NULL,	0,	NULL,	0,	NULL,	250,	'5716',	0,	NULL,	NULL),
(5023,	16737,	'2018-04-30 00:00:00',	NULL,	0,	NULL,	0,	NULL,	450,	'5716',	0,	NULL,	NULL),
(5024,	16848,	'2018-05-01 00:00:00',	'RSR',	0,	NULL,	0,	NULL,	0,	NULL,	160,	'RSR',	NULL),
(5025,	16805,	'2018-05-01 00:00:00',	NULL,	0,	NULL,	0,	NULL,	200,	'4015',	0,	NULL,	NULL),
(5026,	16858,	'2018-05-01 00:00:00',	NULL,	0,	NULL,	0,	NULL,	1872,	'4015',	0,	NULL,	NULL),
(5027,	16859,	'2018-05-01 00:00:00',	NULL,	0,	NULL,	0,	NULL,	468,	'4015',	0,	NULL,	NULL),
(5028,	16857,	'2018-05-01 00:00:00',	NULL,	0,	NULL,	0,	NULL,	576,	'4015',	0,	NULL,	NULL),
(5029,	16864,	'2018-05-04 00:00:00',	NULL,	480,	'9706',	0,	NULL,	44,	'9706',	0,	NULL,	NULL),
(5031,	16851,	'2018-05-07 00:00:00',	'DB',	0,	NULL,	0,	NULL,	0,	NULL,	1861,	NULL,	NULL),
(5033,	16839,	'2018-05-07 00:00:00',	'DB',	0,	NULL,	0,	NULL,	0,	NULL,	16000,	NULL,	NULL),
(5034,	16897,	'2018-05-08 00:00:00',	'4015',	266,	'4015',	0,	NULL,	0,	NULL,	0,	NULL,	NULL),
(5035,	16892,	'2018-05-08 00:00:00',	NULL,	0,	NULL,	0,	NULL,	NULL,	NULL,	0,	NULL,	NULL),
(5036,	16904,	'2018-05-09 00:00:00',	'RZ',	3134,	'LB',	0,	NULL,	58,	'LB',	0,	NULL,	NULL),
(5037,	16908,	'2018-05-09 00:00:00',	'RSR',	2250,	'RSR',	0,	NULL,	0,	NULL,	0,	NULL,	NULL),
(5038,	16873,	'2018-05-09 00:00:00',	NULL,	1050,	'3729',	0,	NULL,	12,	'3729',	0,	NULL,	NULL),
(5039,	16915,	'2018-05-10 00:00:00',	'4015',	160,	'4015',	0,	NULL,	0,	NULL,	0,	NULL,	NULL),
(5041,	16906,	'2018-05-10 00:00:00',	'4015',	0,	NULL,	0,	NULL,	60,	'4015',	0,	NULL,	NULL),
(5042,	16920,	'2018-05-10 00:00:00',	'RSR',	1344,	'RSR',	0,	NULL,	0,	NULL,	0,	NULL,	NULL),
(5043,	16901,	'2018-05-11 00:00:00',	NULL,	0,	NULL,	0,	NULL,	858,	NULL,	0,	NULL,	NULL),
(5053,	16902,	'2018-05-22 00:00:00',	'RSR',	0,	NULL,	0,	NULL,	0,	NULL,	160,	'RSR',	NULL),
(5054,	16878,	'2018-05-22 00:00:00',	'5716',	0,	NULL,	0,	NULL,	2,	'5716',	718,	'5716',	NULL),
(5055,	16910,	'2018-05-22 00:00:00',	NULL,	0,	NULL,	0,	NULL,	156,	'rsr',	0,	NULL,	NULL),
(5056,	16942,	'2018-05-22 00:00:00',	NULL,	0,	NULL,	0,	NULL,	600,	'rsr',	0,	NULL,	NULL),
(5057,	16889,	'2018-05-22 00:00:00',	NULL,	0,	NULL,	0,	NULL,	185,	'5716',	0,	NULL,	NULL),
(5058,	16952,	'2018-05-22 00:00:00',	NULL,	0,	NULL,	0,	NULL,	330,	'RSR',	0,	NULL,	NULL),
(5061,	16833,	'2018-05-24 00:00:00',	NULL,	0,	NULL,	0,	NULL,	80,	'4120',	0,	NULL,	NULL),
(5062,	16950,	'2018-05-25 00:00:00',	NULL,	0,	NULL,	0,	NULL,	468,	'RSR',	0,	NULL,	NULL),
(5063,	16973,	'2018-05-25 00:00:00',	'RSR',	0,	NULL,	0,	NULL,	0,	NULL,	4000,	'RSR',	NULL),
(5066,	16880,	'2018-05-25 00:00:00',	NULL,	0,	NULL,	0,	NULL,	288,	'RSR',	0,	NULL,	NULL),
(5067,	16870,	'2018-05-25 00:00:00',	NULL,	0,	NULL,	0,	NULL,	670,	'RSR',	0,	NULL,	NULL),
(5068,	16879,	'2018-05-25 00:00:00',	NULL,	0,	NULL,	0,	NULL,	192,	'RSR',	0,	NULL,	NULL),
(5069,	16877,	'2018-05-25 00:00:00',	NULL,	0,	NULL,	0,	NULL,	496,	NULL,	0,	NULL,	NULL),
(5070,	16949,	'2018-05-26 00:00:00',	'DB',	0,	NULL,	0,	NULL,	0,	NULL,	192,	NULL,	NULL),
(5075,	16992,	'2018-06-01 00:00:00',	'RSR',	0,	NULL,	0,	NULL,	154,	'RSR',	2342,	'RSR',	NULL),
(5076,	16989,	'2018-06-01 00:00:00',	'DB/RSR',	0,	NULL,	0,	NULL,	0,	NULL,	192,	'DB/RSR',	NULL),
(5077,	16978,	'2018-06-01 00:00:00',	NULL,	0,	NULL,	0,	NULL,	500,	'4281',	0,	NULL,	NULL),
(5078,	16995,	'2018-06-04 00:00:00',	'RZ',	8208,	'4700',	0,	NULL,	0,	NULL,	0,	NULL,	NULL),
(5079,	16997,	'2018-06-05 00:00:00',	'4015',	360,	'4015',	0,	NULL,	0,	NULL,	0,	NULL,	NULL),
(5080,	16999,	'2018-06-05 00:00:00',	NULL,	0,	NULL,	0,	NULL,	1680,	'5716',	0,	NULL,	NULL),
(5081,	17001,	'2018-06-05 00:00:00',	NULL,	0,	NULL,	0,	NULL,	986,	'5716',	0,	NULL,	NULL),
(5082,	16972,	'2018-06-06 00:00:00',	'DB',	0,	NULL,	0,	NULL,	0,	NULL,	1600,	NULL,	NULL),
(5084,	16862,	'2018-06-06 00:00:00',	NULL,	0,	NULL,	0,	NULL,	65,	NULL,	0,	NULL,	NULL),
(5087,	16939,	'2018-06-06 00:00:00',	'DB',	27000,	NULL,	0,	NULL,	0,	NULL,	0,	NULL,	NULL),
(5091,	16971,	'2018-06-06 00:00:00',	'DB',	0,	NULL,	0,	NULL,	0,	NULL,	1440,	NULL,	NULL),
(5093,	17012,	'2018-06-06 00:00:00',	'DB',	0,	NULL,	0,	NULL,	413,	NULL,	0,	NULL,	NULL),
(5096,	16946,	'2018-06-06 00:00:00',	NULL,	0,	NULL,	0,	NULL,	160,	'RSR',	0,	NULL,	NULL),
(5097,	17018,	'2018-06-07 00:00:00',	NULL,	0,	NULL,	0,	NULL,	7,	NULL,	0,	NULL,	NULL),
(5100,	17023,	'2018-06-08 00:00:00',	NULL,	0,	NULL,	0,	NULL,	206,	'RSR',	0,	NULL,	NULL),
(5101,	16883,	'2018-06-11 00:00:00',	NULL,	0,	NULL,	0,	NULL,	246,	'4015',	0,	NULL,	NULL),
(5102,	16882,	'2018-06-11 00:00:00',	NULL,	0,	NULL,	0,	NULL,	120,	'4015',	0,	NULL,	NULL),
(5105,	16829,	'2018-06-14 00:00:00',	'4015',	1800,	'4015',	0,	NULL,	0,	NULL,	0,	NULL,	NULL),
(5106,	16867,	'2018-06-14 00:00:00',	NULL,	0,	NULL,	0,	NULL,	0,	NULL,	0,	NULL,	NULL),
(5107,	16850,	'2018-06-14 00:00:00',	'4015',	0,	NULL,	0,	NULL,	41,	'4015',	0,	NULL,	NULL),
(5108,	16884,	'2018-06-14 00:00:00',	NULL,	0,	NULL,	0,	NULL,	127,	'4015',	0,	NULL,	NULL),
(5109,	16885,	'2018-06-14 00:00:00',	NULL,	0,	NULL,	0,	NULL,	94,	'4015',	0,	NULL,	NULL),
(5110,	16886,	'2018-06-14 00:00:00',	NULL,	0,	NULL,	0,	NULL,	130,	'4015',	0,	NULL,	NULL),
(5111,	16976,	'2018-06-14 00:00:00',	NULL,	936,	'4015',	0,	NULL,	NULL,	NULL,	0,	NULL,	NULL),
(5112,	17005,	'2018-06-14 00:00:00',	NULL,	0,	NULL,	0,	NULL,	275,	'4015',	0,	NULL,	NULL),
(5113,	17006,	'2018-06-14 00:00:00',	NULL,	0,	NULL,	0,	NULL,	336,	'4015',	0,	NULL,	NULL),
(5114,	17038,	'2018-06-14 00:00:00',	'4015',	6000,	'4015',	0,	NULL,	0,	NULL,	0,	NULL,	NULL),
(5118,	16943,	'2018-06-15 00:00:00',	NULL,	0,	NULL,	0,	NULL,	1728,	'RSR',	0,	NULL,	NULL),
(5119,	17043,	'2018-06-15 00:00:00',	'RSR',	0,	NULL,	0,	NULL,	0,	NULL,	4280,	'4911',	NULL),
(5120,	16969,	'2018-06-15 00:00:00',	'RSR',	0,	NULL,	0,	NULL,	1,	'RSR',	1499,	'RSR',	NULL),
(5121,	16876,	'2018-06-18 00:00:00',	'DB',	169,	NULL,	0,	NULL,	23,	NULL,	0,	NULL,	NULL),
(5122,	17053,	'2018-06-18 00:00:00',	'DB',	4256,	NULL,	0,	NULL,	0,	NULL,	0,	NULL,	NULL),
(5124,	17058,	'2018-06-18 00:00:00',	'DB',	427,	NULL,	0,	NULL,	23,	NULL,	0,	NULL,	NULL),
(5125,	17057,	'2018-06-18 00:00:00',	NULL,	0,	NULL,	0,	NULL,	816,	'RSR',	0,	NULL,	NULL),
(5126,	17056,	'2018-06-18 00:00:00',	NULL,	0,	NULL,	0,	NULL,	210,	'RSR',	0,	NULL,	NULL),
(5127,	16852,	'2018-06-19 00:00:00',	NULL,	0,	NULL,	0,	NULL,	149,	'4015',	0,	NULL,	NULL),
(5128,	17060,	'2018-06-19 00:00:00',	'RSR',	0,	NULL,	0,	NULL,	0,	NULL,	180,	'RSR',	NULL),
(5129,	17067,	'2018-06-19 00:00:00',	'RSR',	0,	NULL,	0,	NULL,	0,	NULL,	160,	'RSR',	NULL),
(5130,	17059,	'2018-06-19 00:00:00',	'RSR',	0,	NULL,	0,	NULL,	0,	NULL,	160,	'RSR',	NULL),
(5131,	17084,	'2018-06-21 00:00:00',	'RZforRR',	0,	NULL,	0,	NULL,	0,	NULL,	160,	NULL,	NULL),
(5132,	17083,	'2018-06-21 00:00:00',	NULL,	566,	'4015',	0,	NULL,	10,	NULL,	0,	NULL,	NULL),
(5133,	17095,	'2018-06-22 00:00:00',	'RZ/RSR',	0,	NULL,	0,	NULL,	0,	NULL,	160,	NULL,	NULL),
(5134,	17096,	'2018-06-22 00:00:00',	'RZ/RSR',	0,	NULL,	0,	NULL,	0,	NULL,	160,	NULL,	NULL),
(5135,	17093,	'2018-06-22 00:00:00',	'RZ/NK',	1291,	'945/4850',	0,	NULL,	39,	'945/4850',	0,	NULL,	NULL),
(5136,	17100,	'2018-06-22 00:00:00',	'RSR',	0,	NULL,	0,	NULL,	0,	NULL,	160,	'RSR',	NULL),
(5138,	17101,	'2018-06-25 00:00:00',	'BH/RZ',	0,	NULL,	0,	NULL,	0,	NULL,	160,	'AC',	NULL),
(5139,	17072,	'2018-06-25 00:00:00',	NULL,	0,	NULL,	0,	NULL,	0,	NULL,	0,	NULL,	NULL),
(5141,	17106,	'2018-06-25 00:00:00',	'RSR',	0,	NULL,	0,	NULL,	28,	'RSR',	132,	'RSR',	NULL),
(5142,	17079,	'2018-06-26 00:00:00',	'DB',	174,	NULL,	0,	NULL,	18,	NULL,	0,	NULL,	NULL),
(5147,	17082,	'2018-06-27 00:00:00',	'DB',	2000,	NULL,	0,	NULL,	0,	NULL,	0,	NULL,	NULL),
(5148,	17052,	'2018-06-28 00:00:00',	'4015',	600,	'4015',	0,	NULL,	0,	NULL,	0,	NULL,	NULL),
(5150,	17129,	'2018-06-28 00:00:00',	'RZ',	0,	NULL,	0,	NULL,	0,	NULL,	160,	'RZ',	NULL),
(5151,	17127,	'2018-06-29 00:00:00',	NULL,	0,	NULL,	0,	NULL,	360,	'4015',	0,	NULL,	NULL),
(5152,	16941,	'2018-06-29 00:00:00',	NULL,	0,	NULL,	0,	NULL,	0,	NULL,	0,	NULL,	NULL),
(5153,	16800,	'2018-06-29 00:00:00',	NULL,	0,	NULL,	0,	NULL,	650,	'DB',	0,	NULL,	NULL),
(5154,	17122,	'2018-06-29 00:00:00',	'DB',	0,	NULL,	0,	NULL,	0,	NULL,	266,	'DB',	NULL),
(5155,	17091,	'2018-06-29 00:00:00',	NULL,	0,	NULL,	0,	NULL,	192,	'DB',	0,	NULL,	NULL),
(5156,	16750,	'2018-06-29 00:00:00',	NULL,	0,	NULL,	0,	NULL,	400,	'DB',	0,	NULL,	NULL),
(5157,	16601,	'2018-06-29 00:00:00',	NULL,	0,	NULL,	0,	NULL,	1500,	'DB',	0,	NULL,	NULL),
(5159,	16945,	'2018-06-29 00:00:00',	NULL,	0,	NULL,	0,	NULL,	160,	'DB',	0,	NULL,	NULL),
(5160,	16780,	'2018-06-29 00:00:00',	NULL,	0,	NULL,	0,	NULL,	5000,	'DB',	0,	NULL,	NULL),
(5161,	17075,	'2018-06-29 00:00:00',	'DB',	0,	NULL,	0,	NULL,	0,	NULL,	192,	'DB',	NULL),
(5162,	17117,	'2018-06-29 00:00:00',	NULL,	0,	NULL,	0,	NULL,	62,	'DB',	0,	NULL,	NULL),
(5164,	16888,	'2018-07-04 00:00:00',	NULL,	0,	NULL,	0,	NULL,	405,	NULL,	0,	NULL,	NULL),
(5165,	16990,	'2018-07-04 00:00:00',	'DB',	425,	NULL,	0,	NULL,	0,	NULL,	0,	NULL,	NULL),
(5166,	17128,	'2018-07-04 00:00:00',	'DB',	246,	NULL,	0,	NULL,	2,	NULL,	0,	NULL,	NULL),
(5167,	16994,	'2018-07-04 00:00:00',	'DB',	0,	NULL,	0,	NULL,	0,	NULL,	0,	NULL,	NULL),
(5168,	16970,	'2018-07-04 00:00:00',	'DB',	249,	NULL,	0,	NULL,	1,	NULL,	0,	NULL,	NULL),
(5169,	17131,	'2018-07-04 00:00:00',	'DB',	191,	NULL,	0,	NULL,	1,	NULL,	0,	NULL,	NULL),
(5170,	17061,	'2018-07-04 00:00:00',	'DB',	383,	NULL,	0,	NULL,	1,	NULL,	0,	NULL,	NULL),
(5171,	16938,	'2018-07-04 00:00:00',	'DB',	1500,	NULL,	0,	NULL,	0,	NULL,	0,	NULL,	NULL),
(5172,	17022,	'2018-07-04 00:00:00',	'DB',	900,	'KC',	0,	NULL,	0,	NULL,	0,	NULL,	NULL),
(5174,	17143,	'2018-07-05 00:00:00',	'RSR',	0,	NULL,	0,	NULL,	0,	NULL,	1200,	'RSR',	NULL),
(5175,	17151,	'2018-07-10 00:00:00',	NULL,	312,	'4015',	0,	NULL,	48,	NULL,	0,	NULL,	NULL),
(5176,	17146,	'2018-07-10 00:00:00',	'4015',	341,	'4015',	0,	NULL,	19,	NULL,	0,	NULL,	NULL),
(5177,	17103,	'2018-07-11 00:00:00',	NULL,	0,	NULL,	0,	NULL,	160,	'545647',	0,	NULL,	NULL),
(5178,	17045,	'2018-07-11 00:00:00',	'RSR',	0,	NULL,	0,	NULL,	0,	NULL,	8400,	'RSR',	NULL),
(5179,	16954,	'2018-07-11 00:00:00',	'RSR',	0,	NULL,	0,	NULL,	0,	NULL,	3400,	'RSR',	NULL),
(5180,	17136,	'2018-07-11 00:00:00',	NULL,	0,	NULL,	0,	NULL,	0,	NULL,	0,	NULL,	NULL),
(5181,	17042,	'2018-07-11 00:00:00',	'RSR',	0,	NULL,	0,	NULL,	0,	NULL,	1100,	'Reworked',	NULL),
(5184,	16874,	'2018-07-11 00:00:00',	NULL,	0,	NULL,	0,	NULL,	500,	'RSR',	0,	NULL,	NULL),
(5185,	16633,	'2018-07-11 00:00:00',	'RSR',	0,	NULL,	0,	NULL,	0,	NULL,	686,	'RSR',	NULL),
(5186,	16998,	'2018-07-11 00:00:00',	NULL,	0,	NULL,	0,	NULL,	160,	'RSR',	0,	NULL,	NULL),
(5187,	17009,	'2018-07-11 00:00:00',	NULL,	0,	NULL,	0,	NULL,	100,	'RSR',	0,	NULL,	NULL),
(5188,	17087,	'2018-07-11 00:00:00',	'BH',	0,	NULL,	0,	NULL,	0,	NULL,	160,	'BH',	NULL),
(5189,	17094,	'2018-07-11 00:00:00',	'RSR',	0,	NULL,	0,	NULL,	0,	NULL,	800,	'RSR',	NULL),
(5191,	16922,	'2018-07-12 00:00:00',	'RSR',	0,	NULL,	0,	NULL,	0,	NULL,	160,	'RSR',	NULL),
(5192,	17126,	'2018-07-13 00:00:00',	'DB',	799,	'DM',	0,	NULL,	1,	NULL,	0,	NULL,	NULL),
(5193,	17159,	'2018-07-13 00:00:00',	'4015',	356,	'4015',	0,	NULL,	4,	NULL,	0,	NULL,	NULL),
(5194,	17141,	'2018-07-13 00:00:00',	'DB',	350,	'NKG',	0,	NULL,	0,	NULL,	0,	NULL,	NULL),
(5196,	17179,	'2018-07-17 00:00:00',	'RZ',	11546,	'Prod',	0,	NULL,	4,	'Prod',	0,	NULL,	NULL),
(5197,	17197,	'2018-07-20 00:00:00',	'DB',	0,	NULL,	0,	NULL,	0,	NULL,	192,	'DB',	NULL),
(5198,	17199,	'2018-07-20 00:00:00',	'RZ',	2720,	'LB',	0,	NULL,	0,	'LB',	0,	NULL,	NULL),
(5199,	17208,	'2018-07-20 00:00:00',	'RZ',	750,	'KC',	0,	NULL,	0,	'KC',	0,	NULL,	NULL),
(5200,	17148,	'2018-07-23 00:00:00',	NULL,	0,	NULL,	0,	NULL,	235,	'262',	0,	NULL,	NULL),
(5201,	17152,	'2018-07-23 00:00:00',	NULL,	0,	NULL,	0,	NULL,	512,	'262',	0,	NULL,	NULL),
(5202,	17156,	'2018-07-23 00:00:00',	'RSR',	0,	NULL,	0,	NULL,	0,	NULL,	400,	'RSR',	NULL),
(5203,	17165,	'2018-07-23 00:00:00',	'RSR',	160,	'RSR',	0,	NULL,	0,	NULL,	0,	NULL,	NULL),
(5204,	17188,	'2018-07-23 00:00:00',	'DB',	0,	NULL,	0,	NULL,	0,	NULL,	160,	'DB',	NULL),
(5205,	17211,	'2018-07-23 00:00:00',	'DB',	0,	NULL,	0,	NULL,	0,	NULL,	192,	'DB',	NULL),
(5206,	17194,	'2018-07-23 00:00:00',	'DB',	0,	NULL,	0,	NULL,	0,	NULL,	160,	'DB',	NULL),
(5207,	17183,	'2018-07-24 00:00:00',	NULL,	0,	NULL,	0,	NULL,	227,	'262',	0,	NULL,	NULL),
(5209,	17217,	'2018-07-24 00:00:00',	'RSR',	0,	NULL,	0,	NULL,	0,	NULL,	1350,	'RSR',	NULL),
(5210,	17226,	'2018-07-24 00:00:00',	'RSR',	0,	NULL,	0,	NULL,	93,	'RSR',	501,	'RSR',	NULL),
(5212,	17210,	'2018-07-25 00:00:00',	'RZ',	340,	'KC',	0,	NULL,	0,	'KC',	0,	NULL,	NULL),
(5213,	17166,	'2018-07-25 00:00:00',	'4015',	360,	'4015',	0,	NULL,	0,	NULL,	0,	NULL,	NULL),
(5214,	17170,	'2018-07-25 00:00:00',	'4015',	360,	'4015',	0,	NULL,	0,	NULL,	0,	NULL,	NULL),
(5215,	17172,	'2018-07-25 00:00:00',	'4015',	360,	'4015',	0,	NULL,	0,	NULL,	0,	NULL,	NULL),
(5216,	17180,	'2018-07-25 00:00:00',	'4015',	360,	'4015',	0,	NULL,	0,	NULL,	0,	NULL,	NULL),
(5217,	17121,	'2018-07-25 00:00:00',	'4015',	1693,	'4015',	0,	NULL,	35,	NULL,	0,	NULL,	NULL),
(5218,	17192,	'2018-07-26 00:00:00',	'DB',	159,	NULL,	0,	NULL,	1,	NULL,	0,	NULL,	NULL),
(5225,	17221,	'2018-07-30 00:00:00',	'DB',	0,	NULL,	0,	NULL,	0,	NULL,	360,	'DB',	NULL),
(5226,	17201,	'2018-07-30 00:00:00',	'DB',	0,	NULL,	0,	NULL,	0,	NULL,	650,	'DB',	NULL),
(5227,	17176,	'2018-07-30 00:00:00',	NULL,	0,	NULL,	0,	NULL,	166,	'RSR',	0,	NULL,	NULL),
(5229,	17242,	'2018-07-30 00:00:00',	'RSR',	0,	NULL,	0,	NULL,	51,	'RSR',	141,	'RSR',	NULL),
(5230,	17225,	'2018-07-30 00:00:00',	NULL,	0,	NULL,	0,	NULL,	160,	'RSR',	0,	NULL,	NULL),
(5231,	17257,	'2018-07-30 00:00:00',	NULL,	0,	NULL,	0,	NULL,	97,	NULL,	0,	NULL,	NULL),
(5232,	17259,	'2018-07-30 00:00:00',	NULL,	0,	NULL,	0,	NULL,	425,	NULL,	0,	NULL,	NULL),
(5233,	17255,	'2018-07-30 00:00:00',	NULL,	0,	NULL,	0,	NULL,	337,	NULL,	0,	NULL,	NULL),
(5234,	17215,	'2018-07-30 00:00:00',	NULL,	0,	NULL,	0,	NULL,	357,	NULL,	0,	NULL,	NULL),
(5235,	17252,	'2018-07-30 00:00:00',	NULL,	0,	NULL,	0,	NULL,	250,	NULL,	0,	NULL,	NULL),
(5236,	17251,	'2018-07-30 00:00:00',	NULL,	0,	NULL,	0,	NULL,	300,	NULL,	0,	NULL,	NULL),
(5237,	17253,	'2018-07-30 00:00:00',	NULL,	0,	NULL,	0,	NULL,	336,	NULL,	0,	NULL,	NULL),
(5238,	17254,	'2018-07-30 00:00:00',	NULL,	0,	NULL,	0,	NULL,	224,	NULL,	0,	NULL,	NULL),
(5239,	17244,	'2018-07-31 00:00:00',	'RZ',	5280,	'LB/KC',	0,	NULL,	0,	'LB/KC',	0,	NULL,	NULL),
(5240,	17245,	'2018-08-01 00:00:00',	'RSR',	0,	NULL,	0,	NULL,	27,	'RSR',	313,	'RSR',	NULL),
(5242,	17273,	'2018-08-01 00:00:00',	'RZ',	192,	'4855',	0,	NULL,	0,	'4855',	0,	NULL,	NULL),
(5243,	17102,	'2018-08-02 00:00:00',	'4015',	296,	'4015',	0,	NULL,	64,	NULL,	0,	NULL,	NULL),
(5244,	17286,	'2018-08-09 00:00:00',	NULL,	0,	NULL,	0,	NULL,	44,	'4015',	0,	NULL,	NULL),
(5245,	17256,	'2018-08-09 00:00:00',	NULL,	0,	NULL,	0,	NULL,	391,	'4015',	0,	NULL,	NULL),
(5246,	17258,	'2018-08-09 00:00:00',	NULL,	0,	NULL,	0,	NULL,	294,	'4015',	0,	NULL,	NULL),
(5247,	17261,	'2018-08-09 00:00:00',	NULL,	0,	NULL,	0,	NULL,	225,	'4015',	0,	NULL,	NULL),
(5248,	17267,	'2018-08-09 00:00:00',	NULL,	0,	NULL,	0,	NULL,	609,	'4015',	0,	NULL,	NULL),
(5249,	17266,	'2018-08-09 00:00:00',	NULL,	0,	NULL,	0,	NULL,	494,	'4015',	0,	NULL,	NULL),
(5250,	17134,	'2018-08-09 00:00:00',	NULL,	0,	NULL,	0,	NULL,	1200,	'4015',	0,	NULL,	NULL),
(5251,	17280,	'2018-08-10 00:00:00',	'RSR',	0,	NULL,	0,	NULL,	0,	NULL,	192,	'RSR',	NULL),
(5252,	17282,	'2018-08-10 00:00:00',	'RSR',	0,	NULL,	0,	NULL,	0,	NULL,	5000,	'RSR',	NULL),
(5253,	17277,	'2018-08-10 00:00:00',	'RSR',	0,	NULL,	0,	NULL,	19,	'RSR',	3053,	'RSR',	NULL),
(5254,	17289,	'2018-08-13 00:00:00',	'RSR',	0,	NULL,	0,	NULL,	19,	'RSR',	141,	'RSR',	NULL),
(5255,	17320,	'2018-08-15 00:00:00',	'RSR',	0,	NULL,	0,	NULL,	6,	'RSR',	2746,	'RSR',	NULL),
(5256,	17305,	'2018-08-15 00:00:00',	'4015',	0,	NULL,	0,	NULL,	0,	NULL,	6000,	'4015',	NULL),
(5257,	17291,	'2018-08-15 00:00:00',	NULL,	781,	'4015',	0,	NULL,	719,	'4015',	0,	NULL,	NULL),
(5258,	17331,	'2018-08-17 00:00:00',	NULL,	0,	NULL,	0,	NULL,	0,	NULL,	0,	NULL,	NULL),
(5259,	17193,	'2018-08-20 00:00:00',	'RSR',	0,	NULL,	0,	NULL,	1,	'RSR',	191,	'RSR',	NULL),
(5260,	17356,	'2018-08-22 00:00:00',	'RSR',	0,	NULL,	0,	NULL,	0,	NULL,	2560,	'RSR',	NULL),
(5261,	17298,	'2018-08-22 00:00:00',	NULL,	0,	NULL,	0,	NULL,	392,	'116',	0,	NULL,	NULL),
(5262,	17347,	'2018-08-24 00:00:00',	'RSR',	0,	NULL,	0,	NULL,	0,	NULL,	400,	'RSR',	NULL),
(5263,	17369,	'2018-08-27 00:00:00',	NULL,	0,	NULL,	0,	NULL,	NULL,	NULL,	0,	NULL,	NULL),
(5264,	17344,	'2018-08-27 00:00:00',	NULL,	0,	NULL,	0,	NULL,	0,	NULL,	150,	'5026',	NULL),
(5267,	17367,	'2018-08-27 00:00:00',	'RZ/DB',	1974,	'9971',	0,	NULL,	0,	'9971',	0,	NULL,	NULL),
(5268,	17397,	'2018-08-28 00:00:00',	'4015',	540,	'4015',	0,	NULL,	0,	NULL,	0,	NULL,	NULL),
(5271,	17381,	'2018-08-28 00:00:00',	NULL,	4176,	'4015',	0,	NULL,	0,	NULL,	0,	NULL,	NULL),
(5272,	17375,	'2018-08-28 00:00:00',	NULL,	4176,	'4015',	0,	NULL,	0,	NULL,	0,	NULL,	NULL),
(5273,	17349,	'2018-08-28 00:00:00',	NULL,	3000,	'4015',	0,	NULL,	0,	NULL,	0,	NULL,	NULL),
(5274,	17268,	'2018-08-29 00:00:00',	NULL,	0,	NULL,	0,	NULL,	96,	'RSR',	0,	NULL,	NULL),
(5275,	17346,	'2018-08-29 00:00:00',	NULL,	0,	NULL,	0,	NULL,	0,	NULL,	130,	'RSR',	NULL),
(5276,	17392,	'2018-08-30 00:00:00',	NULL,	150,	NULL,	0,	NULL,	0,	NULL,	0,	NULL,	NULL),
(5277,	16947,	'2018-08-30 00:00:00',	NULL,	0,	NULL,	0,	NULL,	192,	'Rusty',	0,	NULL,	NULL),
(5278,	17264,	'2018-08-30 00:00:00',	'DB',	0,	NULL,	0,	NULL,	0,	NULL,	160,	'DB',	NULL),
(5279,	17382,	'2018-08-30 00:00:00',	'DB',	0,	NULL,	0,	NULL,	0,	NULL,	192,	'DB',	NULL),
(5280,	17334,	'2018-08-30 00:00:00',	'DB',	0,	NULL,	0,	NULL,	0,	NULL,	192,	'DB',	NULL),
(5281,	17278,	'2018-08-30 00:00:00',	'DB',	0,	NULL,	0,	NULL,	0,	NULL,	192,	'DB',	NULL),
(5282,	17376,	'2018-08-30 00:00:00',	NULL,	4000,	'RSR',	0,	NULL,	0,	NULL,	NULL,	NULL,	NULL),
(5283,	17428,	'2018-09-04 00:00:00',	'RSR',	0,	NULL,	0,	NULL,	0,	NULL,	980,	'RSR',	NULL),
(5284,	17419,	'2018-09-04 00:00:00',	'RSR',	672,	'RSR',	0,	NULL,	0,	NULL,	0,	NULL,	NULL),
(5285,	17260,	'2018-09-04 00:00:00',	'RSR',	0,	NULL,	0,	NULL,	125,	'RSR',	35,	'RSR',	NULL),
(5286,	17212,	'2018-09-04 00:00:00',	'RSR',	0,	NULL,	0,	NULL,	120,	'RSR',	40,	'RSR',	NULL),
(5287,	17332,	'2018-09-04 00:00:00',	NULL,	0,	NULL,	0,	NULL,	71,	'RSR',	0,	NULL,	NULL),
(5289,	17415,	'2018-09-04 00:00:00',	'RSR',	0,	NULL,	0,	NULL,	61,	'RSR',	99,	'RSR',	NULL),
(5290,	17396,	'2018-09-04 00:00:00',	'RSR',	0,	NULL,	0,	NULL,	8,	'RSR',	172,	'RSR',	NULL),
(5291,	17422,	'2018-09-04 00:00:00',	'RSR',	0,	NULL,	0,	NULL,	0,	NULL,	1408,	'RSR',	NULL),
(5292,	17181,	'2018-09-04 00:00:00',	'RSR',	80,	'RSR',	0,	NULL,	80,	'RSR',	0,	NULL,	NULL),
(5293,	17431,	'2018-09-04 00:00:00',	'RSR',	0,	NULL,	0,	NULL,	0,	NULL,	192,	'RSR',	NULL),
(5297,	17436,	'2018-09-05 00:00:00',	'DB',	72,	'3375',	0,	NULL,	0,	NULL,	0,	NULL,	NULL),
(5298,	17236,	'2018-09-05 00:00:00',	'DB',	96,	'1020',	0,	NULL,	264,	NULL,	0,	NULL,	NULL),
(5299,	17327,	'2018-09-05 00:00:00',	'DB',	0,	NULL,	0,	NULL,	0,	NULL,	5000,	NULL,	NULL),
(5300,	17394,	'2018-09-05 00:00:00',	'DB',	0,	NULL,	0,	NULL,	0,	NULL,	1400,	NULL,	NULL),
(5301,	17395,	'2018-09-05 00:00:00',	'DB',	0,	NULL,	0,	NULL,	0,	NULL,	1400,	NULL,	NULL),
(5302,	17227,	'2018-09-05 00:00:00',	'DB',	0,	NULL,	0,	NULL,	0,	NULL,	516,	NULL,	NULL),
(5303,	17384,	'2018-09-05 00:00:00',	'DB',	0,	NULL,	0,	NULL,	3276,	NULL,	0,	NULL,	NULL),
(5304,	17231,	'2018-09-05 00:00:00',	'DB',	0,	NULL,	0,	NULL,	200,	NULL,	0,	NULL,	NULL),
(5305,	17000,	'2018-09-05 00:00:00',	'DB',	0,	NULL,	0,	NULL,	426,	NULL,	0,	NULL,	NULL),
(5306,	17007,	'2018-09-05 00:00:00',	'DB',	0,	NULL,	0,	NULL,	256,	NULL,	0,	NULL,	NULL),
(5307,	17054,	'2018-09-05 00:00:00',	'DB',	0,	NULL,	0,	NULL,	181,	NULL,	0,	NULL,	NULL),
(5308,	17055,	'2018-09-05 00:00:00',	'DB',	0,	NULL,	0,	NULL,	360,	NULL,	0,	NULL,	NULL),
(5309,	17074,	'2018-09-05 00:00:00',	'DB',	0,	NULL,	0,	NULL,	0,	NULL,	0,	NULL,	NULL),
(5312,	16881,	'2018-09-05 00:00:00',	'DB',	0,	NULL,	0,	NULL,	146,	NULL,	0,	NULL,	NULL),
(5313,	17182,	'2018-09-05 00:00:00',	'DB',	0,	NULL,	0,	NULL,	0,	NULL,	0,	NULL,	NULL),
(5314,	17200,	'2018-09-05 00:00:00',	'DB',	0,	NULL,	0,	NULL,	250,	NULL,	0,	NULL,	NULL),
(5315,	17325,	'2018-09-05 00:00:00',	'DB',	0,	NULL,	0,	NULL,	1550,	NULL,	0,	NULL,	NULL),
(5316,	17234,	'2018-09-05 00:00:00',	'DB',	0,	NULL,	0,	NULL,	106,	NULL,	0,	NULL,	NULL),
(5317,	17324,	'2018-09-05 00:00:00',	'DB',	0,	NULL,	0,	NULL,	389,	NULL,	0,	NULL,	NULL),
(5318,	17342,	'2018-09-05 00:00:00',	'DB',	0,	NULL,	0,	NULL,	910,	NULL,	0,	NULL,	NULL),
(5319,	17343,	'2018-09-05 00:00:00',	'DB',	0,	NULL,	0,	NULL,	787,	NULL,	0,	NULL,	NULL),
(5321,	17360,	'2018-09-05 00:00:00',	'DB',	0,	NULL,	0,	NULL,	110,	NULL,	0,	NULL,	NULL),
(5322,	17359,	'2018-09-05 00:00:00',	'DB',	0,	NULL,	0,	NULL,	507,	NULL,	0,	NULL,	NULL),
(5326,	17300,	'2018-09-07 00:00:00',	NULL,	0,	NULL,	0,	NULL,	0,	NULL,	0,	NULL,	NULL),
(5327,	17448,	'2018-09-07 00:00:00',	'DB',	0,	NULL,	0,	NULL,	0,	NULL,	480,	'DB',	NULL),
(5328,	17458,	'2018-09-10 00:00:00',	'RSR',	0,	NULL,	0,	NULL,	0,	NULL,	346,	'RSR',	NULL),
(5329,	17452,	'2018-09-10 00:00:00',	'RSR',	0,	NULL,	0,	NULL,	57,	'RSR',	103,	'RSR',	NULL),
(5330,	17196,	'2018-09-10 00:00:00',	NULL,	0,	NULL,	0,	NULL,	135,	'4015',	0,	NULL,	NULL),
(5331,	17430,	'2018-09-10 00:00:00',	'4015',	300,	'4015',	0,	NULL,	0,	NULL,	0,	NULL,	NULL),
(5332,	17173,	'2018-09-10 00:00:00',	'4015',	167,	'4015',	0,	NULL,	193,	NULL,	0,	NULL,	NULL),
(5333,	17441,	'2018-09-10 00:00:00',	'RSR',	0,	NULL,	0,	NULL,	16,	'RSR',	144,	'RSR',	NULL),
(5334,	17391,	'2018-09-12 00:00:00',	'RR',	0,	NULL,	0,	NULL,	0,	NULL,	504,	NULL,	NULL),
(5335,	17025,	'2018-09-12 00:00:00',	NULL,	0,	NULL,	0,	NULL,	252,	'4015',	0,	NULL,	NULL),
(5336,	16835,	'2018-09-12 00:00:00',	NULL,	0,	NULL,	0,	NULL,	150,	'4015',	0,	NULL,	NULL),
(5337,	17132,	'2018-09-12 00:00:00',	NULL,	0,	NULL,	0,	NULL,	252,	'4015',	0,	NULL,	NULL),
(5338,	17073,	'2018-09-12 00:00:00',	NULL,	0,	NULL,	0,	NULL,	252,	'4015',	0,	NULL,	NULL),
(5339,	17107,	'2018-09-12 00:00:00',	'4015',	360,	'4015',	0,	NULL,	0,	NULL,	0,	NULL,	NULL),
(5340,	17457,	'2018-09-12 00:00:00',	'DB',	2076,	'9896',	0,	NULL,	4,	'5678',	0,	NULL,	NULL),
(5341,	17263,	'2018-09-12 00:00:00',	'4015',	360,	'4015',	0,	NULL,	0,	NULL,	0,	NULL,	NULL),
(5342,	17340,	'2018-09-12 00:00:00',	'4015',	37,	'4015',	0,	NULL,	13,	NULL,	0,	NULL,	NULL),
(5343,	17189,	'2018-09-12 00:00:00',	NULL,	0,	NULL,	0,	NULL,	400,	'4015',	0,	NULL,	NULL),
(5344,	17459,	'2018-09-12 00:00:00',	NULL,	283,	'4015',	0,	NULL,	5,	NULL,	0,	NULL,	NULL),
(5345,	17362,	'2018-09-12 00:00:00',	NULL,	0,	NULL,	0,	NULL,	51,	NULL,	0,	NULL,	NULL),
(5346,	17363,	'2018-09-12 00:00:00',	NULL,	0,	NULL,	0,	NULL,	51,	'4015',	0,	NULL,	NULL),
(5347,	17371,	'2018-09-12 00:00:00',	NULL,	0,	NULL,	0,	NULL,	448,	'4015',	0,	NULL,	NULL),
(5348,	17385,	'2018-09-12 00:00:00',	NULL,	0,	NULL,	0,	NULL,	0,	NULL,	0,	NULL,	NULL),
(5349,	17373,	'2018-09-12 00:00:00',	NULL,	0,	NULL,	0,	NULL,	448,	'4015',	0,	NULL,	NULL),
(5350,	17370,	'2018-09-12 00:00:00',	'RZ',	3300,	'4407',	0,	NULL,	0,	NULL,	0,	NULL,	NULL),
(5353,	17455,	'2018-09-13 00:00:00',	'DB',	0,	NULL,	0,	NULL,	0,	NULL,	1260,	'KF/DB',	NULL),
(5355,	17491,	'2018-09-14 00:00:00',	'DB',	0,	NULL,	0,	NULL,	0,	NULL,	350,	NULL,	NULL),
(5356,	17492,	'2018-09-14 00:00:00',	'DB',	0,	NULL,	0,	NULL,	0,	NULL,	350,	NULL,	NULL),
(5357,	17485,	'2018-09-17 00:00:00',	'RSR',	0,	NULL,	0,	NULL,	7,	'RSR',	153,	'RSR',	NULL),
(5358,	17486,	'2018-09-17 00:00:00',	'RSR',	0,	NULL,	0,	NULL,	1,	'RSR',	159,	'RSR',	NULL),
(5359,	17511,	'2018-09-20 00:00:00',	'RSR',	0,	NULL,	0,	NULL,	4,	'RSR',	156,	'RSR',	NULL),
(5360,	17504,	'2018-09-20 00:00:00',	'RSR',	0,	NULL,	0,	NULL,	0,	'RSR',	1700,	'RSR',	NULL),
(5361,	17219,	'2018-09-25 00:00:00',	'DB',	994,	'NKG',	0,	NULL,	6,	NULL,	0,	NULL,	NULL),
(5362,	17279,	'2018-09-25 00:00:00',	'DB',	300,	'NKG',	0,	NULL,	0,	NULL,	0,	NULL,	NULL),
(5363,	17393,	'2018-09-25 00:00:00',	'DB',	0,	NULL,	0,	NULL,	0,	NULL,	0,	NULL,	NULL),
(5364,	17350,	'2018-09-25 00:00:00',	'DB',	151,	NULL,	0,	NULL,	2,	NULL,	0,	NULL,	NULL),
(5365,	17490,	'2018-09-25 00:00:00',	'RSR',	0,	NULL,	0,	NULL,	0,	NULL,	300,	'RSR',	NULL),
(5366,	17429,	'2018-09-25 00:00:00',	'RSR',	0,	NULL,	0,	NULL,	87,	'RSR',	893,	'RSR',	NULL),
(5367,	17403,	'2018-09-25 00:00:00',	'RSR',	0,	NULL,	0,	NULL,	0,	NULL,	480,	'RSR',	NULL),
(5368,	17410,	'2018-09-25 00:00:00',	'RSR',	0,	NULL,	0,	NULL,	0,	NULL,	150,	'RSR',	NULL),
(5369,	17508,	'2018-09-25 00:00:00',	'RSR',	0,	NULL,	0,	NULL,	0,	NULL,	400,	'RSR',	NULL),
(5370,	17482,	'2018-09-25 00:00:00',	'RSR/SK',	0,	NULL,	0,	NULL,	0,	NULL,	13920,	'RSR/SK',	NULL),
(5371,	17544,	'2018-09-27 00:00:00',	'MC',	330,	'945',	0,	NULL,	0,	NULL,	0,	NULL,	NULL),
(5373,	17551,	'2018-09-28 00:00:00',	'RZ',	2659,	'4277',	0,	NULL,	1,	'4277',	0,	NULL,	NULL),
(5374,	17568,	'2018-10-02 00:00:00',	NULL,	0,	NULL,	0,	NULL,	0,	NULL,	0,	NULL,	NULL),
(5375,	17541,	'2018-10-05 00:00:00',	NULL,	67,	'4015',	0,	NULL,	5,	NULL,	0,	NULL,	NULL),
(5376,	17560,	'2018-10-09 00:00:00',	'RSR',	0,	NULL,	0,	NULL,	4,	'RSR',	156,	'RSR',	NULL),
(5377,	17550,	'2018-10-09 00:00:00',	'RSR',	0,	NULL,	0,	NULL,	3,	'RSR',	177,	'RSR',	NULL),
(5378,	17542,	'2018-10-09 00:00:00',	'RSR',	0,	NULL,	0,	NULL,	34,	'555519',	158,	'555519',	NULL),
(5379,	17593,	'2018-10-12 00:00:00',	'RSR',	0,	NULL,	0,	NULL,	0,	NULL,	5000,	'RSR',	NULL),
(5381,	17312,	'2018-10-12 00:00:00',	'RSR',	0,	NULL,	0,	NULL,	0,	NULL,	392,	'RSR',	NULL),
(5382,	17383,	'2018-10-12 00:00:00',	'RSR',	0,	NULL,	0,	NULL,	0,	NULL,	521,	'RSR',	NULL),
(5383,	17575,	'2018-10-12 00:00:00',	NULL,	0,	NULL,	0,	NULL,	0,	NULL,	0,	NULL,	NULL),
(5384,	17549,	'2018-10-12 00:00:00',	'RSR',	0,	NULL,	0,	NULL,	0,	NULL,	434,	'RSR',	NULL),
(5385,	17591,	'2018-10-12 00:00:00',	'RSR',	0,	NULL,	0,	NULL,	3,	'RSR',	997,	'RSR',	NULL),
(5389,	17559,	'2018-10-12 00:00:00',	'RZ',	1942,	'4279',	0,	NULL,	74,	'5678',	0,	NULL,	NULL),
(5390,	16979,	'2018-10-12 00:00:00',	'RR',	300,	'??',	0,	NULL,	0,	'??',	0,	NULL,	NULL),
(5392,	17169,	'2018-10-12 00:00:00',	'RR',	2500,	'??',	0,	NULL,	0,	'??',	0,	NULL,	NULL),
(5393,	17178,	'2018-10-12 00:00:00',	'RZ',	4500,	'??',	0,	NULL,	0,	'??',	0,	NULL,	NULL),
(5394,	16963,	'2018-10-12 00:00:00',	'RR',	960,	'??',	0,	NULL,	0,	'??',	0,	NULL,	NULL),
(5395,	17081,	'2018-10-12 00:00:00',	'RR',	660,	'KC',	0,	NULL,	0,	'KC',	0,	NULL,	NULL),
(5396,	17150,	'2018-10-12 00:00:00',	NULL,	0,	NULL,	0,	NULL,	332,	'DT',	0,	NULL,	NULL),
(5397,	17158,	'2018-10-12 00:00:00',	'RR',	1920,	'??',	0,	NULL,	0,	'??',	0,	NULL,	NULL),
(5398,	17265,	'2018-10-12 00:00:00',	'RR',	960,	'TB',	0,	NULL,	0,	'TB',	0,	NULL,	NULL),
(5399,	17276,	'2018-10-12 00:00:00',	'RZ',	400,	'MO',	0,	NULL,	0,	'MO',	0,	NULL,	NULL),
(5400,	17287,	'2018-10-12 00:00:00',	'RZ',	400,	'GH',	0,	NULL,	0,	'GH',	0,	NULL,	NULL),
(5401,	17299,	'2018-10-12 00:00:00',	'RZ',	960,	'TB',	0,	NULL,	0,	'TB',	0,	NULL,	NULL),
(5404,	17310,	'2018-10-12 00:00:00',	'RZ',	3593,	'9896',	0,	NULL,	48,	'9896',	0,	NULL,	NULL),
(5405,	17358,	'2018-10-12 00:00:00',	'RZ',	1804,	'BR',	0,	NULL,	0,	'BR',	0,	NULL,	NULL),
(5406,	17521,	'2018-10-12 00:00:00',	'RZ',	330,	'GH',	0,	NULL,	0,	'GH',	0,	NULL,	NULL),
(5408,	17629,	'2018-10-15 00:00:00',	'DB',	0,	NULL,	0,	NULL,	0,	NULL,	3000,	'DB',	NULL),
(5409,	17628,	'2018-10-15 00:00:00',	'DB',	0,	NULL,	0,	NULL,	0,	NULL,	107,	'DB',	NULL),
(5410,	17596,	'2018-10-15 00:00:00',	NULL,	0,	NULL,	0,	NULL,	1753,	'MC/DB',	0,	NULL,	NULL),
(5411,	17621,	'2018-10-17 00:00:00',	'RZ/KF',	729,	'9727',	0,	NULL,	231,	'9727',	0,	NULL,	NULL),
(5413,	17648,	'2018-10-17 00:00:00',	'RZ',	3,	'143',	0,	NULL,	447,	'143',	0,	NULL,	NULL),
(5414,	17638,	'2018-10-17 00:00:00',	'RZ/DB',	4743,	'Various',	0,	NULL,	9,	'Various',	0,	NULL,	NULL),
(5415,	17642,	'2018-10-19 00:00:00',	'RSR',	0,	NULL,	0,	NULL,	0,	NULL,	0,	'RSR',	NULL),
(5416,	17605,	'2018-10-19 00:00:00',	'DB',	0,	NULL,	0,	NULL,	0,	NULL,	192,	'DB',	NULL),
(5417,	17637,	'2018-10-19 00:00:00',	NULL,	2943,	'4015',	0,	NULL,	9,	NULL,	0,	NULL,	NULL),
(5418,	17610,	'2018-10-22 00:00:00',	'RSR',	0,	NULL,	0,	NULL,	17,	'RSR',	143,	'RSR',	NULL),
(5419,	17620,	'2018-10-22 00:00:00',	NULL,	0,	'0',	0,	NULL,	0,	'KB',	0,	NULL,	NULL),
(5422,	17471,	'2018-10-22 00:00:00',	'DB',	0,	'260',	0,	NULL,	0,	'5',	0,	NULL,	NULL),
(5423,	17345,	'2018-10-22 00:00:00',	NULL,	0,	NULL,	0,	NULL,	1200,	'DM',	0,	NULL,	NULL),
(5425,	17204,	'2018-10-22 00:00:00',	NULL,	0,	NULL,	0,	NULL,	204,	'KC',	0,	NULL,	NULL),
(5426,	17275,	'2018-10-22 00:00:00',	'DB',	664,	'KC',	0,	NULL,	8,	NULL,	0,	NULL,	NULL),
(5427,	17209,	'2018-10-22 00:00:00',	'DB',	0,	NULL,	0,	NULL,	0,	NULL,	0,	NULL,	NULL),
(5430,	17240,	'2018-10-22 00:00:00',	'DB',	0,	NULL,	0,	NULL,	0,	NULL,	380,	NULL,	NULL),
(5431,	17288,	'2018-10-22 00:00:00',	'DB',	0,	NULL,	0,	NULL,	0,	NULL,	0,	NULL,	NULL),
(5437,	17655,	'2018-10-22 00:00:00',	'RSR',	0,	NULL,	0,	NULL,	0,	NULL,	90,	'RSR',	NULL),
(5439,	17341,	'2018-10-22 00:00:00',	NULL,	0,	NULL,	0,	NULL,	0,	NULL,	0,	NULL,	NULL),
(5441,	17463,	'2018-10-22 00:00:00',	'DB',	191,	NULL,	0,	NULL,	1,	NULL,	0,	NULL,	NULL),
(5450,	17405,	'2018-10-22 00:00:00',	NULL,	0,	NULL,	0,	NULL,	188,	'SB',	0,	NULL,	NULL),
(5454,	17512,	'2018-10-22 00:00:00',	'DB',	0,	NULL,	0,	NULL,	0,	NULL,	0,	NULL,	NULL),
(5460,	17576,	'2018-10-23 00:00:00',	'RSR',	0,	NULL,	0,	NULL,	0,	NULL,	348,	'RSR',	NULL),
(5461,	17586,	'2018-10-23 00:00:00',	NULL,	0,	NULL,	0,	NULL,	111,	'9974',	0,	NULL,	NULL),
(5462,	17574,	'2018-10-23 00:00:00',	NULL,	0,	NULL,	0,	NULL,	738,	'9974',	0,	NULL,	NULL),
(5463,	17573,	'2018-10-23 00:00:00',	NULL,	0,	NULL,	0,	NULL,	0,	NULL,	0,	NULL,	NULL),
(5464,	17617,	'2018-10-23 00:00:00',	NULL,	0,	NULL,	0,	NULL,	300,	'RSR',	0,	NULL,	NULL),
(5465,	17487,	'2018-10-23 00:00:00',	NULL,	0,	NULL,	0,	NULL,	300,	'RSR',	0,	NULL,	NULL),
(5466,	17606,	'2018-10-23 00:00:00',	NULL,	0,	NULL,	0,	NULL,	100,	'RSR',	0,	NULL,	NULL),
(5467,	17534,	'2018-10-24 00:00:00',	'RSR',	0,	NULL,	0,	NULL,	0,	NULL,	900,	'RSR',	NULL),
(5468,	17669,	'2018-10-24 00:00:00',	NULL,	0,	NULL,	0,	NULL,	3400,	'4015',	0,	NULL,	NULL),
(5469,	17681,	'2018-10-24 00:00:00',	NULL,	0,	NULL,	0,	NULL,	232,	'GPH/DC',	0,	NULL,	NULL),
(5471,	17697,	'2018-10-25 00:00:00',	'RSR',	0,	NULL,	0,	NULL,	70,	'RSR',	1850,	'RSR',	NULL),
(5472,	17706,	'2018-10-26 00:00:00',	'4015',	500,	'4015',	0,	NULL,	0,	NULL,	0,	NULL,	NULL),
(5473,	17607,	'2018-10-29 00:00:00',	NULL,	0,	NULL,	0,	NULL,	300,	NULL,	0,	NULL,	NULL),
(5476,	17739,	'2018-10-30 00:00:00',	'RSR',	0,	NULL,	0,	NULL,	0,	NULL,	400,	'RSR',	NULL),
(5477,	17702,	'2018-10-30 00:00:00',	'RSR',	2250,	'5678',	0,	NULL,	0,	NULL,	0,	NULL,	NULL),
(5478,	17740,	'2018-10-30 00:00:00',	'KC/RZ',	490,	'33032',	0,	NULL,	0,	NULL,	0,	NULL,	NULL),
(5479,	17727,	'2018-10-30 00:00:00',	NULL,	0,	NULL,	0,	NULL,	0,	NULL,	0,	NULL,	NULL),
(5480,	17673,	'2018-10-31 00:00:00',	NULL,	0,	NULL,	0,	NULL,	10,	'RSR',	0,	NULL,	NULL),
(5482,	17597,	'2018-11-01 00:00:00',	NULL,	0,	NULL,	0,	NULL,	1100,	NULL,	0,	NULL,	NULL),
(5483,	17752,	'2018-11-02 00:00:00',	'RSR',	0,	NULL,	0,	NULL,	23,	'RSR',	5353,	'RSR',	NULL),
(5484,	17767,	'2018-11-02 00:00:00',	'RSR',	0,	NULL,	0,	NULL,	3,	'RSR',	197,	'RSR',	NULL),
(5485,	17726,	'2018-11-05 00:00:00',	NULL,	0,	NULL,	0,	NULL,	480,	'RSR',	0,	NULL,	NULL),
(5486,	17762,	'2018-11-05 00:00:00',	'RSR',	0,	NULL,	0,	NULL,	0,	NULL,	720,	'RSR',	NULL),
(5487,	17539,	'2018-11-07 00:00:00',	'RSR',	0,	NULL,	0,	NULL,	0,	NULL,	150,	'RSR',	NULL),
(5488,	17799,	'2018-11-08 00:00:00',	'Karl E',	0,	NULL,	0,	NULL,	0,	NULL,	2115,	'Karl E',	NULL),
(5489,	17777,	'2018-11-08 00:00:00',	'RSR',	0,	NULL,	0,	NULL,	30,	'RSR',	130,	'RSR',	NULL),
(5490,	17758,	'2018-11-08 00:00:00',	'RSR',	0,	NULL,	0,	NULL,	0,	NULL,	1000,	'RSR',	NULL),
(5491,	17806,	'2018-11-09 00:00:00',	'RSR',	0,	NULL,	0,	NULL,	0,	NULL,	512,	'RSR',	NULL),
(5492,	17761,	'2018-11-12 00:00:00',	NULL,	0,	NULL,	0,	NULL,	0,	NULL,	0,	NULL,	NULL),
(5493,	17609,	'2018-11-12 00:00:00',	'4015',	150,	'4015',	0,	NULL,	0,	NULL,	0,	NULL,	NULL),
(5494,	17751,	'2018-11-12 00:00:00',	NULL,	0,	NULL,	0,	NULL,	180,	'4015',	0,	NULL,	NULL),
(5498,	17770,	'2018-11-13 00:00:00',	NULL,	0,	NULL,	0,	NULL,	144,	'RSR',	0,	NULL,	NULL),
(5500,	17303,	'2018-11-13 00:00:00',	'MC',	1840,	'4285',	0,	NULL,	0,	NULL,	0,	NULL,	NULL),
(5503,	17807,	'2018-11-13 00:00:00',	NULL,	0,	NULL,	0,	NULL,	243,	'262',	0,	NULL,	NULL),
(5504,	17680,	'2018-11-13 00:00:00',	'MC',	960,	'5586',	0,	NULL,	0,	NULL,	0,	NULL,	NULL),
(5505,	17713,	'2018-11-13 00:00:00',	'MC',	342,	'3905',	0,	NULL,	0,	NULL,	0,	NULL,	NULL),
(5506,	17819,	'2018-11-13 00:00:00',	NULL,	150,	'4015',	0,	NULL,	0,	NULL,	0,	NULL,	NULL),
(5507,	17572,	'2018-11-14 00:00:00',	'RSR',	0,	NULL,	0,	NULL,	0,	NULL,	800,	'RSR',	NULL),
(5508,	17755,	'2018-11-14 00:00:00',	'RSR',	0,	NULL,	0,	NULL,	3,	'RSR',	509,	'RSR',	NULL),
(5509,	17447,	'2018-11-14 00:00:00',	NULL,	450,	NULL,	0,	NULL,	0,	NULL,	0,	NULL,	NULL),
(5510,	17481,	'2018-11-14 00:00:00',	NULL,	1500,	NULL,	0,	NULL,	0,	NULL,	0,	NULL,	NULL),
(5511,	17519,	'2018-11-14 00:00:00',	NULL,	1289,	NULL,	0,	NULL,	309,	NULL,	0,	NULL,	NULL),
(5512,	17548,	'2018-11-14 00:00:00',	NULL,	450,	NULL,	0,	NULL,	0,	NULL,	0,	NULL,	NULL),
(5513,	17630,	'2018-11-14 00:00:00',	NULL,	720,	NULL,	0,	NULL,	0,	NULL,	0,	NULL,	NULL),
(5514,	17608,	'2018-11-14 00:00:00',	NULL,	0,	NULL,	0,	NULL,	180,	NULL,	0,	NULL,	NULL),
(5515,	17649,	'2018-11-14 00:00:00',	NULL,	900,	NULL,	0,	NULL,	0,	NULL,	0,	NULL,	NULL),
(5516,	17650,	'2018-11-14 00:00:00',	NULL,	600,	NULL,	0,	NULL,	0,	NULL,	0,	NULL,	NULL),
(5518,	17663,	'2018-11-14 00:00:00',	NULL,	0,	NULL,	0,	NULL,	0,	NULL,	0,	NULL,	NULL),
(5519,	17759,	'2018-11-14 00:00:00',	NULL,	0,	NULL,	0,	NULL,	0,	NULL,	0,	NULL,	NULL),
(5520,	17760,	'2018-11-14 00:00:00',	NULL,	0,	NULL,	0,	NULL,	0,	NULL,	0,	NULL,	NULL),
(5521,	17803,	'2018-11-14 00:00:00',	'RZ',	2745,	'MC',	0,	NULL,	5,	'MC',	0,	NULL,	NULL),
(5522,	17622,	'2018-11-14 00:00:00',	NULL,	0,	NULL,	0,	NULL,	0,	NULL,	0,	NULL,	NULL),
(5523,	17788,	'2018-11-14 00:00:00',	'SH',	322,	'SH',	0,	NULL,	3,	'SH',	0,	NULL,	NULL),
(5524,	17588,	'2018-11-14 00:00:00',	'RZ',	500,	'Prod.',	0,	NULL,	0,	NULL,	0,	NULL,	NULL),
(5525,	17290,	'2018-11-14 00:00:00',	'RZ',	920,	'Prod.',	0,	NULL,	0,	NULL,	0,	NULL,	NULL),
(5527,	17404,	'2018-11-14 00:00:00',	NULL,	0,	NULL,	0,	NULL,	345,	'Prod.',	0,	NULL,	NULL),
(5528,	17464,	'2018-11-14 00:00:00',	'Prod.',	1920,	'Prod.',	0,	NULL,	0,	NULL,	0,	NULL,	NULL),
(5529,	17533,	'2018-11-14 00:00:00',	'Prod.',	720,	'Prod.',	0,	NULL,	0,	NULL,	0,	NULL,	NULL),
(5530,	17543,	'2018-11-14 00:00:00',	NULL,	0,	NULL,	0,	NULL,	392,	'Prod.',	0,	NULL,	NULL),
(5531,	17598,	'2018-11-14 00:00:00',	'RZ',	756,	'Prod.',	0,	NULL,	0,	NULL,	0,	NULL,	NULL),
(5532,	17612,	'2018-11-14 00:00:00',	'Prod.',	1396,	'Prod.',	0,	NULL,	0,	NULL,	0,	NULL,	NULL),
(5533,	17626,	'2018-11-14 00:00:00',	'Prod.',	960,	'Prod.',	0,	NULL,	0,	NULL,	0,	NULL,	NULL),
(5534,	17667,	'2018-11-14 00:00:00',	'Prod.',	1920,	'Prod.',	0,	NULL,	0,	NULL,	0,	NULL,	NULL),
(5535,	17676,	'2018-11-14 00:00:00',	'Prod.',	0,	'Prod.',	0,	NULL,	0,	NULL,	0,	NULL,	NULL),
(5536,	17682,	'2018-11-14 00:00:00',	'Prod.',	110,	'Prod.',	0,	NULL,	0,	NULL,	0,	NULL,	NULL),
(5537,	17688,	'2018-11-14 00:00:00',	NULL,	0,	NULL,	0,	NULL,	127,	'Prod.',	0,	NULL,	NULL),
(5538,	17696,	'2018-11-14 00:00:00',	'Prod.',	1980,	'Prod.',	0,	NULL,	0,	NULL,	0,	NULL,	NULL),
(5539,	17704,	'2018-11-14 00:00:00',	'RZ',	8250,	'Prod.',	0,	NULL,	0,	NULL,	0,	NULL,	NULL),
(5540,	17733,	'2018-11-14 00:00:00',	'Prod.',	696,	'Prod.',	0,	NULL,	0,	NULL,	0,	NULL,	NULL),
(5541,	17737,	'2018-11-14 00:00:00',	'RZ',	500,	'Prod.',	0,	NULL,	0,	NULL,	0,	NULL,	NULL),
(5542,	17754,	'2018-11-14 00:00:00',	'RZ',	13860,	'Prod.',	0,	NULL,	0,	NULL,	0,	NULL,	NULL),
(5543,	17778,	'2018-11-14 00:00:00',	'MC',	1000,	'Prod.',	0,	NULL,	0,	NULL,	0,	NULL,	NULL),
(5544,	17789,	'2018-11-14 00:00:00',	'Prod.',	1048,	'Prod.',	0,	NULL,	52,	'Prod.',	0,	NULL,	NULL),
(5545,	17812,	'2018-11-14 00:00:00',	'Prod.',	960,	'Prod.',	0,	NULL,	0,	NULL,	0,	NULL,	NULL),
(5546,	17594,	'2018-11-14 00:00:00',	'Prod.',	174,	'Prod.',	0,	NULL,	35,	'Prod.',	0,	NULL,	NULL),
(5547,	17600,	'2018-11-14 00:00:00',	'Prod.',	2100,	'Prod.',	0,	NULL,	0,	NULL,	0,	NULL,	NULL),
(5548,	17644,	'2018-11-14 00:00:00',	'Prod.',	2185,	'Prod.',	0,	NULL,	3863,	'Prod.',	0,	NULL,	NULL),
(5549,	17645,	'2018-11-14 00:00:00',	'Prod.',	267,	'Prod.',	0,	NULL,	13,	'Prod.',	0,	NULL,	NULL),
(5550,	17646,	'2018-11-14 00:00:00',	'Prod.',	1974,	'Prod.',	0,	NULL,	6,	'Prod.',	0,	NULL,	NULL),
(5551,	17647,	'2018-11-14 00:00:00',	'Prod.',	374,	'Prod.',	0,	NULL,	0,	NULL,	0,	NULL,	NULL),
(5552,	17683,	'2018-11-14 00:00:00',	'Prod.',	100,	'Prod.',	0,	NULL,	0,	NULL,	0,	NULL,	NULL),
(5553,	17695,	'2018-11-14 00:00:00',	NULL,	0,	NULL,	0,	NULL,	111,	'Prod.',	0,	NULL,	NULL),
(5554,	17699,	'2018-11-14 00:00:00',	'Prod.',	303,	'Prod.',	0,	NULL,	3,	'Prod.',	0,	NULL,	NULL),
(5555,	17333,	'2018-11-14 00:00:00',	'Prod.',	3816,	'Prod.',	0,	NULL,	184,	'Prod.',	0,	NULL,	NULL),
(5556,	17488,	'2018-11-14 00:00:00',	NULL,	0,	NULL,	0,	NULL,	300,	'Prod.',	0,	NULL,	NULL),
(5558,	17466,	'2018-11-19 00:00:00',	'RSR',	0,	NULL,	0,	NULL,	0,	NULL,	500,	'RSR',	NULL),
(5559,	17797,	'2018-11-19 00:00:00',	'RSR',	0,	NULL,	0,	NULL,	0,	NULL,	200,	'RSR',	NULL),
(5560,	17859,	'2018-11-21 00:00:00',	'RSR',	0,	NULL,	0,	NULL,	0,	NULL,	160,	'1020',	NULL),
(5561,	17829,	'2018-11-21 00:00:00',	'DB',	0,	'4000',	0,	NULL,	0,	NULL,	0,	NULL,	NULL),
(5562,	17815,	'2018-11-21 00:00:00',	'DB',	1328,	NULL,	0,	NULL,	2,	NULL,	0,	NULL,	NULL),
(5563,	17732,	'2018-11-21 00:00:00',	'DB',	1494,	NULL,	0,	NULL,	6,	NULL,	0,	NULL,	NULL),
(5567,	17864,	'2018-11-21 00:00:00',	'DB',	0,	NULL,	0,	NULL,	1,	NULL,	0,	NULL,	NULL),
(5572,	17842,	'2018-11-28 00:00:00',	'RSR',	0,	NULL,	0,	NULL,	0,	NULL,	1600,	'RSR',	NULL),
(5573,	17845,	'2018-11-29 00:00:00',	NULL,	0,	NULL,	0,	NULL,	690,	'4015',	0,	NULL,	NULL),
(5574,	17886,	'2018-11-29 00:00:00',	NULL,	0,	NULL,	0,	NULL,	2200,	'4015',	0,	NULL,	NULL),
(5575,	17882,	'2018-12-03 00:00:00',	'RSR',	0,	NULL,	0,	NULL,	0,	NULL,	2100,	'RSR',	NULL),
(5576,	17833,	'2018-12-03 00:00:00',	'5402',	0,	NULL,	0,	NULL,	12,	'5402',	188,	'5402',	NULL),
(5577,	17816,	'2018-12-03 00:00:00',	NULL,	0,	NULL,	0,	NULL,	1066,	'5402',	0,	NULL,	NULL),
(5578,	17931,	'2018-12-10 00:00:00',	'RSR',	0,	NULL,	0,	NULL,	0,	NULL,	80,	'RSR',	NULL),
(5579,	17906,	'2018-12-10 00:00:00',	'RSR',	0,	NULL,	0,	NULL,	0,	NULL,	160,	'RSR',	NULL),
(5580,	17930,	'2018-12-10 00:00:00',	'RSR',	0,	NULL,	0,	NULL,	160,	'RSR',	0,	NULL,	NULL),
(5581,	17885,	'2018-12-10 00:00:00',	'RSR',	0,	NULL,	0,	NULL,	0,	NULL,	NULL,	'RSR',	NULL),
(5582,	17891,	'2018-12-10 00:00:00',	'DB',	0,	NULL,	0,	NULL,	0,	NULL,	160,	'DB',	NULL),
(5584,	17927,	'2018-12-10 00:00:00',	'RZ/DB',	0,	NULL,	0,	NULL,	0,	NULL,	216,	'RZ',	NULL),
(5586,	17824,	'2018-12-14 00:00:00',	'RSR',	0,	NULL,	0,	NULL,	0,	NULL,	192,	'RSR',	NULL),
(5588,	17872,	'2018-12-14 00:00:00',	NULL,	0,	NULL,	0,	NULL,	10,	'RSR',	0,	NULL,	NULL),
(5590,	17838,	'2018-12-18 00:00:00',	'DB',	0,	NULL,	0,	NULL,	0,	NULL,	500,	'DB',	NULL),
(5591,	17951,	'2018-12-18 00:00:00',	NULL,	0,	NULL,	0,	NULL,	0,	NULL,	0,	NULL,	NULL),
(5592,	17956,	'2018-12-20 00:00:00',	'RSR',	0,	NULL,	0,	NULL,	9,	'RSR',	1284,	'RSR',	NULL),
(5593,	17958,	'2018-12-20 00:00:00',	'RSR',	0,	NULL,	0,	NULL,	0,	NULL,	997,	'RSR',	NULL),
(5594,	17944,	'2018-12-21 00:00:00',	'RSR',	0,	NULL,	0,	NULL,	0,	NULL,	130,	'RSR',	NULL),
(5595,	17925,	'2018-12-21 00:00:00',	NULL,	0,	NULL,	0,	NULL,	235,	'4015',	0,	NULL,	NULL),
(5596,	17943,	'2018-12-21 00:00:00',	NULL,	0,	NULL,	0,	NULL,	0,	NULL,	0,	NULL,	NULL),
(5597,	17834,	'2018-12-27 00:00:00',	'RSR',	0,	NULL,	0,	NULL,	0,	NULL,	670,	'RSR',	NULL),
(5598,	17959,	'2018-12-27 00:00:00',	NULL,	0,	NULL,	0,	NULL,	100,	'RSR',	0,	NULL,	NULL),
(5599,	17893,	'2018-12-27 00:00:00',	NULL,	0,	NULL,	0,	NULL,	300,	'RSR',	0,	NULL,	NULL),
(5600,	17692,	'2018-12-27 00:00:00',	'RSR',	0,	NULL,	0,	NULL,	0,	NULL,	1480,	'RSR',	NULL),
(5603,	17454,	'2018-12-27 00:00:00',	NULL,	0,	NULL,	0,	NULL,	0,	NULL,	0,	NULL,	NULL),
(5604,	17700,	'2018-12-27 00:00:00',	'RSR',	0,	NULL,	0,	NULL,	0,	NULL,	1350,	'RSR',	NULL),
(5605,	17823,	'2018-12-27 00:00:00',	NULL,	0,	NULL,	0,	NULL,	954,	'RSR',	0,	NULL,	NULL),
(5606,	17836,	'2018-12-27 00:00:00',	'RSR',	0,	NULL,	0,	NULL,	0,	NULL,	900,	'RSR',	NULL),
(5607,	17871,	'2018-12-27 00:00:00',	NULL,	0,	NULL,	0,	NULL,	300,	'RSR',	0,	NULL,	NULL),
(5608,	17406,	'2018-12-27 00:00:00',	NULL,	0,	NULL,	0,	NULL,	148,	'RSR',	0,	NULL,	NULL),
(5609,	17804,	'2018-12-27 00:00:00',	'RSR',	0,	NULL,	0,	NULL,	0,	NULL,	1200,	'RSR',	NULL),
(5610,	17912,	'2018-12-27 00:00:00',	'RSR',	0,	NULL,	0,	NULL,	0,	NULL,	960,	'RSR',	NULL),
(5611,	17955,	'2018-12-27 00:00:00',	NULL,	0,	NULL,	0,	NULL,	235,	'RSR',	0,	NULL,	NULL),
(5612,	17489,	'2018-12-27 00:00:00',	NULL,	0,	NULL,	0,	NULL,	400,	'RSR',	0,	NULL,	NULL),
(5614,	17800,	'2018-12-27 00:00:00',	NULL,	0,	NULL,	0,	NULL,	960,	'RSR',	0,	NULL,	NULL),
(5615,	17874,	'2018-12-27 00:00:00',	NULL,	0,	NULL,	0,	NULL,	858,	'RSR',	0,	NULL,	NULL),
(5616,	17878,	'2018-12-27 00:00:00',	NULL,	0,	NULL,	0,	NULL,	130,	'RSR',	0,	NULL,	NULL),
(5618,	17705,	'2018-12-27 00:00:00',	NULL,	0,	NULL,	0,	NULL,	150,	'RSR',	0,	NULL,	NULL),
(5620,	17962,	NULL,	'RSR',	0,	NULL,	0,	NULL,	0,	NULL,	192,	'RSR',	NULL),
(5625,	17987,	'2019-01-04 00:00:00',	'4015',	150,	'4015',	0,	NULL,	0,	NULL,	0,	NULL,	NULL),
(5626,	17988,	'2019-01-04 00:00:00',	'4015',	150,	'4015',	0,	NULL,	0,	NULL,	0,	NULL,	NULL),
(5627,	17970,	'2019-01-07 00:00:00',	'RSR',	0,	NULL,	0,	NULL,	19,	'RSR',	141,	'RSR',	NULL),
(5628,	17973,	'2019-01-08 00:00:00',	NULL,	0,	NULL,	0,	NULL,	152,	'RSR',	0,	NULL,	NULL),
(5631,	18021,	'2019-01-09 00:00:00',	'RSR',	0,	NULL,	0,	NULL,	0,	NULL,	184,	'RSR',	NULL),
(5632,	17964,	'2019-01-11 00:00:00',	NULL,	0,	NULL,	0,	NULL,	120,	NULL,	0,	NULL,	NULL),
(5633,	18040,	'2019-01-11 00:00:00',	'RSR',	0,	NULL,	0,	NULL,	0,	NULL,	2500,	'RSR',	NULL),
(5634,	18038,	'2019-01-11 00:00:00',	'RSR',	0,	NULL,	0,	NULL,	5,	'RSR',	155,	'RSR',	NULL),
(5635,	18041,	'2019-01-11 00:00:00',	'RSR',	0,	NULL,	0,	NULL,	0,	NULL,	450,	'RSR',	NULL),
(5636,	18026,	'2019-01-11 00:00:00',	'RSR',	0,	NULL,	0,	NULL,	0,	NULL,	450,	'RSR',	NULL),
(5637,	18037,	'2019-01-14 00:00:00',	'RSR',	0,	NULL,	0,	NULL,	0,	NULL,	8100,	'RSR',	NULL),
(5638,	18020,	'2019-01-14 00:00:00',	'RSR',	0,	NULL,	0,	NULL,	36,	'RSR',	156,	'RSR',	NULL),
(5639,	18048,	'2019-01-14 00:00:00',	'RSR',	0,	NULL,	0,	NULL,	43,	'RSR',	469,	'RSR',	NULL),
(5641,	17901,	'2019-01-15 00:00:00',	NULL,	0,	NULL,	0,	NULL,	215,	'RSR',	0,	NULL,	NULL),
(5642,	18051,	'2019-01-18 00:00:00',	'RSR',	0,	NULL,	0,	NULL,	2,	'RSR',	448,	'RSR',	NULL),
(5643,	18045,	'2019-01-18 00:00:00',	'RSR',	0,	NULL,	0,	NULL,	1,	'RSR',	449,	'RSR',	NULL),
(5644,	18004,	'2019-01-18 00:00:00',	'RSR',	0,	NULL,	0,	NULL,	2,	'RSR',	1348,	'RSR',	NULL),
(5645,	17996,	'2019-01-18 00:00:00',	'RSR',	0,	NULL,	0,	NULL,	1,	'RSR',	449,	'RSR',	NULL),
(5646,	18052,	'2019-01-21 00:00:00',	'RSR',	0,	NULL,	0,	NULL,	12,	'RSR',	188,	'RSR',	NULL),
(5647,	18070,	'2019-01-21 00:00:00',	'RSR',	0,	NULL,	0,	NULL,	44,	'RSR',	356,	'RSR',	NULL),
(5648,	17974,	'2019-01-21 00:00:00',	'RSR',	0,	NULL,	0,	NULL,	0,	NULL,	10000,	'RSR',	NULL),
(5649,	17992,	'2019-01-21 00:00:00',	'RSR',	0,	NULL,	0,	NULL,	0,	NULL,	1000,	'RSR',	NULL),
(5651,	17954,	'2019-01-23 00:00:00',	NULL,	0,	NULL,	0,	NULL,	280,	'RSR',	0,	NULL,	NULL),
(5652,	17922,	'2019-01-23 00:00:00',	NULL,	0,	NULL,	0,	NULL,	660,	'RSR',	0,	NULL,	NULL),
(5656,	18074,	'2019-01-23 00:00:00',	NULL,	2064,	'4015',	0,	NULL,	36,	'4015',	0,	NULL,	NULL),
(5657,	18008,	'2019-01-24 00:00:00',	NULL,	0,	NULL,	0,	NULL,	200,	'RSR',	0,	NULL,	NULL),
(5658,	18078,	'2019-01-24 00:00:00',	NULL,	0,	NULL,	0,	NULL,	600,	'RSR',	0,	NULL,	NULL),
(5659,	18005,	'2019-01-24 00:00:00',	NULL,	0,	NULL,	0,	NULL,	357,	'RSR',	0,	NULL,	NULL),
(5661,	18029,	'2019-01-24 00:00:00',	NULL,	0,	NULL,	0,	NULL,	200,	'RSR',	0,	NULL,	NULL),
(5662,	17839,	'2019-01-24 00:00:00',	NULL,	0,	NULL,	0,	NULL,	570,	'RSR',	NULL,	NULL,	NULL),
(5663,	18033,	'2019-01-24 00:00:00',	NULL,	0,	NULL,	0,	NULL,	500,	'RSR',	0,	NULL,	NULL),
(5664,	18034,	'2019-01-24 00:00:00',	NULL,	0,	NULL,	0,	NULL,	500,	'RSR',	0,	NULL,	NULL),
(5666,	17993,	'2019-01-24 00:00:00',	NULL,	0,	NULL,	0,	NULL,	0,	NULL,	0,	NULL,	NULL),
(5667,	18042,	'2019-01-24 00:00:00',	NULL,	0,	NULL,	0,	NULL,	66,	'RSR',	0,	NULL,	NULL),
(5668,	18047,	'2019-01-24 00:00:00',	NULL,	0,	NULL,	0,	NULL,	150,	'RSR',	0,	NULL,	NULL),
(5669,	18018,	'2019-01-24 00:00:00',	NULL,	0,	NULL,	0,	NULL,	0,	NULL,	0,	NULL,	NULL),
(5670,	18043,	'2019-01-24 00:00:00',	'RSR',	0,	NULL,	0,	NULL,	0,	NULL,	10800,	'RSR',	NULL),
(5672,	18085,	'2019-01-24 00:00:00',	'RSR',	0,	NULL,	0,	NULL,	33,	'RSR',	0,	NULL,	NULL),
(5675,	18099,	'2019-01-25 00:00:00',	'RZ',	792,	'961/940',	0,	NULL,	0,	'961/940',	0,	NULL,	NULL),
(5676,	18081,	'2019-01-25 00:00:00',	NULL,	0,	NULL,	0,	NULL,	144,	'DM',	0,	NULL,	NULL),
(5679,	18044,	'2019-01-28 00:00:00',	NULL,	0,	NULL,	0,	NULL,	0,	NULL,	0,	NULL,	NULL),
(5680,	18096,	'2019-01-28 00:00:00',	'RSR',	0,	NULL,	0,	NULL,	110,	'RSR',	230,	'RSR',	NULL),
(5681,	18065,	'2019-01-28 00:00:00',	'RSR',	0,	NULL,	0,	NULL,	17,	'RSR',	175,	'RSR',	NULL),
(5682,	18072,	'2019-01-28 00:00:00',	'RSR',	0,	NULL,	0,	NULL,	4,	'RSR',	156,	'RSR',	NULL),
(5683,	18090,	'2019-01-28 00:00:00',	'RSR',	0,	NULL,	0,	NULL,	32,	'RSR',	128,	'RSR',	NULL),
(5684,	18080,	'2019-01-28 00:00:00',	NULL,	0,	NULL,	0,	NULL,	0,	NULL,	0,	NULL,	NULL),
(5687,	18013,	'2019-01-28 00:00:00',	'RZ/DB',	419,	'4709',	0,	NULL,	0,	NULL,	0,	NULL,	NULL),
(5688,	18095,	'2019-01-29 00:00:00',	NULL,	0,	NULL,	0,	NULL,	200,	'RSR',	0,	NULL,	NULL),
(5689,	18111,	'2019-01-29 00:00:00',	'RSR',	0,	NULL,	0,	NULL,	0,	NULL,	450,	'RSR',	NULL),
(5691,	18108,	'2019-01-30 00:00:00',	NULL,	0,	NULL,	0,	NULL,	0,	NULL,	0,	NULL,	NULL),
(5692,	18121,	'2019-01-30 00:00:00',	NULL,	0,	NULL,	0,	NULL,	0,	NULL,	192,	'JM/SM',	NULL),
(5693,	18123,	'2019-01-31 00:00:00',	'RSR',	0,	NULL,	0,	NULL,	604,	'RSR',	896,	'RSR',	NULL),
(5694,	18087,	'2019-02-01 00:00:00',	NULL,	0,	NULL,	0,	NULL,	0,	NULL,	0,	NULL,	NULL),
(5698,	18107,	'2019-02-04 00:00:00',	'RSR',	0,	NULL,	0,	NULL,	11,	'RSR',	101,	'RSR',	NULL),
(5700,	18128,	'2019-02-04 00:00:00',	'RSR',	0,	NULL,	0,	NULL,	11,	'RSR',	789,	'RSR',	NULL),
(5701,	18136,	'2019-02-04 00:00:00',	'RSR',	0,	NULL,	0,	NULL,	0,	NULL,	600,	'RSR',	NULL),
(5703,	18158,	'2019-02-05 00:00:00',	'RSR',	0,	NULL,	0,	NULL,	1,	'RSR',	599,	'RSR',	NULL),
(5705,	18145,	'2019-02-06 00:00:00',	'RSR',	0,	NULL,	0,	NULL,	0,	NULL,	328,	'RSR',	NULL),
(5706,	18146,	'2019-02-06 00:00:00',	NULL,	0,	NULL,	0,	NULL,	300,	'RSR',	0,	NULL,	NULL),
(5707,	18109,	'2019-02-07 00:00:00',	'RSR',	0,	NULL,	0,	NULL,	0,	NULL,	450,	'RSR',	NULL),
(5708,	18176,	'2019-02-07 00:00:00',	'RSR',	0,	NULL,	0,	NULL,	0,	NULL,	10,	'RSR',	NULL),
(5710,	18190,	'2019-02-08 00:00:00',	NULL,	0,	NULL,	0,	NULL,	0,	NULL,	0,	NULL,	NULL),
(5711,	18197,	'2019-02-08 00:00:00',	NULL,	0,	NULL,	0,	NULL,	0,	NULL,	0,	NULL,	NULL),
(5715,	18140,	'2019-02-11 00:00:00',	'R',	0,	NULL,	0,	NULL,	0,	NULL,	2862,	'R',	NULL),
(5716,	18156,	'2019-02-11 00:00:00',	'RSR',	0,	NULL,	0,	NULL,	19,	'RSR',	173,	'RSR',	NULL),
(5717,	18157,	'2019-02-11 00:00:00',	'RSR',	0,	NULL,	0,	NULL,	1,	'RSR',	159,	'RSR',	NULL),
(5718,	18086,	'2019-02-11 00:00:00',	'RSR',	0,	NULL,	0,	NULL,	38,	'RSR',	612,	'RSR',	NULL),
(5719,	18208,	'2019-02-12 00:00:00',	'RSR',	0,	NULL,	0,	NULL,	72,	'RSR',	2328,	'RSR',	NULL),
(5720,	18222,	'2019-02-14 00:00:00',	'RSR',	0,	NULL,	0,	NULL,	14,	'RSR',	146,	'RSR',	NULL),
(5721,	18104,	'2019-02-14 00:00:00',	'RSR',	0,	NULL,	0,	NULL,	0,	NULL,	450,	'RSR',	NULL),
(5722,	18113,	'2019-02-14 00:00:00',	'4015',	792,	'4015',	0,	NULL,	NULL,	NULL,	0,	NULL,	NULL),
(5723,	18114,	'2019-02-14 00:00:00',	NULL,	0,	NULL,	0,	NULL,	0,	NULL,	0,	NULL,	NULL),
(5724,	17981,	'2019-02-14 00:00:00',	NULL,	0,	NULL,	0,	NULL,	150,	NULL,	0,	NULL,	NULL),
(5725,	18100,	'2019-02-14 00:00:00',	NULL,	2275,	NULL,	0,	NULL,	245,	NULL,	0,	NULL,	NULL),
(5726,	18120,	'2019-02-14 00:00:00',	NULL,	0,	NULL,	0,	NULL,	0,	NULL,	0,	NULL,	NULL),
(5727,	18211,	'2019-02-14 00:00:00',	NULL,	0,	NULL,	0,	NULL,	170,	NULL,	0,	NULL,	NULL),
(5728,	18205,	'2019-02-14 00:00:00',	NULL,	0,	NULL,	0,	NULL,	0,	NULL,	520,	NULL,	NULL),
(5729,	18220,	'2019-02-14 00:00:00',	NULL,	998,	'4015',	0,	NULL,	2,	NULL,	0,	NULL,	NULL),
(5730,	18225,	'2019-02-14 00:00:00',	NULL,	0,	NULL,	0,	NULL,	80,	NULL,	0,	NULL,	NULL),
(5735,	18187,	'2019-02-15 00:00:00',	'DB',	126,	NULL,	0,	NULL,	24,	NULL,	0,	NULL,	NULL),
(5736,	18126,	'2019-02-15 00:00:00',	NULL,	0,	NULL,	0,	NULL,	0,	NULL,	0,	NULL,	NULL),
(5737,	18186,	'2019-02-15 00:00:00',	'DB',	4925,	NULL,	0,	NULL,	75,	NULL,	0,	NULL,	NULL),
(5738,	18098,	'2019-02-15 00:00:00',	NULL,	0,	NULL,	0,	NULL,	0,	NULL,	0,	NULL,	NULL),
(5741,	18060,	'2019-02-15 00:00:00',	NULL,	0,	NULL,	0,	NULL,	0,	NULL,	0,	NULL,	NULL),
(5742,	18129,	'2019-02-15 00:00:00',	NULL,	0,	NULL,	0,	NULL,	0,	NULL,	0,	NULL,	NULL),
(5743,	18077,	'2019-02-15 00:00:00',	NULL,	0,	NULL,	0,	NULL,	0,	NULL,	0,	NULL,	NULL),
(5756,	18210,	'2019-02-19 00:00:00',	NULL,	0,	NULL,	0,	NULL,	1400,	'5716',	0,	NULL,	NULL),
(5758,	18240,	'2019-02-19 00:00:00',	NULL,	183,	NULL,	0,	NULL,	12,	NULL,	0,	NULL,	NULL),
(5759,	18239,	'2019-02-19 00:00:00',	NULL,	0,	NULL,	0,	NULL,	160,	'4015',	0,	NULL,	NULL),
(5760,	18237,	'2019-02-19 00:00:00',	NULL,	568,	'4015',	0,	NULL,	32,	NULL,	0,	NULL,	NULL),
(5763,	18243,	'2019-02-21 00:00:00',	'RSR',	0,	NULL,	0,	NULL,	0,	NULL,	192,	'RSR',	NULL),
(5764,	18258,	'2019-02-21 00:00:00',	NULL,	150,	NULL,	0,	NULL,	0,	NULL,	0,	NULL,	NULL),
(5765,	18256,	'2019-02-21 00:00:00',	NULL,	150,	NULL,	0,	NULL,	0,	NULL,	0,	NULL,	NULL),
(5766,	18255,	'2019-02-21 00:00:00',	NULL,	150,	NULL,	0,	NULL,	0,	NULL,	0,	NULL,	NULL),
(5768,	18150,	'2019-02-22 00:00:00',	NULL,	719,	NULL,	0,	NULL,	31,	NULL,	0,	NULL,	NULL),
(5769,	18180,	'2019-02-22 00:00:00',	NULL,	0,	NULL,	0,	NULL,	0,	NULL,	0,	NULL,	NULL),
(5772,	17972,	'2019-02-24 00:00:00',	NULL,	0,	NULL,	0,	NULL,	80,	'SB',	0,	NULL,	NULL),
(5780,	18245,	'2019-02-24 00:00:00',	'DB',	0,	NULL,	0,	NULL,	0,	NULL,	0,	NULL,	NULL),
(5781,	18267,	'2019-02-24 00:00:00',	'DB',	0,	NULL,	0,	NULL,	0,	NULL,	12600,	NULL,	NULL),
(5785,	18214,	'2019-02-24 00:00:00',	NULL,	0,	NULL,	0,	NULL,	35,	'DM',	0,	NULL,	NULL),
(5787,	18264,	'2019-02-24 00:00:00',	'DB',	280,	'KE',	0,	NULL,	0,	NULL,	0,	NULL,	NULL),
(5801,	18094,	'2019-02-28 00:00:00',	NULL,	NULL,	NULL,	0,	NULL,	198,	'RSR',	0,	NULL,	NULL),
(5804,	18084,	'2019-02-28 00:00:00',	NULL,	0,	NULL,	0,	NULL,	1000,	'RSR',	0,	NULL,	NULL),
(5805,	18147,	'2019-02-28 00:00:00',	NULL,	0,	NULL,	0,	NULL,	500,	'RSR',	0,	NULL,	NULL),
(5806,	18188,	'2019-02-28 00:00:00',	'RSR',	0,	NULL,	0,	NULL,	0,	NULL,	800,	'RSR',	NULL),
(5808,	18228,	'2019-02-28 00:00:00',	NULL,	0,	NULL,	0,	NULL,	320,	'RSR',	0,	NULL,	NULL),
(5810,	18269,	'2019-02-28 00:00:00',	NULL,	0,	NULL,	0,	NULL,	260,	'RSR',	0,	NULL,	NULL),
(5811,	18284,	'2019-02-28 00:00:00',	'RSR',	401,	'RSR',	0,	NULL,	417,	'RSR',	0,	NULL,	NULL),
(5812,	18296,	'2019-02-28 00:00:00',	NULL,	0,	NULL,	0,	NULL,	429,	'RSR',	0,	NULL,	NULL),
(5813,	18308,	'2019-02-28 00:00:00',	'RSR',	1120,	'RSR',	0,	NULL,	0,	NULL,	0,	NULL,	NULL),
(5821,	18235,	'2019-03-04 00:00:00',	NULL,	0,	NULL,	0,	NULL,	0,	NULL,	0,	NULL,	NULL),
(5822,	18218,	'2019-03-04 00:00:00',	'DB',	960,	'4279',	0,	NULL,	0,	'4279',	0,	NULL,	NULL),
(5824,	18287,	'2019-03-04 00:00:00',	'DB',	0,	NULL,	0,	NULL,	0,	NULL,	960,	'DB',	NULL),
(5825,	18286,	'2019-03-04 00:00:00',	'DB',	0,	NULL,	0,	NULL,	0,	NULL,	256,	'DB',	NULL),
(5827,	18273,	'2019-03-05 00:00:00',	'4279',	650,	'4015',	0,	NULL,	0,	NULL,	0,	NULL,	NULL),
(5828,	18278,	'2019-03-05 00:00:00',	'932',	864,	'4015',	0,	NULL,	0,	NULL,	0,	NULL,	NULL),
(5829,	18321,	'2019-03-05 00:00:00',	'RSR',	0,	NULL,	0,	NULL,	0,	NULL,	160,	'RSR',	NULL),
(5830,	18323,	'2019-03-05 00:00:00',	'RSR',	0,	NULL,	0,	NULL,	400,	'RSR',	400,	'RSR',	NULL),
(5832,	18316,	'2019-03-06 00:00:00',	'RSR',	72,	'RSR',	0,	NULL,	3,	'RSR',	0,	NULL,	NULL),
(5833,	18310,	'2019-03-06 00:00:00',	NULL,	0,	NULL,	0,	NULL,	0,	NULL,	0,	NULL,	NULL),
(5838,	18329,	'2019-03-07 00:00:00',	'RSR',	0,	NULL,	0,	NULL,	0,	NULL,	880,	'RSR',	NULL),
(5839,	18344,	'2019-03-07 00:00:00',	'4015',	448,	'4015',	0,	NULL,	0,	NULL,	0,	NULL,	NULL),
(5840,	18141,	'2019-03-07 00:00:00',	'4015',	1499,	'4015',	0,	NULL,	301,	NULL,	0,	NULL,	NULL),
(5841,	18154,	'2019-03-07 00:00:00',	'4015',	702,	'4015',	0,	NULL,	48,	NULL,	0,	NULL,	NULL),
(5842,	18183,	'2019-03-07 00:00:00',	'4015',	553,	'4015',	0,	NULL,	47,	NULL,	0,	NULL,	NULL),
(5843,	18257,	'2019-03-07 00:00:00',	NULL,	0,	NULL,	0,	NULL,	150,	'4015',	0,	NULL,	NULL),
(5844,	18265,	'2019-03-07 00:00:00',	NULL,	150,	'4015',	0,	NULL,	0,	NULL,	0,	NULL,	NULL),
(5845,	18275,	'2019-03-07 00:00:00',	NULL,	0,	NULL,	0,	NULL,	150,	'4015',	0,	NULL,	NULL),
(5846,	18319,	'2019-03-07 00:00:00',	NULL,	0,	NULL,	0,	NULL,	150,	NULL,	0,	NULL,	NULL),
(5847,	18328,	'2019-03-07 00:00:00',	NULL,	0,	NULL,	0,	NULL,	0,	NULL,	0,	NULL,	NULL),
(5848,	18137,	'2019-03-08 00:00:00',	NULL,	0,	NULL,	0,	NULL,	0,	'4015',	0,	NULL,	NULL),
(5849,	18357,	'2019-03-11 00:00:00',	NULL,	0,	NULL,	0,	NULL,	0,	NULL,	0,	NULL,	NULL),
(5850,	18209,	'2019-03-12 00:00:00',	NULL,	0,	NULL,	0,	NULL,	1616,	'RSR',	0,	NULL,	NULL),
(5853,	18263,	'2019-03-12 00:00:00',	'RSR',	489,	'RSR',	0,	NULL,	11,	'RSR',	0,	NULL,	NULL),
(5854,	18338,	'2019-03-13 00:00:00',	NULL,	0,	NULL,	0,	NULL,	0,	NULL,	0,	NULL,	NULL),
(5857,	18373,	'2019-03-13 00:00:00',	'RSR',	0,	NULL,	0,	NULL,	0,	NULL,	1300,	'RSR',	NULL),
(5863,	18350,	'2019-03-13 00:00:00',	'4015',	295,	'4015',	0,	NULL,	0,	NULL,	0,	NULL,	NULL),
(5864,	18358,	'2019-03-13 00:00:00',	NULL,	0,	NULL,	0,	NULL,	0,	NULL,	0,	NULL,	NULL),
(5865,	18364,	'2019-03-14 00:00:00',	'RSR',	191,	'RSR',	0,	NULL,	1,	'RSR',	0,	NULL,	NULL),
(5866,	18341,	'2019-03-15 00:00:00',	NULL,	0,	NULL,	0,	NULL,	1,	NULL,	0,	NULL,	NULL),
(5869,	18294,	'2019-03-15 00:00:00',	NULL,	0,	NULL,	0,	NULL,	429,	'SK',	0,	NULL,	NULL),
(5870,	18388,	'2019-03-19 00:00:00',	'4015',	648,	'4015',	0,	NULL,	0,	NULL,	0,	NULL,	NULL),
(5871,	18408,	'2019-03-19 00:00:00',	'4015',	624,	'4015',	0,	NULL,	0,	NULL,	0,	NULL,	NULL),
(5872,	18392,	'2019-03-19 00:00:00',	'4015',	500,	'4015',	0,	NULL,	0,	NULL,	0,	NULL,	NULL),
(5873,	18307,	'2019-03-19 00:00:00',	'RSR',	109,	'RSR',	0,	NULL,	51,	'RSR',	0,	NULL,	NULL),
(5874,	18303,	'2019-03-19 00:00:00',	NULL,	0,	NULL,	0,	NULL,	864,	'RSR',	0,	NULL,	NULL),
(5875,	18428,	'2019-03-19 00:00:00',	NULL,	0,	NULL,	0,	NULL,	864,	'RSR',	0,	NULL,	NULL),
(5877,	18386,	'2019-03-19 00:00:00',	NULL,	0,	NULL,	0,	NULL,	0,	NULL,	0,	NULL,	NULL),
(5878,	18393,	'2019-03-19 00:00:00',	NULL,	0,	NULL,	0,	NULL,	130,	'MC',	0,	NULL,	NULL),
(5881,	18400,	'2019-03-20 00:00:00',	NULL,	0,	NULL,	0,	NULL,	56,	'5716',	0,	NULL,	NULL),
(5883,	18441,	'2019-03-21 00:00:00',	'RSR',	0,	NULL,	0,	NULL,	0,	NULL,	204,	'RSR',	NULL),
(5884,	18439,	'2019-03-21 00:00:00',	'RSR',	11,	'RSR',	0,	NULL,	19,	'RSR',	0,	NULL,	NULL),
(5886,	18384,	'2019-03-21 00:00:00',	'MC',	341,	'10456',	0,	NULL,	619,	'10456',	0,	NULL,	NULL),
(5887,	18385,	'2019-03-21 00:00:00',	'MC',	122,	'10456',	0,	NULL,	116,	'10456',	0,	NULL,	NULL),
(5891,	18416,	'2019-03-22 00:00:00',	NULL,	0,	NULL,	0,	NULL,	0,	NULL,	0,	NULL,	NULL),
(5892,	18417,	'2019-03-22 00:00:00',	NULL,	0,	NULL,	0,	NULL,	0,	NULL,	0,	NULL,	NULL),
(5893,	18414,	'2019-03-22 00:00:00',	'RSR',	584,	'TM',	0,	NULL,	0,	NULL,	0,	NULL,	NULL),
(5894,	18412,	'2019-03-22 00:00:00',	'RSR',	672,	'Prod.',	0,	NULL,	0,	NULL,	0,	NULL,	NULL),
(5895,	18406,	'2019-03-22 00:00:00',	'TB',	800,	'Mag OP',	0,	NULL,	0,	NULL,	0,	NULL,	NULL),
(5896,	18395,	'2019-03-22 00:00:00',	'RSR',	800,	'Prod',	0,	NULL,	0,	NULL,	0,	NULL,	NULL),
(5899,	18304,	'2019-03-22 00:00:00',	NULL,	0,	NULL,	0,	NULL,	864,	'Prod.',	0,	NULL,	NULL),
(5900,	18276,	'2019-03-22 00:00:00',	'RSR',	600,	'Prod.',	0,	NULL,	0,	NULL,	0,	NULL,	NULL),
(5902,	18127,	'2019-03-22 00:00:00',	'RSR',	500,	'Prod.',	0,	NULL,	0,	NULL,	0,	NULL,	NULL),
(5903,	17935,	'2019-03-22 00:00:00',	NULL,	0,	NULL,	0,	NULL,	3700,	'Prod.',	0,	NULL,	NULL),
(5904,	18435,	'2019-03-25 00:00:00',	'RSR',	11,	'RSR',	0,	NULL,	149,	'RSR',	0,	NULL,	NULL),
(5905,	18438,	'2019-03-25 00:00:00',	'RSR',	136,	'RSR',	0,	NULL,	24,	'RSR',	0,	NULL,	NULL),
(5906,	18407,	'2019-03-25 00:00:00',	'RSR',	139,	'RSR',	0,	NULL,	21,	'RSR',	0,	NULL,	NULL),
(5907,	18458,	'2019-03-25 00:00:00',	'RSR',	1600,	'RSR',	0,	NULL,	0,	NULL,	0,	NULL,	NULL),
(5908,	18387,	'2019-04-01 00:00:00',	'RSR',	0,	NULL,	0,	NULL,	0,	NULL,	384,	'RSR',	NULL),
(5909,	18477,	'2019-04-01 00:00:00',	'RSR',	0,	NULL,	0,	NULL,	0,	NULL,	192,	'RSR',	NULL),
(5910,	18488,	'2019-04-01 00:00:00',	'RSR',	0,	NULL,	0,	NULL,	3,	'RSR',	189,	'RSR',	NULL),
(5911,	18450,	'2019-04-02 00:00:00',	NULL,	0,	NULL,	0,	NULL,	1700,	'RSR',	0,	NULL,	NULL),
(5912,	18452,	'2019-04-02 00:00:00',	NULL,	0,	NULL,	0,	NULL,	30,	'RSR',	0,	NULL,	NULL),
(5913,	18362,	'2019-04-02 00:00:00',	NULL,	0,	NULL,	0,	NULL,	0,	NULL,	0,	NULL,	NULL),
(5914,	18500,	'2019-04-02 00:00:00',	'RSR',	0,	NULL,	0,	NULL,	41,	'RSR',	47,	'RSR',	NULL),
(5915,	18476,	'2019-04-02 00:00:00',	'4015',	792,	'4015',	0,	NULL,	0,	NULL,	0,	NULL,	NULL),
(5916,	18501,	'2019-04-02 00:00:00',	'RZ/DB/PM',	0,	NULL,	0,	NULL,	0,	NULL,	2400,	NULL,	NULL),
(5917,	18473,	'2019-04-04 00:00:00',	'RSR',	0,	NULL,	0,	NULL,	0,	NULL,	192,	'RSR',	NULL),
(5918,	18474,	'2019-04-04 00:00:00',	'RSR',	0,	NULL,	0,	NULL,	0,	NULL,	192,	'RSR',	NULL),
(5919,	18497,	'2019-04-05 00:00:00',	'RSR',	0,	NULL,	0,	NULL,	5,	'RSR',	2995,	'RSR',	NULL),
(5920,	18479,	'2019-04-05 00:00:00',	'GH',	505,	'5791',	0,	NULL,	0,	NULL,	0,	NULL,	NULL),
(5921,	18490,	'2019-04-05 00:00:00',	NULL,	0,	NULL,	0,	NULL,	290,	'4015',	0,	NULL,	NULL),
(5922,	18519,	'2019-04-05 00:00:00',	'4015',	272,	'4015',	0,	NULL,	0,	NULL,	0,	NULL,	NULL),
(5923,	18346,	'2019-04-08 00:00:00',	'RSR',	800,	'RSR',	0,	NULL,	0,	NULL,	0,	NULL,	NULL),
(5924,	18528,	'2019-04-08 00:00:00',	NULL,	0,	NULL,	0,	NULL,	0,	NULL,	0,	NULL,	NULL),
(5925,	18478,	'2019-04-08 00:00:00',	NULL,	0,	NULL,	0,	NULL,	45,	'DC',	0,	NULL,	NULL),
(5926,	18541,	'2019-04-10 00:00:00',	'RSR',	0,	NULL,	0,	NULL,	0,	NULL,	900,	'RSR',	NULL),
(5927,	18462,	'2019-04-10 00:00:00',	NULL,	0,	NULL,	0,	NULL,	1530,	'4015',	0,	NULL,	NULL),
(5928,	18499,	'2019-04-10 00:00:00',	'RSR',	0,	NULL,	0,	NULL,	0,	NULL,	192,	'RSR',	NULL),
(5929,	18542,	'2019-04-11 00:00:00',	'4015',	1100,	'4015',	0,	NULL,	0,	NULL,	0,	NULL,	NULL),
(5930,	18487,	'2019-04-11 00:00:00',	NULL,	0,	NULL,	0,	NULL,	1037,	'4015',	0,	NULL,	NULL),
(5931,	18523,	'2019-04-11 00:00:00',	NULL,	0,	NULL,	0,	NULL,	3400,	'4015',	0,	NULL,	NULL),
(5932,	18543,	'2019-04-11 00:00:00',	NULL,	0,	NULL,	0,	NULL,	0,	'4015',	0,	NULL,	NULL),
(5933,	18506,	'2019-04-12 00:00:00',	NULL,	0,	NULL,	0,	NULL,	130,	'RSR',	0,	NULL,	NULL),
(5934,	18219,	'2019-04-12 00:00:00',	NULL,	0,	NULL,	0,	NULL,	1400,	'RSR',	0,	NULL,	NULL),
(5935,	18525,	'2019-04-15 00:00:00',	'DB/RZ',	150,	'CW',	0,	NULL,	20,	'CW',	0,	NULL,	NULL),
(5936,	18449,	'2019-04-15 00:00:00',	'MC',	282,	'937',	0,	NULL,	390,	'937',	0,	NULL,	NULL),
(5937,	18558,	'2019-04-15 00:00:00',	'KF',	1906,	'60395586',	0,	NULL,	14,	'6039',	0,	NULL,	NULL),
(5938,	18567,	'2019-04-17 00:00:00',	NULL,	0,	NULL,	0,	NULL,	134,	'4015',	0,	NULL,	NULL),
(5939,	18574,	'2019-04-17 00:00:00',	NULL,	0,	NULL,	0,	NULL,	400,	'4015',	0,	NULL,	NULL),
(5940,	18561,	'2019-04-22 00:00:00',	'SH/RZ',	1554,	'4279',	0,	NULL,	12,	'4279',	0,	NULL,	NULL),
(5942,	18471,	'2019-04-22 00:00:00',	'RSR',	0,	NULL,	0,	NULL,	0,	NULL,	127,	'RSR',	NULL),
(5943,	18463,	'2019-04-22 00:00:00',	'RSR',	125,	'KF',	0,	NULL,	75,	'KF',	0,	NULL,	NULL),
(5945,	18564,	'2019-04-22 00:00:00',	NULL,	0,	NULL,	0,	NULL,	10400,	NULL,	0,	NULL,	NULL),
(5947,	18552,	'2019-04-22 00:00:00',	NULL,	5270,	'TB',	0,	NULL,	530,	'TB',	0,	NULL,	NULL),
(5948,	18559,	'2019-04-22 00:00:00',	NULL,	0,	NULL,	0,	NULL,	0,	NULL,	0,	NULL,	NULL),
(5949,	18580,	'2019-04-25 00:00:00',	'4015',	2093,	'4015',	0,	NULL,	0,	NULL,	0,	NULL,	NULL),
(5950,	18595,	'2019-04-29 00:00:00',	NULL,	0,	NULL,	0,	NULL,	429,	'RSR',	0,	NULL,	NULL),
(5951,	18606,	'2019-04-30 00:00:00',	'4015',	112,	'4015',	0,	NULL,	28,	'4015',	0,	NULL,	NULL),
(5952,	18571,	'2019-04-30 00:00:00',	NULL,	0,	NULL,	0,	NULL,	0,	NULL,	0,	NULL,	NULL),
(5953,	18612,	'2019-04-30 00:00:00',	NULL,	0,	NULL,	0,	NULL,	4100,	'RSR',	0,	NULL,	NULL),
(5954,	18607,	'2019-05-01 00:00:00',	NULL,	0,	NULL,	0,	NULL,	395,	'RSR',	0,	NULL,	NULL),
(5955,	18592,	'2019-05-02 00:00:00',	NULL,	188,	'RSR',	0,	NULL,	4,	'RSR',	NULL,	NULL,	NULL),
(5957,	18618,	'2019-05-03 00:00:00',	NULL,	0,	NULL,	0,	NULL,	900,	'RSR',	0,	NULL,	NULL),
(5958,	18576,	'2019-05-06 00:00:00',	'RSR',	158,	'RSR',	0,	NULL,	2,	'RSR',	0,	NULL,	NULL),
(5959,	18581,	'2019-05-06 00:00:00',	'RSR',	155,	'RSR',	0,	NULL,	5,	'RSR',	0,	NULL,	NULL),
(5960,	18582,	'2019-05-06 00:00:00',	'RSR',	156,	'RSR',	0,	NULL,	4,	'RSR',	0,	NULL,	NULL),
(5961,	18624,	'2019-05-06 00:00:00',	NULL,	0,	NULL,	0,	NULL,	2500,	'RSR',	0,	NULL,	NULL),
(5962,	18604,	'2019-05-06 00:00:00',	NULL,	0,	NULL,	0,	NULL,	0,	NULL,	0,	NULL,	NULL),
(5963,	18605,	'2019-05-06 00:00:00',	NULL,	0,	NULL,	0,	NULL,	160,	'RSR',	0,	NULL,	NULL),
(5964,	18610,	'2019-05-06 00:00:00',	NULL,	0,	NULL,	0,	NULL,	800,	'RSR',	0,	NULL,	NULL),
(5965,	18632,	'2019-05-06 00:00:00',	'7200',	7200,	'4015',	0,	NULL,	0,	NULL,	0,	NULL,	NULL),
(5966,	18633,	'2019-05-06 00:00:00',	'4015',	7200,	'4015',	0,	NULL,	0,	NULL,	0,	NULL,	NULL),
(5967,	18634,	'2019-05-06 00:00:00',	NULL,	0,	NULL,	0,	NULL,	0,	NULL,	0,	NULL,	NULL),
(5968,	18625,	'2019-05-06 00:00:00',	NULL,	0,	NULL,	0,	NULL,	0,	NULL,	0,	NULL,	NULL),
(5969,	18616,	'2019-05-07 00:00:00',	NULL,	0,	NULL,	0,	NULL,	160,	'RSR',	0,	NULL,	NULL),
(5971,	18590,	'2019-05-08 00:00:00',	NULL,	0,	NULL,	0,	NULL,	500,	'RSR',	0,	NULL,	NULL),
(5972,	18283,	'2019-05-08 00:00:00',	'RZ',	847,	'5678',	0,	NULL,	0,	NULL,	0,	NULL,	NULL),
(5973,	18285,	'2019-05-08 00:00:00',	'RZ',	393,	'5791',	0,	NULL,	0,	NULL,	0,	NULL,	NULL),
(5974,	18589,	'2019-05-08 00:00:00',	'RSR',	187,	'RSR',	0,	NULL,	5,	'RSR',	0,	NULL,	NULL),
(5975,	18649,	'2019-05-08 00:00:00',	'RSR',	0,	NULL,	0,	NULL,	0,	NULL,	1300,	'RSR',	NULL),
(5976,	18468,	'2019-05-08 00:00:00',	NULL,	0,	NULL,	0,	NULL,	150,	'RSR',	0,	NULL,	NULL),
(5977,	18609,	'2019-05-08 00:00:00',	NULL,	0,	NULL,	0,	NULL,	429,	'RSR',	0,	NULL,	NULL),
(5978,	18611,	'2019-05-08 00:00:00',	NULL,	0,	NULL,	0,	NULL,	429,	'RSR',	0,	NULL,	NULL),
(5979,	18654,	'2019-05-09 00:00:00',	NULL,	0,	NULL,	0,	NULL,	0,	NULL,	0,	NULL,	NULL),
(5981,	18578,	'2019-05-09 00:00:00',	NULL,	0,	NULL,	0,	NULL,	72,	'4015',	0,	NULL,	NULL),
(5983,	18626,	'2019-05-09 00:00:00',	NULL,	0,	NULL,	0,	NULL,	0,	NULL,	0,	NULL,	NULL),
(5984,	18645,	'2019-05-09 00:00:00',	NULL,	0,	NULL,	0,	NULL,	468,	'4018',	0,	NULL,	NULL),
(5985,	18628,	'2019-05-09 00:00:00',	NULL,	3564,	'4015',	0,	NULL,	0,	NULL,	0,	NULL,	NULL),
(5986,	18629,	'2019-05-09 00:00:00',	NULL,	879,	'4015',	0,	NULL,	0,	NULL,	0,	NULL,	NULL),
(5987,	18647,	'2019-05-09 00:00:00',	NULL,	0,	NULL,	0,	NULL,	468,	'4015',	0,	NULL,	NULL),
(5988,	18598,	'2019-05-09 00:00:00',	NULL,	0,	NULL,	0,	NULL,	0,	NULL,	0,	NULL,	NULL),
(5998,	18630,	'2019-05-10 00:00:00',	NULL,	0,	NULL,	0,	NULL,	52,	'RSR',	NULL,	'RSR',	NULL),
(6000,	18650,	'2019-05-13 00:00:00',	'RSR',	0,	NULL,	0,	NULL,	725,	'RSR',	0,	NULL,	NULL),
(6001,	18656,	'2019-05-13 00:00:00',	'RSR',	0,	NULL,	0,	NULL,	0,	NULL,	532,	'RSR',	NULL),
(6002,	18597,	'2019-05-13 00:00:00',	'RSR',	184,	'RSR',	0,	NULL,	8,	'RSR',	0,	NULL,	NULL),
(6003,	18484,	'2019-05-13 00:00:00',	'RSR',	1091,	'RSR',	0,	NULL,	9,	'RSR',	0,	NULL,	NULL),
(6004,	18635,	'2019-05-15 00:00:00',	'RSR',	0,	NULL,	0,	NULL,	0,	NULL,	63,	'RSR',	NULL),
(6005,	18466,	'2019-05-15 00:00:00',	'RSR',	0,	NULL,	0,	NULL,	0,	NULL,	1440,	'RSR',	NULL),
(6006,	18472,	'2019-05-16 00:00:00',	'RSR',	0,	NULL,	0,	NULL,	0,	NULL,	1000,	'RSR',	NULL),
(6007,	18493,	'2019-05-16 00:00:00',	NULL,	497,	'RSR',	0,	NULL,	15,	'RSR',	NULL,	NULL,	NULL),
(6009,	18671,	'2019-05-16 00:00:00',	NULL,	0,	NULL,	0,	NULL,	460,	'RSR',	0,	NULL,	NULL),
(6010,	18622,	'2019-05-16 00:00:00',	NULL,	0,	NULL,	0,	NULL,	177,	'RSR',	0,	NULL,	NULL),
(6011,	18692,	'2019-05-21 00:00:00',	'RSR',	367,	'RSR',	0,	NULL,	17,	'RSR',	0,	NULL,	NULL),
(6012,	18699,	'2019-05-21 00:00:00',	'G.H.',	0,	NULL,	0,	NULL,	0,	NULL,	99,	'G.H.',	NULL),
(6013,	18667,	'2019-05-22 00:00:00',	NULL,	0,	NULL,	0,	NULL,	0,	NULL,	0,	NULL,	NULL),
(6015,	18687,	'2019-05-22 00:00:00',	'4015',	900,	'4015',	0,	NULL,	0,	NULL,	0,	NULL,	NULL),
(6016,	18643,	'2019-05-22 00:00:00',	'RZ',	2585,	'5879',	0,	NULL,	55,	'5233',	0,	NULL,	NULL),
(6017,	18614,	'2019-05-22 00:00:00',	'MC',	560,	'3905',	0,	NULL,	0,	NULL,	0,	NULL,	NULL),
(6018,	18623,	'2019-05-22 00:00:00',	'DM',	2970,	'3905',	0,	NULL,	0,	NULL,	0,	NULL,	NULL),
(6019,	18636,	'2019-05-22 00:00:00',	'MC',	1688,	'5678',	0,	NULL,	0,	NULL,	0,	NULL,	NULL),
(6021,	18682,	'2019-05-24 00:00:00',	NULL,	0,	NULL,	0,	NULL,	594,	'RSR',	0,	NULL,	NULL),
(6022,	18694,	'2019-05-24 00:00:00',	NULL,	0,	NULL,	0,	NULL,	204,	'RSR',	0,	NULL,	NULL),
(6023,	18691,	'2019-05-24 00:00:00',	NULL,	0,	NULL,	0,	NULL,	1600,	'RSR',	0,	NULL,	NULL),
(6024,	18655,	'2019-05-27 00:00:00',	NULL,	0,	NULL,	0,	NULL,	2500,	'RSR',	0,	NULL,	NULL),
(6025,	18653,	'2019-05-27 00:00:00',	NULL,	0,	NULL,	0,	NULL,	2000,	'RSR',	0,	NULL,	NULL),
(6027,	18721,	'2019-05-27 00:00:00',	NULL,	0,	NULL,	0,	NULL,	94,	'4015',	0,	NULL,	NULL),
(6028,	18677,	'2019-05-27 00:00:00',	'4015',	72,	'4015',	0,	NULL,	0,	NULL,	0,	NULL,	NULL),
(6029,	18714,	'2019-05-27 00:00:00',	'ST',	11211,	'ST',	0,	NULL,	25,	'ST',	0,	NULL,	NULL),
(6030,	18498,	'2019-05-27 00:00:00',	'ST',	137,	'ST',	0,	NULL,	213,	'ST',	0,	NULL,	NULL),
(6036,	18726,	'2019-05-30 00:00:00',	'RZ',	1040,	'933/9850',	0,	NULL,	0,	NULL,	0,	NULL,	NULL),
(6037,	18712,	'2019-05-30 00:00:00',	'RSR',	345,	'RSR',	0,	NULL,	39,	'RSR',	0,	NULL,	NULL),
(6038,	18212,	'2019-05-31 00:00:00',	'RZ/PS',	1519,	'DM',	0,	NULL,	213,	'DM',	0,	NULL,	NULL),
(6039,	18748,	'2019-05-31 00:00:00',	'RZ',	1279,	'4409',	0,	NULL,	17,	'4409',	0,	NULL,	NULL),
(6040,	18648,	'2019-05-31 00:00:00',	'TB',	960,	'AD',	0,	NULL,	0,	NULL,	0,	NULL,	NULL),
(6041,	18772,	'2019-06-03 00:00:00',	'ST',	154,	'ST',	0,	NULL,	0,	'ST',	0,	NULL,	NULL),
(6042,	18762,	'2019-06-03 00:00:00',	NULL,	0,	NULL,	0,	NULL,	576,	'5569',	0,	NULL,	NULL),
(6043,	18768,	'2019-06-03 00:00:00',	'4015',	4320,	'4015',	0,	NULL,	0,	NULL,	0,	NULL,	NULL),
(6044,	18769,	'2019-06-03 00:00:00',	'4015',	2226,	'4015',	0,	NULL,	0,	NULL,	0,	NULL,	NULL),
(6045,	18771,	'2019-06-03 00:00:00',	'4015',	1848,	'4015',	0,	NULL,	0,	NULL,	0,	NULL,	NULL),
(6046,	18760,	'2019-06-03 00:00:00',	'4015',	6998,	'4015',	0,	NULL,	2,	NULL,	0,	NULL,	NULL),
(6047,	18752,	'2019-06-03 00:00:00',	'RZ',	114,	'AC/MS',	0,	NULL,	6,	'RZ',	0,	NULL,	NULL),
(6048,	18780,	'2019-06-05 00:00:00',	'4015',	356,	'4015',	0,	NULL,	4,	'4015',	0,	NULL,	NULL),
(6049,	18779,	'2019-06-05 00:00:00',	'4015',	580,	'4015',	0,	NULL,	20,	'4015',	0,	NULL,	NULL),
(6051,	18719,	'2019-06-06 00:00:00',	NULL,	0,	NULL,	0,	NULL,	90,	'RSR',	0,	NULL,	NULL),
(6052,	18747,	'2019-06-07 00:00:00',	NULL,	1844,	'4015',	0,	NULL,	400,	'4015',	0,	NULL,	NULL),
(6053,	18804,	'2019-06-07 00:00:00',	'RSR',	700,	'RSR',	0,	NULL,	0,	NULL,	0,	NULL,	NULL),
(6054,	18763,	'2019-06-07 00:00:00',	'SH',	200,	'SH',	0,	NULL,	0,	NULL,	0,	NULL,	NULL),
(6055,	18812,	'2019-06-10 00:00:00',	'RSR',	162,	'RSR',	0,	NULL,	30,	'RSR',	0,	NULL,	NULL),
(6056,	18709,	'2019-06-10 00:00:00',	'RSR',	0,	NULL,	0,	NULL,	96,	'RSR',	0,	NULL,	NULL),
(6057,	18793,	'2019-06-10 00:00:00',	'ST',	159,	'ST',	0,	NULL,	1,	'ST',	0,	NULL,	NULL),
(6058,	18742,	'2019-06-10 00:00:00',	NULL,	0,	NULL,	0,	NULL,	495,	'S T',	0,	NULL,	NULL),
(6059,	18733,	'2019-06-10 00:00:00',	'4015',	562,	'4015',	0,	NULL,	14,	'4015',	0,	NULL,	NULL),
(6060,	18816,	'2019-06-11 00:00:00',	'SM',	80,	'4409',	0,	NULL,	0,	NULL,	0,	NULL,	NULL),
(6061,	18790,	'2019-06-12 00:00:00',	'RSR',	178,	'RSR',	0,	NULL,	14,	'RSR',	0,	NULL,	NULL),
(6062,	18825,	'2019-06-12 00:00:00',	'ST',	241,	'ST',	0,	NULL,	0,	NULL,	0,	NULL,	NULL),
(6063,	18775,	'2019-06-12 00:00:00',	NULL,	0,	NULL,	0,	NULL,	2500,	'RSR',	0,	NULL,	NULL),
(6064,	18686,	'2019-06-14 00:00:00',	'ST',	160,	'ST',	0,	NULL,	0,	NULL,	0,	NULL,	NULL),
(6065,	18736,	'2019-06-14 00:00:00',	'RSR',	180,	'RSR',	0,	NULL,	12,	'RSR',	0,	NULL,	NULL),
(6066,	18680,	'2019-06-14 00:00:00',	NULL,	0,	NULL,	0,	NULL,	0,	NULL,	0,	NULL,	NULL),
(6067,	18835,	'2019-06-14 00:00:00',	'4015',	3300,	'4015',	0,	NULL,	0,	NULL,	0,	NULL,	NULL),
(6068,	18803,	'2019-06-14 00:00:00',	'ST',	202,	'ST',	0,	NULL,	0,	NULL,	0,	NULL,	NULL),
(6069,	18708,	'2019-06-17 00:00:00',	'ST',	733,	'ST',	0,	NULL,	35,	'ST',	0,	NULL,	NULL),
(6070,	18819,	'2019-06-20 00:00:00',	NULL,	0,	NULL,	0,	NULL,	100,	'RSR',	0,	NULL,	NULL),
(6071,	18837,	'2019-06-20 00:00:00',	'RSR',	1324,	'RSR',	0,	NULL,	6,	'RSR',	0,	NULL,	NULL),
(6072,	18834,	'2019-06-20 00:00:00',	'4015',	1024,	'4015',	0,	NULL,	345,	'4015',	0,	NULL,	NULL),
(6073,	18836,	'2019-06-20 00:00:00',	NULL,	0,	NULL,	0,	NULL,	3927,	'4015',	0,	NULL,	NULL),
(6074,	18724,	'2019-06-20 00:00:00',	'ST',	1446,	'ST',	0,	NULL,	14,	'ST',	0,	NULL,	NULL),
(6075,	18675,	'2019-06-20 00:00:00',	'ST',	1519,	'ST',	0,	NULL,	0,	'ST',	0,	NULL,	NULL),
(6076,	18844,	'2019-06-20 00:00:00',	'ST',	491,	'ST',	0,	NULL,	0,	'ST',	0,	NULL,	NULL),
(6077,	18849,	'2019-06-20 00:00:00',	'RZ',	576,	'5014',	0,	NULL,	0,	NULL,	0,	NULL,	NULL),
(6078,	18817,	'2019-06-21 00:00:00',	'ST',	212,	'ST',	0,	NULL,	27,	'ST',	0,	NULL,	NULL),
(6079,	18863,	'2019-06-24 00:00:00',	NULL,	185,	'ST',	0,	NULL,	7,	'ST',	0,	'ST',	NULL),
(6081,	18722,	'2019-06-24 00:00:00',	'RZ',	41,	'QA Lab',	0,	NULL,	103,	'RZ',	0,	NULL,	NULL),
(6082,	18659,	'2019-06-24 00:00:00',	'RZ',	62,	'QA Lab',	0,	NULL,	58,	'RZ',	0,	NULL,	NULL),
(6083,	18822,	'2019-06-25 00:00:00',	'ST',	400,	'ST',	0,	NULL,	0,	'ST',	0,	NULL,	NULL),
(6084,	18862,	'2019-06-25 00:00:00',	'ST',	865,	'ST',	0,	NULL,	0,	'ST',	0,	NULL,	NULL),
(6085,	18841,	'2019-06-26 00:00:00',	NULL,	0,	NULL,	0,	NULL,	48,	'ST',	0,	NULL,	NULL),
(6086,	18797,	'2019-06-26 00:00:00',	NULL,	NULL,	NULL,	0,	NULL,	NULL,	NULL,	0,	NULL,	NULL),
(6088,	18681,	'2019-06-26 00:00:00',	'ST',	113,	'ST',	0,	NULL,	87,	'ST',	0,	NULL,	NULL),
(6089,	18873,	'2019-06-28 00:00:00',	'RSR',	188,	'RSR',	0,	NULL,	4,	'RSR',	0,	NULL,	NULL),
(6090,	18820,	'2019-06-28 00:00:00',	NULL,	0,	NULL,	0,	NULL,	92,	'RSR',	0,	NULL,	NULL),
(6091,	18821,	'2019-06-28 00:00:00',	NULL,	0,	NULL,	0,	NULL,	312,	'RSR',	0,	NULL,	NULL),
(6092,	18668,	'2019-06-28 00:00:00',	NULL,	0,	NULL,	0,	NULL,	900,	'RSR',	0,	NULL,	NULL),
(6093,	18848,	'2019-06-28 00:00:00',	'RZ',	24,	'BR',	0,	NULL,	16,	'RZ',	0,	NULL,	NULL),
(6094,	18878,	'2019-06-28 00:00:00',	'RZ',	120,	'4690',	0,	NULL,	0,	NULL,	0,	NULL,	NULL),
(6095,	18880,	'2019-06-28 00:00:00',	NULL,	0,	NULL,	0,	NULL,	126,	'4015',	0,	NULL,	NULL),
(6096,	18879,	'2019-06-28 00:00:00',	'4015',	2200,	'4015',	0,	NULL,	0,	NULL,	0,	NULL,	NULL),
(6097,	18867,	'2019-07-02 00:00:00',	'RSR',	425,	'RSR',	0,	NULL,	87,	'RSR',	0,	NULL,	NULL),
(6098,	18876,	'2019-07-02 00:00:00',	NULL,	0,	NULL,	0,	NULL,	276,	'RSR',	0,	NULL,	NULL),
(6099,	18875,	'2019-07-02 00:00:00',	NULL,	0,	NULL,	0,	NULL,	800,	'RSR',	0,	NULL,	NULL),
(6101,	18826,	'2019-07-04 00:00:00',	'RZ',	144,	'922',	0,	NULL,	0,	NULL,	0,	NULL,	NULL),
(6102,	18723,	'2019-07-04 00:00:00',	'KE',	111,	'KE',	0,	NULL,	13,	'KE',	0,	NULL,	NULL),
(6103,	18730,	'2019-07-05 00:00:00',	'RSR',	1983,	'RSR',	0,	NULL,	17,	'RSR',	0,	NULL,	NULL),
(6104,	18874,	'2019-07-05 00:00:00',	NULL,	0,	NULL,	0,	NULL,	1000,	'RSR',	0,	NULL,	NULL),
(6105,	18518,	'2019-07-05 00:00:00',	NULL,	0,	NULL,	0,	NULL,	800,	'RSR',	0,	NULL,	NULL),
(6108,	18761,	'2019-07-05 00:00:00',	NULL,	0,	NULL,	0,	NULL,	1904,	'RSR',	0,	NULL,	NULL),
(6109,	18838,	'2019-07-05 00:00:00',	NULL,	0,	NULL,	0,	NULL,	0,	NULL,	0,	NULL,	NULL),
(6111,	18904,	'2019-07-08 00:00:00',	NULL,	0,	NULL,	0,	NULL,	0,	NULL,	0,	NULL,	NULL),
(6115,	18905,	'2019-07-09 00:00:00',	'RZ',	120,	'976',	0,	NULL,	0,	NULL,	0,	NULL,	NULL),
(6119,	18866,	'2019-07-10 00:00:00',	'ST',	11338,	'ST',	0,	NULL,	0,	'ST',	0,	NULL,	NULL),
(6120,	18829,	'2019-07-10 00:00:00',	NULL,	21321,	'ST',	0,	NULL,	0,	'ST',	0,	NULL,	NULL),
(6122,	18907,	'2019-07-11 00:00:00',	NULL,	0,	NULL,	0,	NULL,	250,	'4015',	0,	NULL,	NULL),
(6124,	18916,	'2019-07-12 00:00:00',	'RSR',	5600,	'RSR',	0,	NULL,	0,	NULL,	0,	NULL,	NULL),
(6126,	18872,	'2019-07-12 00:00:00',	'RSR',	0,	NULL,	0,	NULL,	0,	NULL,	2050,	'RSR',	NULL),
(6128,	18852,	'2019-07-15 00:00:00',	NULL,	0,	NULL,	0,	NULL,	206,	'RSR',	0,	NULL,	NULL),
(6129,	18942,	'2019-07-17 00:00:00',	'ST',	191,	'ST',	0,	NULL,	5,	'ST',	0,	NULL,	NULL),
(6130,	18934,	'2019-07-17 00:00:00',	'4015',	71,	'4015',	0,	NULL,	1,	NULL,	0,	NULL,	NULL),
(6131,	18943,	'2019-07-18 00:00:00',	'RSR',	3546,	'RSR',	0,	NULL,	402,	'RSR',	0,	NULL,	NULL),
(6132,	18918,	'2019-07-18 00:00:00',	'DB',	40,	'AC',	0,	NULL,	0,	NULL,	0,	NULL,	NULL),
(6133,	18906,	'2019-07-18 00:00:00',	NULL,	0,	NULL,	0,	NULL,	1512,	'KE',	0,	NULL,	NULL),
(6134,	18843,	'2019-07-19 00:00:00',	NULL,	0,	NULL,	0,	NULL,	100,	'RSR',	0,	NULL,	NULL),
(6135,	18827,	'2019-07-19 00:00:00',	'St',	931,	'ST',	0,	NULL,	863,	'ST',	0,	NULL,	NULL),
(6136,	18970,	'2019-07-23 00:00:00',	NULL,	0,	NULL,	0,	NULL,	0,	NULL,	0,	NULL,	NULL),
(6138,	18960,	'2019-07-23 00:00:00',	'ST',	694,	'ST',	0,	NULL,	0,	'ST',	0,	NULL,	NULL),
(6139,	18955,	'2019-07-23 00:00:00',	'ST',	237,	'ST',	0,	NULL,	0,	'ST',	0,	NULL,	NULL),
(6140,	18931,	'2019-07-24 00:00:00',	'ST',	1330,	'ST',	0,	NULL,	0,	'ST',	0,	NULL,	NULL),
(6141,	18977,	'2019-07-24 00:00:00',	'RZ',	117,	'LB',	0,	NULL,	3,	'LB',	0,	NULL,	NULL),
(6142,	18919,	'2019-07-25 00:00:00',	NULL,	0,	'ST',	0,	NULL,	1362,	'ST',	0,	NULL,	NULL),
(6143,	18962,	'2019-07-25 00:00:00',	'ST',	408,	'ST',	0,	NULL,	224,	'ST',	0,	NULL,	NULL),
(6144,	18968,	'2019-07-25 00:00:00',	'St',	8595,	'ST',	0,	NULL,	0,	'ST',	0,	NULL,	NULL),
(6145,	18954,	'2019-07-25 00:00:00',	'ST',	2815,	'ST',	0,	NULL,	0,	'ST',	0,	NULL,	NULL),
(6146,	18945,	'2019-07-25 00:00:00',	'ST',	800,	'st',	0,	NULL,	0,	'St',	0,	NULL,	NULL),
(6147,	18928,	'2019-07-25 00:00:00',	'ST',	0,	'ST',	0,	NULL,	11200,	'ST',	0,	NULL,	NULL),
(6148,	18952,	'2019-07-25 00:00:00',	NULL,	0,	NULL,	0,	NULL,	117,	'ST',	0,	NULL,	NULL),
(6149,	18951,	'2019-07-25 00:00:00',	NULL,	0,	NULL,	0,	NULL,	150,	'ST',	0,	NULL,	NULL),
(6150,	18987,	'2019-07-25 00:00:00',	'RSR',	0,	NULL,	0,	NULL,	3,	'RSR',	189,	'RSR',	NULL),
(6151,	18933,	'2019-07-25 00:00:00',	'ST',	675,	'ST',	0,	NULL,	0,	'ST',	0,	NULL,	NULL),
(6152,	18959,	'2019-07-26 00:00:00',	'ST',	57,	'ST`',	0,	NULL,	0,	'ST',	0,	NULL,	NULL),
(6153,	18999,	'2019-07-30 00:00:00',	'RSR',	0,	NULL,	0,	NULL,	0,	NULL,	20800,	'RSR',	NULL),
(6154,	18997,	'2019-07-30 00:00:00',	NULL,	0,	NULL,	0,	NULL,	NULL,	NULL,	0,	NULL,	NULL),
(6155,	19019,	NULL,	'RSR',	1129,	'RSR',	0,	NULL,	23,	'RSR',	0,	NULL,	NULL),
(6158,	19023,	'2019-08-01 00:00:00',	NULL,	575,	'4015',	0,	NULL,	1,	NULL,	0,	NULL,	NULL),
(6159,	19022,	'2019-08-01 00:00:00',	NULL,	0,	NULL,	0,	NULL,	0,	NULL,	0,	NULL,	NULL),
(6160,	18983,	'2019-08-01 00:00:00',	'4015',	72,	'4015',	0,	NULL,	0,	NULL,	0,	NULL,	NULL),
(6162,	19014,	'2019-08-02 00:00:00',	'ST',	315,	'ST',	0,	NULL,	0,	'ST',	0,	NULL,	NULL),
(6163,	19008,	'2019-08-02 00:00:00',	NULL,	0,	NULL,	0,	NULL,	218,	'ST',	0,	NULL,	NULL),
(6164,	19040,	'2019-08-06 00:00:00',	'EK/RZ',	150,	'EK',	0,	NULL,	0,	NULL,	0,	NULL,	NULL),
(6165,	18994,	'2019-08-06 00:00:00',	'RZ/LB',	120,	'LB',	0,	NULL,	0,	NULL,	0,	NULL,	NULL),
(6167,	18941,	'2019-08-06 00:00:00',	NULL,	0,	NULL,	0,	NULL,	216,	'961',	0,	NULL,	NULL),
(6168,	18946,	'2019-08-06 00:00:00',	NULL,	0,	NULL,	0,	NULL,	174,	'961',	0,	NULL,	NULL),
(6169,	19041,	'2019-08-07 00:00:00',	NULL,	957,	'ST',	0,	NULL,	3,	'ST',	0,	NULL,	NULL),
(6170,	19042,	'2019-08-07 00:00:00',	'DC/RZ',	480,	'10710',	0,	NULL,	0,	NULL,	0,	NULL,	NULL),
(6172,	19030,	'2019-08-07 00:00:00',	'SH',	280,	'10710',	0,	NULL,	0,	NULL,	0,	NULL,	NULL),
(6173,	19036,	'2019-08-07 00:00:00',	NULL,	158,	'ST',	0,	NULL,	2,	'ST',	0,	NULL,	NULL),
(6174,	19010,	'2019-08-07 00:00:00',	NULL,	654,	'ST',	0,	NULL,	44,	'ST',	0,	NULL,	NULL),
(6175,	19002,	'2019-08-07 00:00:00',	NULL,	1920,	'ST',	0,	NULL,	0,	'ST',	0,	NULL,	NULL),
(6176,	19047,	'2019-08-08 00:00:00',	'DB',	0,	NULL,	0,	NULL,	0,	NULL,	40,	'DB',	NULL),
(6177,	19062,	'2019-08-08 00:00:00',	'JM/RZ',	0,	NULL,	0,	NULL,	0,	NULL,	200,	'JM/RZ',	NULL),
(6178,	19011,	'2019-08-09 00:00:00',	'DC',	144,	'DC',	0,	NULL,	0,	NULL,	0,	NULL,	NULL),
(6179,	18938,	'2019-08-12 00:00:00',	NULL,	1919,	'ST',	0,	NULL,	1,	'ST',	0,	NULL,	NULL),
(6180,	19077,	'2019-08-13 00:00:00',	NULL,	960,	'ST',	0,	NULL,	0,	'ST',	0,	NULL,	NULL),
(6181,	18975,	'2019-08-13 00:00:00',	'RSR',	188,	'RSR',	0,	NULL,	4,	'RSR',	0,	NULL,	NULL),
(6182,	19046,	'2019-08-13 00:00:00',	'RSR',	0,	NULL,	0,	NULL,	6200,	'RSR',	0,	NULL,	NULL),
(6183,	19066,	'2019-08-13 00:00:00',	'RZ',	628,	'4279',	0,	NULL,	44,	'4279',	0,	NULL,	NULL),
(6185,	18930,	'2019-08-14 00:00:00',	NULL,	560,	'ST',	0,	NULL,	0,	'ST',	0,	NULL,	NULL),
(6186,	18932,	'2019-08-14 00:00:00',	NULL,	150,	'ST',	0,	NULL,	0,	'ST',	0,	NULL,	NULL),
(6187,	18976,	'2019-08-14 00:00:00',	NULL,	990,	'ST',	0,	NULL,	0,	'ST',	0,	NULL,	NULL),
(6188,	19001,	'2019-08-14 00:00:00',	NULL,	280,	'ST',	0,	NULL,	0,	'ST',	0,	NULL,	NULL),
(6189,	19087,	'2019-08-14 00:00:00',	NULL,	NULL,	NULL,	0,	NULL,	0,	NULL,	1330,	'RSR',	NULL),
(6190,	19093,	'2019-08-14 00:00:00',	'RSR',	0,	NULL,	0,	NULL,	0,	NULL,	3010,	'RSR',	NULL),
(6191,	19060,	'2019-08-14 00:00:00',	'RSR',	443,	'RSR',	0,	NULL,	7,	'RSR',	0,	NULL,	NULL),
(6192,	19076,	'2019-08-15 00:00:00',	NULL,	0,	NULL,	0,	NULL,	1800,	'RSR',	0,	NULL,	NULL),
(6196,	18979,	'2019-08-16 00:00:00',	'RSR',	185,	'RSR',	0,	NULL,	7,	'RSR',	0,	NULL,	NULL),
(6197,	19103,	'2019-08-16 00:00:00',	NULL,	140,	'ST',	0,	NULL,	0,	'ST',	0,	NULL,	NULL),
(6198,	19106,	'2019-08-16 00:00:00',	'4015',	360,	'4015',	0,	NULL,	0,	NULL,	0,	NULL,	NULL),
(6199,	19104,	'2019-08-16 00:00:00',	'4015',	72,	'4015',	0,	NULL,	0,	NULL,	0,	NULL,	NULL),
(6200,	19097,	'2019-08-16 00:00:00',	NULL,	0,	NULL,	0,	NULL,	66,	'4015',	0,	NULL,	NULL),
(6201,	19069,	'2019-08-19 00:00:00',	NULL,	0,	NULL,	0,	NULL,	1386,	'RSR',	0,	NULL,	NULL),
(6203,	19052,	'2019-08-19 00:00:00',	NULL,	0,	NULL,	0,	NULL,	277,	'KE',	0,	NULL,	NULL),
(6204,	19119,	'2019-08-19 00:00:00',	'DB',	0,	NULL,	0,	NULL,	0,	NULL,	40,	'DB',	NULL),
(6205,	19125,	'2019-08-19 00:00:00',	'RSR',	1048,	'RSR',	0,	NULL,	16,	'RSR',	0,	NULL,	NULL),
(6206,	18953,	'2019-08-20 00:00:00',	NULL,	204,	'St',	0,	NULL,	0,	'ST',	0,	NULL,	NULL),
(6207,	19009,	'2019-08-20 00:00:00',	NULL,	1365,	'ST',	0,	NULL,	394,	'ST',	0,	NULL,	NULL),
(6208,	18917,	'2019-08-20 00:00:00',	NULL,	9311,	'ST',	0,	NULL,	206,	'ST',	0,	NULL,	NULL),
(6209,	19133,	'2019-08-22 00:00:00',	'RSR',	2200,	'RSR',	0,	NULL,	0,	NULL,	0,	NULL,	NULL),
(6210,	19121,	'2019-08-22 00:00:00',	NULL,	0,	NULL,	0,	NULL,	31,	'ST',	0,	NULL,	NULL),
(6211,	19123,	'2019-08-22 00:00:00',	NULL,	64,	'4015',	0,	NULL,	8,	NULL,	0,	NULL,	NULL),
(6212,	19145,	'2019-08-22 00:00:00',	NULL,	0,	NULL,	0,	NULL,	69,	NULL,	0,	NULL,	NULL),
(6213,	19122,	'2019-08-22 00:00:00',	NULL,	459,	'4015',	0,	NULL,	45,	'4015',	0,	NULL,	NULL),
(6214,	19038,	'2019-08-22 00:00:00',	NULL,	0,	NULL,	0,	NULL,	0,	NULL,	0,	NULL,	NULL),
(6215,	19155,	'2019-08-22 00:00:00',	NULL,	0,	NULL,	0,	NULL,	1,	'VOID',	0,	NULL,	NULL),
(6219,	19157,	'2019-08-23 00:00:00',	'PM',	0,	NULL,	0,	NULL,	0,	NULL,	800,	'PM',	NULL),
(6220,	19050,	'2019-08-26 00:00:00',	NULL,	0,	NULL,	0,	NULL,	10000,	'RSR',	0,	NULL,	NULL),
(6221,	19163,	'2019-08-26 00:00:00',	'RZ',	0,	NULL,	0,	NULL,	0,	NULL,	210,	'PM/JM',	NULL),
(6222,	19169,	'2019-08-26 00:00:00',	'DB/DM',	0,	NULL,	0,	NULL,	0,	NULL,	475,	'DM/DB',	NULL),
(6223,	19101,	'2019-08-26 00:00:00',	NULL,	0,	NULL,	0,	NULL,	1725,	'KE',	0,	NULL,	NULL),
(6224,	19063,	'2019-08-26 00:00:00',	NULL,	0,	NULL,	0,	NULL,	38,	'DM',	0,	NULL,	NULL),
(6225,	19159,	'2019-08-26 00:00:00',	'ST',	2269,	'ST',	0,	NULL,	32,	'ST',	0,	NULL,	NULL),
(6226,	18967,	'2019-08-27 00:00:00',	'ST',	236,	'ST',	0,	NULL,	14,	'ST',	0,	NULL,	NULL),
(6227,	19177,	'2019-08-27 00:00:00',	'RZ/DM',	0,	NULL,	0,	NULL,	0,	NULL,	144,	'LB/MW',	NULL),
(6228,	19164,	'2019-08-30 00:00:00',	'ST',	296,	'ST',	0,	NULL,	0,	'ST',	0,	NULL,	NULL),
(6229,	19156,	'2019-08-31 00:00:00',	'st',	400,	'st',	0,	NULL,	0,	NULL,	0,	NULL,	NULL),
(6230,	19178,	'2019-09-03 00:00:00',	'5586',	408,	'5586',	0,	NULL,	143,	'6039',	0,	NULL,	NULL),
(6231,	19176,	'2019-09-03 00:00:00',	'4279',	350,	'4279',	0,	NULL,	0,	NULL,	0,	NULL,	NULL),
(6232,	19135,	'2019-09-03 00:00:00',	NULL,	420,	'St',	0,	NULL,	0,	NULL,	0,	NULL,	NULL),
(6234,	19179,	'2019-09-03 00:00:00',	'ST',	117,	'ST',	0,	NULL,	43,	'ST',	0,	NULL,	NULL),
(6235,	19210,	'2019-09-03 00:00:00',	'ST',	313,	'St',	0,	NULL,	0,	NULL,	0,	NULL,	NULL),
(6236,	19170,	'2019-09-04 00:00:00',	'4015',	675,	NULL,	0,	NULL,	45,	NULL,	0,	NULL,	NULL),
(6237,	19160,	'2019-09-04 00:00:00',	'ST',	1457,	'ST',	0,	NULL,	1,	'ST',	0,	NULL,	NULL),
(6238,	19202,	'2019-09-04 00:00:00',	'4015',	1434,	'4015',	0,	NULL,	16,	NULL,	0,	NULL,	NULL),
(6239,	19203,	'2019-09-04 00:00:00',	'4015',	828,	'4015',	0,	NULL,	36,	NULL,	0,	NULL,	NULL),
(6240,	19174,	'2019-09-04 00:00:00',	NULL,	366,	NULL,	0,	NULL,	34,	NULL,	0,	NULL,	NULL),
(6241,	19233,	'2019-09-06 00:00:00',	'48015',	500,	'4015',	0,	NULL,	800,	NULL,	0,	NULL,	NULL),
(6242,	19187,	'2019-09-06 00:00:00',	NULL,	0,	NULL,	0,	NULL,	0,	NULL,	0,	NULL,	NULL),
(6243,	19107,	'2019-09-06 00:00:00',	'ST',	150,	'ST',	0,	NULL,	10,	'ST',	0,	NULL,	NULL),
(6244,	19117,	'2019-09-06 00:00:00',	'ST',	111,	'ST',	0,	NULL,	49,	'ST',	0,	NULL,	NULL),
(6245,	19228,	'2019-09-07 00:00:00',	NULL,	0,	NULL,	0,	NULL,	78,	'RSR',	0,	NULL,	NULL),
(6246,	19227,	'2019-09-07 00:00:00',	NULL,	0,	NULL,	0,	NULL,	58,	'RSR',	0,	NULL,	NULL),
(6247,	19245,	'2019-09-09 00:00:00',	'RSR',	1196,	'RSR',	0,	NULL,	4,	'RSR',	0,	NULL,	NULL),
(6248,	19220,	'2019-09-09 00:00:00',	NULL,	0,	NULL,	0,	NULL,	429,	'RSR',	0,	NULL,	NULL),
(6249,	19151,	'2019-09-10 00:00:00',	'ST',	150,	'ST',	0,	NULL,	0,	'st',	0,	NULL,	NULL),
(6250,	19152,	'2019-09-10 00:00:00',	'ST',	15,	'ST',	0,	NULL,	0,	'ST',	0,	NULL,	NULL),
(6251,	19118,	'2019-09-10 00:00:00',	'RZ',	40,	'SD',	0,	NULL,	0,	NULL,	0,	NULL,	NULL),
(6252,	19168,	'2019-09-10 00:00:00',	NULL,	0,	NULL,	0,	NULL,	0,	NULL,	0,	NULL,	NULL),
(6253,	19149,	'2019-09-03 00:00:00',	NULL,	0,	NULL,	0,	NULL,	34,	'AS',	0,	NULL,	NULL),
(6254,	19237,	'2019-09-12 00:00:00',	NULL,	206,	'RSR',	0,	NULL,	0,	NULL,	NULL,	NULL,	NULL),
(6256,	19147,	'2019-09-12 00:00:00',	NULL,	0,	NULL,	0,	NULL,	197,	'RSR',	0,	NULL,	NULL),
(6257,	18996,	'2019-09-12 00:00:00',	NULL,	0,	NULL,	0,	NULL,	350,	'RSR',	0,	NULL,	NULL),
(6258,	19261,	'2019-09-12 00:00:00',	'4015',	1067,	'4015',	0,	NULL,	0,	NULL,	0,	NULL,	NULL),
(6259,	19204,	'2019-09-12 00:00:00',	NULL,	2640,	NULL,	0,	NULL,	48,	NULL,	0,	NULL,	NULL),
(6260,	19229,	'2019-09-12 00:00:00',	NULL,	0,	NULL,	0,	NULL,	576,	'4015',	0,	NULL,	NULL),
(6261,	19189,	'2019-09-12 00:00:00',	NULL,	0,	NULL,	0,	NULL,	0,	NULL,	0,	NULL,	NULL),
(6262,	19240,	'2019-09-12 00:00:00',	NULL,	71,	NULL,	0,	NULL,	1,	NULL,	0,	NULL,	NULL),
(6263,	19246,	'2019-09-12 00:00:00',	NULL,	0,	NULL,	0,	NULL,	200,	NULL,	0,	NULL,	NULL),
(6264,	19241,	'2019-09-12 00:00:00',	NULL,	0,	NULL,	0,	NULL,	500,	NULL,	0,	NULL,	NULL),
(6265,	19232,	'2019-09-13 00:00:00',	NULL,	0,	NULL,	0,	NULL,	40,	'DM',	0,	NULL,	NULL),
(6266,	19270,	'2019-09-13 00:00:00',	NULL,	0,	NULL,	0,	NULL,	2500,	'RSR',	0,	NULL,	NULL),
(6267,	19256,	'2019-09-13 00:00:00',	NULL,	0,	NULL,	0,	NULL,	0,	NULL,	0,	NULL,	NULL),
(6269,	19051,	'2019-09-13 00:00:00',	NULL,	0,	NULL,	0,	NULL,	690,	'KE',	0,	NULL,	NULL),
(6270,	19211,	'2019-09-13 00:00:00',	NULL,	0,	NULL,	0,	NULL,	300,	'RSR',	0,	NULL,	NULL),
(6272,	19139,	'2019-09-13 00:00:00',	NULL,	0,	NULL,	0,	NULL,	600,	'RSR',	0,	NULL,	NULL),
(6273,	18995,	'2019-09-13 00:00:00',	NULL,	0,	NULL,	0,	NULL,	120,	'RSR',	0,	NULL,	NULL),
(6275,	18925,	'2019-09-13 00:00:00',	NULL,	0,	NULL,	0,	NULL,	300,	'RSR',	0,	NULL,	NULL),
(6276,	19003,	'2019-09-13 00:00:00',	NULL,	0,	NULL,	0,	NULL,	1960,	'GH',	0,	NULL,	NULL),
(6277,	19259,	'2019-09-16 00:00:00',	NULL,	0,	NULL,	0,	NULL,	198,	'RSR',	0,	NULL,	NULL),
(6278,	19205,	'2019-09-16 00:00:00',	'ST',	173,	'ST',	0,	NULL,	19,	'St',	0,	NULL,	NULL),
(6279,	19255,	'2019-09-16 00:00:00',	'ST',	182,	'ST',	0,	NULL,	10,	'St',	0,	NULL,	NULL),
(6280,	19183,	'2019-09-16 00:00:00',	'ST',	792,	'ST',	0,	NULL,	0,	NULL,	0,	NULL,	NULL),
(6281,	19207,	'2019-09-16 00:00:00',	'ST',	1200,	'ST',	0,	NULL,	0,	NULL,	0,	NULL,	NULL),
(6283,	19276,	'2019-09-16 00:00:00',	'KE/RZ',	2107,	'5791',	0,	NULL,	195,	'5791',	0,	NULL,	NULL),
(6285,	18963,	'2019-09-16 00:00:00',	NULL,	0,	NULL,	0,	NULL,	194,	'KE',	0,	NULL,	NULL),
(6286,	18964,	'2019-09-16 00:00:00',	NULL,	0,	NULL,	0,	NULL,	271,	'KE',	0,	NULL,	NULL),
(6287,	19162,	'2019-09-17 00:00:00',	'ST',	172,	'ST',	0,	NULL,	20,	'ST',	0,	NULL,	NULL),
(6288,	18845,	'2019-09-17 00:00:00',	NULL,	0,	NULL,	0,	NULL,	531,	'KE',	0,	NULL,	NULL),
(6289,	19091,	'2019-09-17 00:00:00',	'ST',	355,	'ST',	0,	NULL,	41,	'ST',	0,	NULL,	NULL),
(6290,	19248,	'2019-09-17 00:00:00',	'RZ',	55,	'EK',	0,	NULL,	0,	NULL,	0,	NULL,	NULL),
(6291,	18854,	'2019-09-18 00:00:00',	NULL,	0,	NULL,	0,	NULL,	5040,	'RZ',	0,	NULL,	NULL),
(6292,	18991,	'2019-09-18 00:00:00',	NULL,	0,	NULL,	0,	NULL,	3080,	'RZ',	0,	NULL,	NULL),
(6293,	19223,	'2019-09-18 00:00:00',	'RSR',	0,	NULL,	0,	NULL,	26,	'RSR',	324,	'RSR',	NULL),
(6294,	19294,	'2019-09-19 00:00:00',	'RSR',	0,	NULL,	0,	NULL,	0,	NULL,	266,	'RSR',	NULL),
(6295,	19226,	'2019-09-19 00:00:00',	NULL,	NULL,	NULL,	0,	NULL,	155,	'St',	0,	NULL,	NULL),
(6296,	19142,	'2019-09-19 00:00:00',	NULL,	394,	'ST',	0,	NULL,	2,	'ST',	0,	NULL,	NULL),
(6297,	19275,	'2019-09-19 00:00:00',	'ST',	925,	'ST',	0,	NULL,	0,	NULL,	0,	NULL,	NULL),
(6298,	19141,	'2019-09-19 00:00:00',	'ST',	1049,	'ST',	0,	NULL,	1,	'ST',	0,	NULL,	NULL),
(6299,	19100,	'2019-09-19 00:00:00',	NULL,	0,	NULL,	0,	NULL,	0,	NULL,	0,	NULL,	NULL),
(6300,	19113,	'2019-09-19 00:00:00',	'ST',	158,	'ST',	0,	NULL,	2,	'ST',	0,	NULL,	NULL),
(6301,	19175,	'2019-09-19 00:00:00',	'ST',	1988,	'ST',	0,	NULL,	0,	'ST',	0,	NULL,	NULL),
(6302,	19281,	'2019-09-19 00:00:00',	NULL,	0,	NULL,	0,	NULL,	280,	'4015',	0,	NULL,	NULL)
ON DUPLICATE KEY UPDATE `HTSOID` = VALUES(`HTSOID`), `TagNumber` = VALUES(`TagNumber`), `DateClosed` = VALUES(`DateClosed`), `OKtoProcessBy` = VALUES(`OKtoProcessBy`), `SortAmt` = VALUES(`SortAmt`), `SortBy` = VALUES(`SortBy`), `ReworkAmt` = VALUES(`ReworkAmt`), `ReworkBy` = VALUES(`ReworkBy`), `ScrapAmt` = VALUES(`ScrapAmt`), `ScrapBy` = VALUES(`ScrapBy`), `UseAsIsAmt` = VALUES(`UseAsIsAmt`), `UseAsIsBy` = VALUES(`UseAsIsBy`), `AuthorizedBy` = VALUES(`AuthorizedBy`);

CREATE TABLE `MailingList` (
  `MailingListID` int(11) NOT NULL AUTO_INCREMENT,
  `FirstName` varchar(50) DEFAULT NULL,
  `LastName` varchar(50) DEFAULT NULL,
  `EmailAddress` varchar(50) DEFAULT NULL,
  PRIMARY KEY (`MailingListID`),
  UNIQUE KEY `EmailAddress` (`EmailAddress`),
  KEY `LastName` (`LastName`)
) ENGINE=InnoDB DEFAULT CHARSET=utf8mb4;

INSERT INTO `MailingList` (`MailingListID`, `FirstName`, `LastName`, `EmailAddress`) VALUES
(4,	'Scott',	'Brownlee',	'sbrownlee@stackpole.com'),
(5,	'Bob',	'Campbell',	'bcampbell@stackpole.com'),
(6,	'Mike',	'Coderre',	'mcoderre@stackpole.com'),
(10,	'Karl',	'Edwards',	'kedwards@stackpole.com'),
(11,	'Owen',	'O\'Reilly',	'ooreilly@stackpole.com'),
(13,	'Jim',	'McMaster',	'jmcmaster@stackpole.com'),
(14,	'Dave',	'Milne',	'dmilne@stackpole.com'),
(16,	'Frank',	'Ponte',	'fponte@stackpole.com'),
(17,	'John',	'Pruim',	'jpruim@stackpole.com'),
(18,	'Karen',	'Schmidt',	'kschmidt@stackpole.com'),
(19,	'James',	'Shantz',	'jshantz@stackpole.com'),
(22,	'Tim',	'Tobey',	'ttobey@stackpole.com'),
(23,	'Adam',	'Trachsel',	'atrachsel@stackpole.com'),
(24,	'Norm',	'Turner',	'nturner@stackpole.com'),
(25,	'Jim',	'Zink',	'jzink@stackpole.com'),
(26,	'Robert',	'Round',	'rround@stackpole.com'),
(27,	'Toby',	'Kuepfer',	'tkuepfer@stackpole.com'),
(28,	'Don',	'Barber',	'dbarber@stackpole.com'),
(29,	'Steven',	'Wang',	'swang@stackpole.com'),
(30,	'Terry',	'Kennedy',	'tkennedy@stackpole.com'),
(31,	'Brett',	'Buckley',	'bbuckley@stackpole.com'),
(32,	'Pawel',	'Mlynarski',	'pmlynarski@stackpole.com'),
(34,	'Paul',	'Wilson',	'pwilson@stackpole.com'),
(35,	'Les',	'Vaters',	'lvaters@stackpole.com'),
(36,	'Angela',	'Cornish',	'acornish@stackpole.com'),
(37,	'Robert',	'Buchan',	'rbuchan@stackpole.com'),
(38,	'Heather',	'Vossen',	'hvossen@stackpole.com'),
(39,	'Bonnie',	'Rodwell',	'brodwell@stackpole.com'),
(40,	'Scott',	'McMahon',	'smcmahon@stackpole.com'),
(41,	'Jade',	'Burnett',	'jburnett@stackpole.com'),
(42,	'Jerry',	'Skotniczny',	'jskotniczny@stackpole.com'),
(43,	'Barry',	'Holden',	'bholden@stackpole.com'),
(44,	'Mike',	'Faroga',	'mfaroga@stackpole.com'),
(46,	'Steven',	'Koehler',	'SKoehler@stackpole.com'),
(48,	'Jan',	'Mis',	'jmis@stackpole.com'),
(50,	'Ken',	'Frey',	'kfrey@stackpole.com'),
(51,	'Don',	'Cosstick',	'dcosstick@stackpole.com'),
(52,	'Terry',	'Clarke',	'tclarke@stackpole.com'),
(53,	'Geoff',	'Perrier',	'gperrier@stackpole.com'),
(55,	'Tom',	'Eaton',	'teaton@stackpole.com'),
(56,	'Mike',	'Clarke',	'mclarke@stackpole.com'),
(57,	'Sharon',	'Rose',	'srose@stackpole.com'),
(58,	'Rob',	'Zylstra',	'rzylstra@stackpole.com'),
(61,	'Darren',	'Tremblay',	'dtremblay@stackpole.com'),
(62,	'Dan',	'Brenneman',	'dbrenneman@stackpole.com'),
(65,	'Grant',	'Packham',	'gpackham@stackpole.com'),
(67,	'Chris',	'Strutton',	'cstrutton@stackpole.com'),
(68,	'Kevin',	'Baker',	'kbaker@stackpole.com'),
(69,	'Gary',	'Harvey',	'gharvey@stackpole.com'),
(70,	'Dave',	'Mckenzie',	'dmckenzie@stackpole.com'),
(71,	'Andy',	'Toma',	'atoma@stackpole.com'),
(73,	'Mark',	'Haiko',	'mhaiko@stackpole.com'),
(74,	'Matt',	'Dezan',	'mdezan@stackpole.com'),
(75,	'Steve',	'DeWeerd',	'sdeweerd@stackpole.com'),
(77,	'Nathan',	'Klein-Geltink',	'nkleingeltink@stackpole.com'),
(79,	'Michael',	'Schultze',	'mschultze@stackpole.com'),
(80,	'Bryce',	'Rutledge',	'brutledge@stackpole.com'),
(82,	'Scott',	'Herman',	'sherman@stackpole.com'),
(83,	'Paul',	'Jennings',	'pjennings@stackpole.com'),
(84,	'Dave',	'Gleba',	'dgleba@stackpole.com'),
(85,	'Ron',	'Rompen',	'rrompen@stackpole.com'),
(86,	'Kevin',	'Faubert',	'kfaubert@stackpole.com'),
(87,	'John',	'Palmer',	'jpalmer@stackpole.com'),
(88,	'Kelly',	'Crowder',	'kcrowder@stackpole.com'),
(89,	'Michael',	'MacAdams',	'mmacadams@stackpole.com'),
(90,	'Dave',	'Clark',	'dclark@stackpole.com'),
(91,	'Rick',	'Wurm',	'rwurm@stackpole.com'),
(92,	'Tim',	'Sanzosti',	'tsanzosti@stackpole.com'),
(94,	'Carrie',	'Bage',	'cbage@stackpole.com'),
(95,	'Dean',	'Miller',	'dmiller@stackpole.com'),
(96,	'Andrew',	'Malo',	'amalo@stackpole.com'),
(98,	'Michelle',	'VanLeur',	'mvanleur@stackpole.com'),
(101,	'Sriram',	'Thiyagarajan',	'sthiyagarajan@stackpole.com'),
(102,	'Andrew',	'Smith',	'asmith@stackpole.com'),
(103,	'Rick',	'Stanley',	'rstanley@stackpole.com'),
(104,	'Geoff',	'Goldsack',	'ggoldsack@stackpole.com')
ON DUPLICATE KEY UPDATE `MailingListID` = VALUES(`MailingListID`), `FirstName` = VALUES(`FirstName`), `LastName` = VALUES(`LastName`), `EmailAddress` = VALUES(`EmailAddress`);

DROP TABLE IF EXISTS `tblCustomers`;
CREATE TABLE `tblCustomers` (
  `CustomerID` int(11) NOT NULL DEFAULT '0',
  `CustName` varchar(50) DEFAULT NULL,
  `CustLocation` varchar(50) DEFAULT NULL,
  `Current` tinyint(1) DEFAULT '0',
  PRIMARY KEY (`CustomerID`),
  KEY `CustomerID` (`CustomerID`)
) ENGINE=InnoDB DEFAULT CHARSET=utf8mb4;

INSERT INTO `tblCustomers` (`CustomerID`, `CustName`, `CustLocation`, `Current`) VALUES
(1,	'Chrysler',	'Chrysler',	0),
(2,	'Chrysler',	'Berlin',	0),
(3,	'Chrysler',	'ITP',	1),
(4,	'Chrysler',	'Trenton',	0),
(5,	'GM',	'Warren',	0),
(6,	'GM',	'Bay City',	1),
(7,	'GM-SGM',	'China',	0),
(8,	'GM',	'Flint',	0),
(9,	'GM',	'Holden',	0),
(10,	'GM-GMDAT',	'Korea',	0),
(11,	'GM',	'Melling',	0),
(12,	'GM',	'Ramos',	0),
(13,	'GM',	'St Catherines',	1),
(14,	'GM',	'Strasbourg',	0),
(15,	'GM',	'Suzuki',	0),
(16,	'GM',	'Willow Run',	0),
(17,	'GM',	'Ypsilanti',	0),
(18,	'JI Case',	'JI Case',	0),
(19,	'Magna',	'Roitzsch',	1),
(20,	'Magna',	'Syracuse',	0),
(21,	'Magna',	'Tesma',	0),
(22,	'Whirlpool',	'Whirlpool',	1),
(23,	'ZF',	'Greenville',	1),
(24,	'General Kinetics',	'Brampton',	0),
(25,	'Seastar Solutions (Teleflex)',	'BC',	1),
(26,	'GM',	'Tilsonburg',	0),
(27,	'GM',	'Toledo',	1),
(28,	'GM',	'Silao',	1),
(29,	'GM',	'SLP',	1),
(30,	'GM',	'6L',	0),
(31,	'Bloom',	'Sunnyvale',	0),
(32,	'PMC',	'Ancaster',	0),
(33,	'AGD',	'Supplier',	0),
(34,	'Magna',	'Ramos',	1),
(35,	'Teutech / Supplier',	'Guelph',	0),
(36,	'ZF',	'Germany',	0),
(37,	'Magna',	'MSM',	1),
(38,	'Chrysler',	'Tipton',	1),
(39,	'Melling Tool',	'Jackson',	1),
(40,	'Ford Motor Co',	'Livona',	1),
(41,	'Federal Mogul',	NULL,	1),
(42,	'GM',	'Romulus',	1),
(43,	'Punch Powerglide',	NULL,	1),
(44,	'Hoeganaes',	NULL,	1),
(45,	'Ford Motor Co',	'Sharonville',	1);

CREATE TABLE `tblCustomerContacts` (
  `CustContID` int(11) NOT NULL AUTO_INCREMENT,
  `CustomerID` int(11) DEFAULT '0',
  `ContactFirstName` varchar(30) DEFAULT NULL,
  `ContactLastName` varchar(50) DEFAULT NULL,
  `PhoneNumber` varchar(30) DEFAULT NULL,
  `CellNumber` varchar(30) DEFAULT NULL,
  `ContactEmail` varchar(50) DEFAULT NULL,
  PRIMARY KEY (`CustContID`),
  KEY `ContactLastName` (`ContactLastName`),
  KEY `CustomerID` (`CustomerID`)
) ENGINE=InnoDB DEFAULT CHARSET=utf8mb4;

INSERT INTO `tblCustomerContacts` (`CustContID`, `CustomerID`, `ContactFirstName`, `ContactLastName`, `PhoneNumber`, `CellNumber`, `ContactEmail`) VALUES
(4,	19,	'Uwe',	'Saenger',	'49 34954 24 132',	'49 16088 08 755',	'uwe.saenger@magnapowertrain.com'),
(5,	20,	'Rob',	'Archambo',	'315-952-1261',	'315-952-1261',	NULL),
(6,	20,	'Jim',	'Mascara',	'315-263-0826',	'315-263-0826',	NULL),
(7,	20,	'Ed',	'Rock',	'315-952-1424',	'315-952-1424',	NULL),
(8,	21,	'Owen',	'Dougherty',	'905-851-4672 Ext3460',	NULL,	NULL),
(9,	21,	'Khushwant',	'Singh',	'905-851-6791 Ext3468',	NULL,	NULL),
(10,	22,	'George',	'Mikalauskis',	'937-547-2857',	NULL,	'george_a_mikalauskas@email.whirlpool.com'),
(12,	27,	'Mark',	'Schwartz (6L)',	'419-470-4201',	NULL,	NULL),
(13,	28,	NULL,	NULL,	NULL,	NULL,	NULL),
(14,	29,	'Annarosa',	'Saucedo',	NULL,	'011-52-444-832-5928',	'annarosa.saucedo@gm.com'),
(15,	29,	NULL,	NULL,	NULL,	NULL,	NULL),
(16,	17,	NULL,	NULL,	NULL,	NULL,	NULL),
(17,	14,	'Phuong Uyen',	'Le',	NULL,	NULL,	NULL),
(18,	11,	'John',	'Schilling',	'517-206-1467',	NULL,	'JWSchilling@Melling.com'),
(19,	10,	'Daebom',	'Kim',	NULL,	NULL,	'daebeom.kim@gm.com'),
(20,	10,	'Donjin',	'Kim',	NULL,	NULL,	NULL),
(23,	29,	NULL,	NULL,	NULL,	NULL,	NULL),
(24,	20,	'Len',	'Bottorff',	'315-412-5413',	NULL,	NULL),
(25,	27,	'Lisa',	'Davis (GF6)',	' 419-470-5637',	'419-466-9881',	'lisa.d.davis@gm.com'),
(27,	27,	'* Aaron',	'Saddoris (GF6)',	NULL,	'(419) 902-8619',	'arron.saddoris@gm.com'),
(28,	3,	'Jaime',	'Terron',	'765-8584-4023',	NULL,	'jt47@chrysler.com'),
(29,	27,	'Garret',	'Raczkowski (6L)',	'(419)549-0614',	NULL,	'garret.raczkowski@gm.com'),
(30,	27,	'* Gary',	'Napier (6L)',	NULL,	'(419) 902-7842',	'gary.napier@gm.com'),
(31,	6,	'Jack',	'Anderson',	'989-895-6355',	'586-441-8793',	'jack.anderson@gm.com'),
(32,	0,	NULL,	NULL,	NULL,	NULL,	NULL),
(33,	33,	'Barb',	'Zaba',	'1-800-388-0628',	'1-416-357-3351',	'bzaba@gates.com'),
(34,	28,	'Daniel',	'Borrego',	NULL,	'011 52 472 722 7527',	'daniel.borregomurillo@gm.com'),
(35,	34,	'Mario',	'Dominguez',	NULL,	'011 52 1 844 101 6788',	'mario.dominguez@magnapowertrain.com'),
(36,	25,	'Alan',	'Lee',	'604-248-3856',	'604-830-9994',	'Alan.Lee@seastarsolutions.com'),
(37,	13,	'Chris',	'Klauck',	NULL,	'905-658-1406',	'chris.klauck@gm.com'),
(38,	13,	'Frank',	'Grsic',	NULL,	'905-658-2376',	NULL),
(39,	13,	'Agnes',	'Dim',	NULL,	'905-658-2376',	NULL),
(40,	13,	'Ken',	'Gibbs',	NULL,	'905-658-2376',	NULL),
(41,	13,	'Robert',	'Vahrmeyer',	NULL,	NULL,	NULL)
ON DUPLICATE KEY UPDATE `CustContID` = VALUES(`CustContID`), `CustomerID` = VALUES(`CustomerID`), `ContactFirstName` = VALUES(`ContactFirstName`), `ContactLastName` = VALUES(`ContactLastName`), `PhoneNumber` = VALUES(`PhoneNumber`), `CellNumber` = VALUES(`CellNumber`), `ContactEmail` = VALUES(`ContactEmail`);

CREATE TABLE `tblCustomerSalesReps` (
  `CustSalesID` int(11) NOT NULL AUTO_INCREMENT,
  `CustomerID` int(11) DEFAULT '0',
  `SalesRepFirstName` varchar(30) DEFAULT NULL,
  `SalesRepLastName` varchar(50) DEFAULT NULL,
  `SalesRepPhoneNumber` varchar(30) DEFAULT NULL,
  `SalesRepEmail` varchar(50) DEFAULT NULL,
  PRIMARY KEY (`CustSalesID`),
  KEY `CustomerID` (`CustomerID`),
  KEY `SalesRepLastName` (`SalesRepLastName`)
) ENGINE=InnoDB DEFAULT CHARSET=utf8mb4;

INSERT INTO `tblCustomerSalesReps` (`CustSalesID`, `CustomerID`, `SalesRepFirstName`, `SalesRepLastName`, `SalesRepPhoneNumber`, `SalesRepEmail`) VALUES
(2,	19,	'Dieter',	'Albrecht',	'011 497 1289 273 74',	'albrecht.didi@T-ONLINE.DE'),
(3,	20,	'Jerry',	'McCammon',	'248-752-7608',	NULL),
(4,	22,	'Chuck',	'Malinson',	'419-262-3723',	'cemallinson@embarqmail.com'),
(5,	27,	'Val',	'Fulton',	'248-766-7338',	NULL),
(6,	28,	'Val',	'Fulton',	'248-766-7338',	NULL),
(7,	29,	'Val',	'Fulton',	'248-766-7338',	NULL),
(8,	17,	NULL,	NULL,	NULL,	NULL),
(9,	16,	'Val',	'Fulton',	'7487667338',	NULL),
(10,	10,	'Bill',	'Farr',	NULL,	NULL),
(11,	3,	'Don',	'Jacobs',	'765-438-8885',	'donljac1@aol.com'),
(13,	2,	'Dieter',	'Albrecht',	'011 49 712 892 7374',	'dietera@gates.com'),
(14,	0,	'Joe',	'Rockhead',	'555-555-5555',	'jrockhead@bedrock.cave'),
(15,	0,	NULL,	NULL,	NULL,	NULL),
(16,	23,	'Jerry',	'McCammon',	NULL,	NULL)
ON DUPLICATE KEY UPDATE `CustSalesID` = VALUES(`CustSalesID`), `CustomerID` = VALUES(`CustomerID`), `SalesRepFirstName` = VALUES(`SalesRepFirstName`), `SalesRepLastName` = VALUES(`SalesRepLastName`), `SalesRepPhoneNumber` = VALUES(`SalesRepPhoneNumber`), `SalesRepEmail` = VALUES(`SalesRepEmail`);

CREATE TABLE `tblCustomerSorters` (
  `CustSortID` int(11) NOT NULL AUTO_INCREMENT,
  `CustomerID` int(11) DEFAULT '0',
  `SortCompanyName` varchar(50) DEFAULT NULL,
  `SortContactFirstName` varchar(30) DEFAULT NULL,
  `SortContactLastName` varchar(50) DEFAULT NULL,
  `SortPhoneNumber` varchar(30) DEFAULT NULL,
  `SortEmail` varchar(50) DEFAULT NULL,
  PRIMARY KEY (`CustSortID`),
  KEY `SortCompanyName` (`SortCompanyName`),
  KEY `SortContactLastName` (`SortContactLastName`),
  KEY `CustomerID` (`CustomerID`)
) ENGINE=InnoDB DEFAULT CHARSET=utf8mb4;

INSERT INTO `tblCustomerSorters` (`CustSortID`, `CustomerID`, `SortCompanyName`, `SortContactFirstName`, `SortContactLastName`, `SortPhoneNumber`, `SortEmail`) VALUES
(2,	20,	'JZ Sorting',	'Joe',	'Zullo',	'315-317-4862',	NULL),
(3,	20,	'EEP',	'Lynn',	'Gaiteri',	'315-200-2449',	'lynng@eepqualitygroup.com'),
(4,	10,	'Formel D',	'Jerry',	'Choi',	'82-19-9754-3418',	'Jinjae.Choi@formeld.com'),
(6,	7,	'Formel D',	'Guodong (Gordon)',	'Song',	NULL,	'Guodong.Song@formeld.com'),
(7,	7,	'Formel D',	'Fengling',	'Zhang',	NULL,	'Fengling.Zhang@formeld.com'),
(8,	2,	'SQS',	NULL,	NULL,	'011 49 (0)928 2228',	'info@sqs-online.de'),
(9,	27,	'PTI-QCS',	'Nadar',	'Abouzenni',	'313-952-7600',	'NAbouzenni@PTIQCS.com'),
(11,	27,	'PTI-QCS',	'Zack',	'Iqbal',	'248-789-7144  Ext 242',	NULL),
(12,	28,	'PTI-QCS de Mexico',	'Emilio',	'Hernandez',	'TBD',	'ehernandez@ptiqcs.com'),
(13,	3,	'PIC',	'Jack',	'Graham',	'765-854-4289',	'jg1025@chrysler.com'),
(14,	28,	'PTI-QCS de Mexico',	'Josue',	'Bonilla  (cc him in emails)',	'011-52-477-638-3407',	'jbonilla@ptiqcs.com'),
(15,	29,	'Inprax de Mexico',	'Horacio',	'Gonzalez',	NULL,	'hgonzalez@inprax.com.mx'),
(16,	22,	'SIS - Supplier Inspection Services',	'Steve',	'Anklan',	'937-313-8764',	'steve@sis-inspection.net'),
(17,	27,	'PTI-QCS (Call First)',	'Rodney',	'Yates',	'419-408-0046',	'ryates@ptiqcs.com'),
(18,	6,	'TQA',	'Nick',	'Lake',	'989-621-5886',	'nlake@tqagroup.com'),
(19,	11,	'TQA',	'Nick',	'Lake',	'989-621-5886',	'nlake@tqagroup.com'),
(20,	6,	'TQA',	'Matt',	'Guzy',	'810-836-3616',	'mguzy@tqagroup.net'),
(21,	11,	'TQA',	'Matt',	'Guzy',	'810-836-3616',	'mguzy@tqagroup.net'),
(22,	28,	'PDC',	'Luis',	'Miguel Riuz',	'011-52-477-250-3783',	'luis.ruiz@pdcmexico.com'),
(23,	28,	'Diocon',	'Luis',	'Vidal',	'011-52-477-449-9968',	'luis.vidal@diocon.com.mx'),
(24,	34,	'HF - Human Factor - Do not use',	'David',	'Rodriguez',	'011 52 1 844 122 5521',	'david.rodriguez@human-factor.com.mx'),
(25,	34,	'First Time Quality',	'Fernando',	'Garcia',	'011 52 1 844 107 5141',	'fernando.garcia@ftq.com.mx'),
(26,	28,	'PTI * call first',	'Edmundo',	'Salazar',	'011-52-477-638-3413',	'esalazar@ptiqcs.com'),
(27,	20,	'EEP',	'Kelly',	NULL,	'315-569-0991',	'eep.kmarie@yahoo.com'),
(28,	0,	NULL,	NULL,	NULL,	NULL,	NULL),
(29,	0,	NULL,	NULL,	NULL,	NULL,	NULL),
(30,	34,	'Testing and Quality',	'Miguel',	'Zapata',	NULL,	'mzapata@testingqc.com'),
(31,	34,	'Testing and Quality',	'Juan',	'Zertuche',	NULL,	'jzertuche@testingqc.com'),
(32,	23,	'AQL - Automotive Quality Logistics',	'Sandy',	'Buckner',	NULL,	'sbuckner@aql-inc.com'),
(33,	21,	'Thyssen Krupp (contact first)',	'Kate',	'Harris',	NULL,	'Kate.harris@thyssenkrupp.com'),
(34,	21,	'Thyssen Krupp',	'Brian',	'Tedesco',	NULL,	'Brian.Tedesco@thyssenkrupp.com'),
(35,	13,	'Assemble-Rite (Spencer ARL)',	'Ron',	'Laverdiere',	'1.905.351.8840',	'rlaverdiere@spencerarl.com')
ON DUPLICATE KEY UPDATE `CustSortID` = VALUES(`CustSortID`), `CustomerID` = VALUES(`CustomerID`), `SortCompanyName` = VALUES(`SortCompanyName`), `SortContactFirstName` = VALUES(`SortContactFirstName`), `SortContactLastName` = VALUES(`SortContactLastName`), `SortPhoneNumber` = VALUES(`SortPhoneNumber`), `SortEmail` = VALUES(`SortEmail`);


CREATE TABLE `PartDepts` (
  `PartDeptID` int(11) NOT NULL AUTO_INCREMENT,
  `PartID` varchar(16) DEFAULT NULL,
  `DeptID` int(11) DEFAULT '0',
  `Sequence` int(11) DEFAULT '0',
  `Cost` decimal(9,2) NOT NULL DEFAULT '0',
  `WeightLbs` double NOT NULL DEFAULT '0',
  `Area` int(11) DEFAULT '0',
  `DateCost` datetime DEFAULT NULL,
  PRIMARY KEY (`PartDeptID`),
  KEY `Cost` (`Cost`),
  KEY `DeptID` (`DeptID`),
  KEY `PartID` (`PartID`),
  KEY `WeightLbs` (`WeightLbs`)
) ENGINE=InnoDB DEFAULT CHARSET=utf8mb4;

INSERT INTO `PartDepts` (`PartDeptID`, `PartID`, `DeptID`, `Sequence`, `Cost`, `Weightlbs`, `Area`, `DateCost`) VALUES
(1,	'1102-3300',	1,	0,	0.8732,	1.5532,	NULL,	NULL),
(2,	'1102-3300',	5,	0,	2.5,	1.5532,	NULL,	NULL),
(3,	'1102-3300',	4,	0,	1.875,	1.5532,	NULL,	NULL),
(4,	'1102-3300',	3,	0,	1.625,	1.5532,	NULL,	NULL),
(5,	'1102-3300',	2,	0,	1.125,	1.5532,	NULL,	NULL),
(6,	'1102-8235',	1,	0,	0.0204,	0.03146,	NULL,	NULL),
(7,	'1102-8235',	5,	0,	0.11648,	0.03146,	NULL,	NULL),
(8,	'1102-8235',	4,	0,	0.08736,	0.03146,	NULL,	NULL),
(9,	'1102-8235',	3,	0,	0.075712,	0.03146,	NULL,	NULL),
(10,	'1102-8235',	2,	0,	0.052416,	0.03146,	NULL,	NULL),
(11,	'1102-8402',	1,	0,	0.5699,	0.946,	NULL,	NULL),
(12,	'1102-8402',	5,	0,	1.37208,	0.946,	NULL,	NULL),
(13,	'1102-8402',	4,	0,	1.02906,	0.946,	NULL,	NULL),
(14,	'1102-8402',	3,	0,	0.891852,	0.946,	NULL,	NULL),
(15,	'1102-8402',	2,	0,	0.617436,	0.946,	NULL,	NULL),
(16,	'1102-8482',	1,	0,	3.3901,	0.4037,	NULL,	NULL),
(17,	'1102-8482',	5,	5,	7.5335,	0.4037,	101,	NULL),
(18,	'1102-8482',	4,	4,	5.6501,	0.4037,	101,	NULL),
(19,	'1102-8482',	3,	3,	4.8968,	0.4037,	101,	NULL),
(20,	'1102-8482',	2,	0,	3.3901,	0.4037,	NULL,	NULL),
(21,	'1102-8534',	1,	0,	0.0346,	0.05401,	NULL,	NULL),
(22,	'1102-8534',	5,	0,	0.529525,	0.05401,	NULL,	NULL),
(23,	'1102-8534',	4,	0,	0.39714375,	0.05401,	NULL,	NULL),
(24,	'1102-8534',	3,	0,	0.34419125,	0.05401,	NULL,	NULL),
(25,	'1102-8534',	2,	0,	0.23828625,	0.05401,	NULL,	NULL),
(26,	'1102-8536',	1,	0,	1.3203,	0.1474,	NULL,	NULL),
(27,	'1102-8536',	5,	5,	2.9341,	0.1474,	NULL,	NULL),
(28,	'1102-8536',	4,	4,	2.2006,	0.1474,	101,	NULL),
(29,	'1102-8536',	3,	3,	1.9072,	0.1474,	101,	NULL),
(30,	'1102-8536',	2,	0,	1.3203,	0.1474,	NULL,	NULL),
(31,	'1102-8537',	1,	0,	1.356,	0.10142,	NULL,	NULL),
(32,	'1102-8537',	5,	5,	3.0134,	0.10142,	101,	NULL),
(33,	'1102-8537',	4,	4,	2.2601,	0.10142,	101,	NULL),
(34,	'1102-8537',	3,	3,	1.9587,	0.10142,	101,	NULL),
(35,	'1102-8537',	2,	0,	1.356,	0.10142,	NULL,	NULL),
(36,	'Obsolete',	0,	0,	0,	0.00001,	0,	NULL),
(37,	'Obsolete',	0,	0,	0,	0.00001,	0,	NULL),
(38,	'Obsolete',	0,	0,	0,	0.00001,	0,	NULL),
(39,	'Obsolete',	0,	0,	0,	0.00001,	0,	NULL),
(40,	'Obsolete',	0,	0,	0,	0.00001,	0,	NULL),
(41,	'1104-9859',	1,	0,	0.1141,	0.202878,	NULL,	NULL),
(42,	'1104-9859',	5,	0,	1.1327,	0.202878,	NULL,	NULL),
(43,	'1104-9859',	4,	0,	0.849525,	0.202878,	NULL,	NULL),
(44,	'1104-9859',	3,	0,	0.736255,	0.202878,	NULL,	NULL),
(45,	'1104-9859',	2,	0,	0.509715,	0.202878,	NULL,	NULL),
(46,	'1105-2001',	1,	0,	0.184,	0.05844,	NULL,	NULL),
(47,	'1105-2001',	5,	0,	0.5176,	0.05844,	NULL,	NULL),
(48,	'1105-2001',	4,	0,	0.3882,	0.05844,	NULL,	NULL),
(49,	'1105-2001',	3,	0,	0.33644,	0.05844,	NULL,	NULL),
(50,	'1105-2001',	2,	0,	0.23292,	0.05844,	NULL,	NULL),
(51,	'1108-7284',	1,	0,	1.21509927,	0.622,	NULL,	NULL),
(52,	'1108-7284',	5,	5,	2.7002206,	0.622,	101,	NULL),
(53,	'1108-7284',	4,	4,	2.02516545,	0.622,	101,	NULL),
(54,	'1108-7284',	3,	3,	1.75514339,	0.622,	101,	NULL),
(55,	'1108-7284',	2,	0,	1.21509927,	0.622,	NULL,	NULL),
(56,	'11-3337',	1,	1,	0.19926,	0.1155,	101,	'2016-08-17 00:00:00'),
(57,	'11-3337',	5,	5,	0.4428,	0.1155,	101,	'2016-08-17 00:00:00'),
(58,	'11-3337',	4,	4,	0.3321,	0.1155,	101,	'2016-08-17 00:00:00'),
(59,	'11-3337',	3,	3,	0.28782,	0.1155,	101,	'2016-08-17 00:00:00'),
(60,	'11-3337',	2,	2,	0.19926,	0.1155,	101,	'2016-08-17 00:00:00'),
(61,	'11-3339',	1,	0,	0.276819525,	0.3058,	NULL,	NULL),
(62,	'11-3339',	5,	5,	0.6151545,	0.3058,	101,	'2016-08-17 00:00:00'),
(63,	'11-3339',	4,	0,	0.461365875,	0.3058,	NULL,	NULL),
(64,	'11-3339',	3,	3,	0.399850425,	0.3058,	101,	'2016-08-17 00:00:00'),
(65,	'11-3339',	2,	2,	0.276819525,	0.3058,	101,	'2016-08-17 00:00:00'),
(66,	'11-3340',	1,	0,	0.0649,	0.07084,	NULL,	NULL),
(67,	'11-3340',	5,	0,	0.2268,	0.07084,	NULL,	NULL),
(68,	'11-3340',	4,	0,	0.1701,	0.07084,	NULL,	NULL),
(69,	'11-3340',	3,	0,	0.14742,	0.07084,	NULL,	NULL),
(70,	'11-3340',	2,	0,	0.10206,	0.07084,	NULL,	NULL),
(71,	'50-3627',	1,	0,	0,	3.527,	NULL,	NULL),
(72,	'50-3627',	2,	0,	0,	3.527,	NULL,	NULL),
(73,	'50-3627',	3,	3,	6.19387002,	3.527,	101,	'2016-08-17 00:00:00'),
(74,	'50-3627',	4,	4,	7.1467731,	3.527,	102,	'2016-08-17 00:00:00'),
(75,	'50-3627',	5,	5,	9.5290308,	3.527,	102,	'2016-08-17 00:00:00'),
(76,	'11-3903',	1,	0,	0.07227,	0.04994,	NULL,	NULL),
(77,	'11-3903',	5,	5,	0.1606,	0.04994,	101,	'2016-08-17 00:00:00'),
(78,	'11-3903',	4,	4,	0.12045,	0.04994,	101,	'2016-08-17 00:00:00'),
(79,	'11-3903',	3,	3,	0.10439,	0.04994,	101,	'2016-08-17 00:00:00'),
(80,	'11-3903',	2,	2,	0.07227,	0.04994,	101,	'2016-08-17 00:00:00'),
(81,	'11-3904',	1,	0,	0.2453895,	0.2145,	NULL,	NULL),
(82,	'11-3904',	5,	5,	0.54531,	0.2145,	101,	'2016-08-17 00:00:00'),
(83,	'11-3904',	4,	0,	0.4089825,	0.2145,	NULL,	NULL),
(84,	'11-3904',	3,	3,	0.3544515,	0.2145,	101,	'2016-08-17 00:00:00'),
(85,	'11-3904',	2,	2,	0.2453895,	0.2145,	101,	'2016-08-17 00:00:00'),
(86,	'11-3905',	1,	0,	0.50570406,	0.5478,	NULL,	NULL),
(87,	'11-3905',	5,	5,	1.1237868,	0.5478,	101,	'2016-08-17 00:00:00'),
(88,	'11-3905',	4,	4,	0.8428401,	0.5478,	101,	'2016-08-17 00:00:00'),
(89,	'11-3905',	3,	3,	0.73046142,	0.5478,	101,	'2016-08-17 00:00:00'),
(90,	'11-3905',	2,	2,	0.50570406,	0.5478,	101,	'2016-08-17 00:00:00'),
(91,	'11-3907',	1,	0,	0.343215,	0.2464,	NULL,	NULL),
(92,	'11-3907',	5,	5,	0.7627,	0.2464,	101,	'2016-08-17 00:00:00'),
(93,	'11-3907',	4,	0,	0.572025,	0.2464,	NULL,	NULL),
(94,	'11-3907',	3,	3,	0.495755,	0.2464,	101,	'2016-08-17 00:00:00'),
(95,	'11-3907',	2,	2,	0.343215,	0.2464,	101,	'2016-08-17 00:00:00'),
(96,	'11-6526',	1,	0,	0.40491,	0.18986,	NULL,	NULL),
(97,	'11-6526',	5,	5,	0.8998,	0.18986,	101,	'2016-08-17 00:00:00'),
(98,	'11-6526',	4,	4,	0.67485,	0.18986,	101,	'2016-08-17 00:00:00'),
(99,	'11-6526',	3,	3,	0.58487,	0.18986,	101,	'2016-08-17 00:00:00'),
(100,	'11-6526',	2,	2,	0.40491,	0.18986,	101,	'2016-08-17 00:00:00'),
(101,	'11-6526-1',	1,	0,	0,	0.01826,	NULL,	NULL),
(102,	'11-6526-1',	5,	0,	0,	0.01826,	NULL,	NULL),
(103,	'11-6526-1',	4,	0,	0,	0.01826,	NULL,	NULL),
(104,	'11-6526-1',	3,	0,	0,	0.01826,	NULL,	NULL),
(105,	'11-6526-1',	2,	2,	0.0317,	0.01826,	101,	'2016-08-17 00:00:00'),
(106,	'11-7627',	1,	0,	0.1269,	0.1716,	NULL,	NULL),
(107,	'11-7627',	5,	5,	0.282,	0.1716,	NULL,	'2016-08-17 00:00:00'),
(108,	'11-7627',	4,	4,	0.2115,	0.1716,	101,	'2016-08-17 00:00:00'),
(109,	'11-7627',	3,	3,	0.1833,	0.1716,	101,	'2016-08-17 00:00:00'),
(110,	'11-7627',	2,	2,	0.1269,	0.1716,	101,	'2016-08-17 00:00:00'),
(111,	'35-0120',	1,	0,	0.246735,	0.37,	NULL,	NULL),
(112,	'35-0120',	5,	5,	0.5483,	0.37,	101,	'2016-08-17 00:00:00'),
(113,	'35-0120',	4,	4,	0.411225,	0.37,	101,	'2016-08-17 00:00:00'),
(114,	'35-0120',	3,	3,	0.356395,	0.37,	101,	'2016-08-17 00:00:00'),
(115,	'35-0120',	2,	2,	0.246735,	0.37,	101,	'2016-08-17 00:00:00'),
(116,	'35-0133',	1,	0,	0.246735,	0.18,	NULL,	NULL),
(117,	'35-0133',	5,	5,	0.5483,	0.18,	101,	'2016-08-17 00:00:00'),
(118,	'35-0133',	4,	4,	0.411225,	0.18,	101,	'2016-08-17 00:00:00'),
(119,	'35-0133',	3,	3,	0.356395,	0.18,	101,	'2016-08-17 00:00:00'),
(120,	'35-0133',	2,	2,	0.246735,	0.18,	101,	'2016-08-17 00:00:00'),
(121,	'35-0141',	1,	0,	0.246735,	0.34,	NULL,	NULL),
(122,	'35-0141',	5,	5,	0.5483,	0.34,	101,	'2016-08-17 00:00:00'),
(123,	'35-0141',	4,	4,	0.411225,	0.34,	101,	'2016-08-17 00:00:00'),
(124,	'35-0141',	3,	3,	0.356395,	0.34,	101,	'2016-08-17 00:00:00'),
(125,	'35-0141',	2,	2,	0.246735,	0.34,	101,	'2018-11-01 00:00:00'),
(126,	'35-0241',	1,	0,	0.246735,	0.28,	NULL,	NULL),
(127,	'35-0241',	5,	5,	0.5483,	0.28,	101,	'2016-08-17 00:00:00'),
(128,	'35-0241',	4,	4,	0.411225,	0.28,	101,	'2016-08-17 00:00:00'),
(129,	'35-0241',	3,	3,	0.356395,	0.28,	101,	'2016-08-17 00:00:00'),
(130,	'35-0241',	2,	2,	0.246735,	0.28,	101,	'2016-08-17 00:00:00'),
(131,	'35-0892',	1,	0,	0.188899994,	0.1565692,	NULL,	NULL),
(132,	'35-0892',	5,	0,	1.889999986,	0.1565692,	NULL,	NULL),
(133,	'35-0892',	4,	0,	1.417500019,	0.1565692,	NULL,	NULL),
(134,	'35-0892',	3,	0,	1.228500009,	0.1565692,	NULL,	NULL),
(135,	'35-0892',	2,	0,	0.850499988,	0.1565692,	NULL,	NULL),
(136,	'35-0994',	1,	0,	0.361999989,	0.4785284,	NULL,	NULL),
(137,	'35-0994',	5,	0,	1.39260006,	0.4785284,	NULL,	NULL),
(138,	'35-0994',	4,	0,	1.044499993,	0.4785284,	NULL,	NULL),
(139,	'35-0994',	3,	0,	0.905200005,	0.4785284,	NULL,	NULL),
(140,	'35-0994',	2,	0,	0.626699984,	0.4785284,	NULL,	NULL),
(141,	'35-2066',	1,	0,	0.0787,	0.08379,	NULL,	NULL),
(142,	'35-2066',	5,	0,	1.6785,	0.08379,	NULL,	NULL),
(143,	'35-2066',	4,	0,	1.258875,	0.08379,	NULL,	NULL),
(144,	'35-2066',	3,	0,	1.091025,	0.08379,	NULL,	NULL),
(145,	'35-2066',	2,	0,	0.755325,	0.08379,	NULL,	NULL),
(146,	'35-2362',	1,	0,	0.9584,	1.408,	NULL,	NULL),
(147,	'35-2362',	5,	0,	2.944,	1.408,	NULL,	NULL),
(148,	'35-2362',	4,	0,	2.208,	1.408,	NULL,	NULL),
(149,	'35-2362',	3,	0,	1.9136,	1.408,	NULL,	NULL),
(150,	'35-2362',	2,	0,	1.3248,	1.408,	NULL,	NULL),
(151,	'35-2813',	1,	0,	0.6568,	0.6083,	NULL,	NULL),
(152,	'35-2813',	5,	0,	3.79,	0.6083,	NULL,	NULL),
(153,	'35-2813',	4,	0,	2.8425,	0.6083,	NULL,	NULL),
(154,	'35-2813',	3,	0,	2.4635,	0.6083,	NULL,	NULL),
(155,	'35-2813',	2,	0,	1.7055,	0.6083,	NULL,	NULL),
(156,	'35-4551',	1,	0,	0.246735,	0.22506,	NULL,	NULL),
(157,	'35-4551',	5,	5,	0.5483,	0.22506,	101,	'2016-08-17 00:00:00'),
(158,	'35-4551',	4,	4,	0.411225,	0.22506,	101,	'2016-08-17 00:00:00'),
(159,	'35-4551',	3,	3,	0.356395,	0.22506,	101,	'2016-08-17 00:00:00'),
(160,	'35-4551',	2,	2,	0.246735,	0.22506,	101,	'2016-08-17 00:00:00'),
(161,	'35-4638',	1,	0,	2.3027,	2.4244,	NULL,	NULL),
(162,	'35-4638',	5,	0,	3.28,	2.4244,	NULL,	NULL),
(163,	'35-4638',	4,	0,	2.46,	2.4244,	NULL,	NULL),
(164,	'35-4638',	3,	0,	2.132,	2.4244,	NULL,	NULL),
(165,	'35-4638',	2,	0,	1.476,	2.4244,	NULL,	NULL),
(166,	'35-4638-1',	1,	0,	1.0018,	0.198,	NULL,	NULL),
(167,	'35-4638-1',	5,	0,	1.0018,	0.198,	NULL,	NULL),
(168,	'35-4638-1',	4,	0,	1.0018,	0.198,	NULL,	NULL),
(169,	'35-4638-1',	3,	0,	1.0018,	0.198,	NULL,	NULL),
(170,	'35-4638-1',	2,	0,	0.02952,	0.198,	NULL,	NULL),
(171,	'35-4638-4',	1,	0,	0.05032,	0.226033,	NULL,	NULL),
(172,	'35-4638-4',	5,	0,	0.05032,	0.226033,	NULL,	NULL),
(173,	'35-4638-4',	4,	0,	0.05032,	0.226033,	NULL,	NULL),
(174,	'35-4638-4',	3,	0,	0.05032,	0.226033,	NULL,	NULL),
(175,	'35-4638-4',	2,	0,	0.05032,	0.226033,	NULL,	NULL),
(176,	'35-5017',	1,	0,	0.246735,	0.27,	NULL,	NULL),
(177,	'35-5017',	5,	5,	0.5483,	0.27,	101,	'2016-08-17 00:00:00'),
(178,	'35-5017',	4,	4,	0.411225,	0.27,	101,	'2016-08-17 00:00:00'),
(179,	'35-5017',	3,	3,	0.356395,	0.27,	101,	'2016-08-17 00:00:00'),
(180,	'35-5017',	2,	0,	0.246735,	0.27,	NULL,	NULL),
(181,	'35-6058',	1,	0,	0.20389842,	0.21307,	NULL,	NULL),
(182,	'35-6058',	5,	0,	0.4531076,	0.21307,	NULL,	NULL),
(183,	'35-6058',	4,	0,	0.3398307,	0.21307,	NULL,	NULL),
(184,	'35-6058',	3,	0,	0.29451994,	0.21307,	NULL,	NULL),
(185,	'35-6058',	2,	0,	0.20389842,	0.21307,	NULL,	NULL),
(186,	'35-6511',	1,	0,	0.20389842,	0.5501974,	NULL,	NULL),
(187,	'35-6511',	5,	0,	0.4531076,	0.5501974,	NULL,	NULL),
(188,	'35-6511',	4,	0,	0.3398307,	0.5501974,	NULL,	NULL),
(189,	'35-6511',	3,	0,	0.29451994,	0.5501974,	NULL,	NULL),
(190,	'35-6511',	2,	0,	0.20389842,	0.5501974,	NULL,	NULL),
(191,	'35-7037',	1,	0,	0.246735,	0.46,	NULL,	NULL),
(192,	'35-7037',	5,	5,	0.5483,	0.46,	101,	'2016-08-17 00:00:00'),
(193,	'35-7037',	4,	4,	0.411225,	0.46,	101,	'2016-08-17 00:00:00'),
(194,	'35-7037',	3,	3,	0.356395,	0.46,	101,	'2016-08-17 00:00:00'),
(195,	'35-7037',	2,	2,	0.246735,	0.46,	101,	'2016-08-17 00:00:00'),
(196,	'35-7285',	1,	0,	11.2626,	1.554,	NULL,	NULL),
(197,	'35-7285',	5,	0,	25.028,	1.554,	NULL,	NULL),
(198,	'35-7285',	4,	4,	18.771,	1.554,	101,	NULL),
(199,	'35-7285',	3,	3,	16.2682,	1.554,	101,	NULL),
(200,	'35-7285',	2,	0,	11.2626,	1.554,	NULL,	NULL),
(201,	'35-7285S',	1,	0,	11.2626,	1.4818944,	NULL,	NULL),
(202,	'35-7285S',	5,	0,	25.028,	1.4818944,	NULL,	NULL),
(203,	'35-7285S',	4,	0,	18.771,	1.4818944,	NULL,	NULL),
(204,	'35-7285S',	3,	0,	16.2682,	1.4818944,	NULL,	NULL),
(205,	'35-7285S',	2,	0,	11.2626,	1.4818944,	NULL,	NULL),
(206,	'35-7393',	1,	0,	0.9081,	0.62,	NULL,	NULL),
(207,	'35-7393',	5,	0,	16.0099,	0.62,	NULL,	NULL),
(208,	'35-7393',	4,	0,	12.007425,	0.62,	NULL,	NULL),
(209,	'35-7393',	3,	0,	10.406435,	0.62,	NULL,	NULL),
(210,	'35-7393',	2,	0,	7.204455,	0.62,	NULL,	NULL),
(211,	'35-892',	1,	0,	0.1675,	0.1551,	NULL,	NULL),
(212,	'35-892',	5,	0,	1.87315,	0.1551,	NULL,	NULL),
(213,	'35-892',	4,	0,	1.4048625,	0.1551,	NULL,	NULL),
(214,	'35-892',	3,	0,	1.2175475,	0.1551,	NULL,	NULL),
(215,	'35-892',	2,	0,	0.8429175,	0.1551,	NULL,	NULL),
(216,	'35-994',	1,	0,	0.362,	0.4752,	NULL,	NULL),
(217,	'35-994',	5,	0,	1.3165,	0.4752,	NULL,	NULL),
(218,	'35-994',	4,	0,	0.987375,	0.4752,	NULL,	NULL),
(219,	'35-994',	3,	0,	0.855725,	0.4752,	NULL,	NULL),
(220,	'35-994',	2,	0,	0.592425,	0.4752,	NULL,	NULL),
(221,	'36-7853',	1,	0,	0.2283,	0.405757,	NULL,	NULL),
(222,	'36-7853',	5,	0,	1.5175,	0.405757,	NULL,	NULL),
(223,	'36-7853',	4,	0,	1.138125,	0.405757,	NULL,	NULL),
(224,	'36-7853',	3,	0,	0.986375,	0.405757,	NULL,	NULL),
(225,	'36-7853',	2,	0,	0.682875,	0.405757,	NULL,	NULL),
(226,	'Obsolete',	0,	0,	0,	0.00001,	0,	NULL),
(227,	'Obsolete',	0,	0,	0,	0.00001,	0,	NULL),
(228,	'Obsolete',	0,	0,	0,	0.00001,	0,	NULL),
(229,	'Obsolete',	0,	0,	0,	0.00001,	0,	NULL),
(230,	'Obsolete',	0,	0,	0,	0.00001,	0,	NULL),
(231,	'Obsolete',	0,	0,	0,	0.00001,	0,	NULL),
(232,	'Obsolete',	0,	0,	0,	0.00001,	0,	NULL),
(233,	'Obsolete',	0,	0,	0,	0.00001,	0,	NULL),
(234,	'Obsolete',	0,	0,	0,	0.00001,	0,	NULL),
(235,	'Obsolete',	0,	0,	0,	0.00001,	0,	NULL),
(236,	'Obsolete',	0,	0,	0,	0.00001,	0,	NULL),
(237,	'Obsolete',	0,	0,	0,	0.00001,	0,	NULL),
(238,	'Obsolete',	0,	0,	0,	0.00001,	0,	NULL),
(239,	'Obsolete',	0,	0,	0,	0.00001,	0,	NULL),
(240,	'Obsolete',	0,	0,	0,	0.00001,	0,	NULL),
(241,	'Obsolete',	0,	0,	0,	0.00001,	0,	NULL),
(242,	'Obsolete',	0,	0,	0,	0.00001,	0,	NULL),
(243,	'Obsolete',	0,	0,	0,	0.00001,	0,	NULL),
(244,	'Obsolete',	0,	0,	0,	0.00001,	0,	NULL),
(245,	'Obsolete',	0,	0,	0,	0.00001,	0,	NULL),
(246,	'50-0027',	1,	0,	1.3853,	2.464,	NULL,	NULL),
(247,	'50-0027',	5,	5,	4.8847,	2.464,	101,	NULL),
(248,	'50-0027',	4,	0,	3.663525,	2.464,	NULL,	NULL),
(249,	'50-0027',	3,	3,	3.175055,	2.464,	101,	NULL),
(250,	'50-0027',	2,	0,	2.198115,	2.464,	NULL,	NULL),
(251,	'50-0774-A',	1,	0,	0,	1.32,	NULL,	NULL),
(252,	'50-0774-A',	5,	0,	0,	1.32,	NULL,	NULL),
(253,	'50-0774-A',	4,	0,	0,	1.32,	NULL,	NULL),
(254,	'50-0774-A',	3,	0,	0,	1.32,	NULL,	NULL),
(255,	'50-0774-A',	2,	0,	0,	1.32,	NULL,	NULL),
(256,	'50-0774-B',	1,	0,	0,	1.94,	NULL,	NULL),
(257,	'50-0774-B',	5,	0,	0,	1.94,	NULL,	NULL),
(258,	'50-0774-B',	4,	0,	0,	1.94,	NULL,	NULL),
(259,	'50-0774-B',	3,	0,	0,	1.94,	NULL,	NULL),
(260,	'50-0774-B',	2,	0,	0,	1.94,	NULL,	NULL),
(261,	'50-0774-C',	1,	0,	0,	0.13,	NULL,	NULL),
(262,	'50-0774-C',	5,	0,	0,	0.13,	NULL,	NULL),
(263,	'50-0774-C',	4,	0,	0,	0.13,	NULL,	NULL),
(264,	'50-0774-C',	3,	0,	0,	0.13,	NULL,	NULL),
(265,	'50-0774-C',	2,	0,	0,	0.13,	NULL,	NULL),
(266,	'50-0774-D',	1,	0,	0,	0.07,	NULL,	NULL),
(267,	'50-0774-D',	5,	0,	0,	0.07,	NULL,	NULL),
(268,	'50-0774-D',	4,	0,	0,	0.07,	NULL,	NULL),
(269,	'50-0774-D',	3,	0,	0,	0.07,	NULL,	NULL),
(270,	'50-0774-D',	2,	0,	0,	0.07,	NULL,	NULL),
(271,	'50-0786-A',	1,	0,	1.16037,	0.89,	NULL,	NULL),
(272,	'50-0786-A',	5,	0,	0,	0.89,	NULL,	NULL),
(273,	'50-0786-A',	4,	0,	0,	0.89,	NULL,	NULL),
(274,	'50-0786-A',	3,	3,	1.16037,	0.89,	101,	'2016-08-17 00:00:00'),
(275,	'50-0786-A',	2,	2,	1.16037,	0.89,	101,	'2016-08-17 00:00:00'),
(276,	'50-0786-B',	1,	0,	1.394055,	0.99,	NULL,	NULL),
(277,	'50-0786-B',	5,	0,	0,	0.99,	NULL,	NULL),
(278,	'50-0786-B',	4,	0,	0,	0.99,	NULL,	NULL),
(279,	'50-0786-B',	3,	3,	1.394055,	0.99,	101,	'2016-08-17 00:00:00'),
(280,	'50-0786-B',	2,	2,	1.394055,	0.99,	101,	'2016-08-17 00:00:00'),
(281,	'50-0786-C',	1,	0,	0.289906043625,	0.09,	NULL,	NULL),
(282,	'50-0786-C',	5,	0,	0,	0.09,	NULL,	NULL),
(283,	'50-0786-C',	4,	0,	0,	0.09,	NULL,	NULL),
(284,	'50-0786-C',	3,	0,	0.289906043625,	0.09,	NULL,	NULL),
(285,	'50-0786-C',	2,	0,	0.289906043625,	0.09,	NULL,	NULL),
(286,	'50-0786-D',	1,	0,	0.07785,	0.04,	NULL,	NULL),
(287,	'50-0786-D',	5,	0,	0,	0.04,	NULL,	NULL),
(288,	'50-0786-D',	4,	0,	0,	0.04,	NULL,	NULL),
(289,	'50-0786-D',	3,	0,	0.07785,	0.04,	NULL,	NULL),
(290,	'50-0786-D',	2,	0,	0.07785,	0.04,	NULL,	NULL),
(291,	'50-0899-1',	1,	0,	0,	0.738745,	NULL,	NULL),
(292,	'50-0899-1',	5,	0,	0,	0.738745,	NULL,	NULL),
(293,	'50-0899-1',	4,	0,	0,	0.738745,	NULL,	NULL),
(294,	'50-0899-1',	3,	0,	0,	0.738745,	NULL,	NULL),
(295,	'50-0899-1',	2,	0,	0,	0.738745,	NULL,	NULL),
(296,	'50-0899-2',	1,	0,	0,	1.389276,	NULL,	NULL),
(297,	'50-0899-2',	5,	0,	0,	1.389276,	NULL,	NULL),
(298,	'50-0899-2',	4,	0,	0,	1.389276,	NULL,	NULL),
(299,	'50-0899-2',	3,	0,	0,	1.389276,	NULL,	NULL),
(300,	'50-0899-2',	2,	0,	0,	1.389276,	NULL,	NULL),
(301,	'50-0899-3',	1,	0,	0,	0.0033078,	NULL,	NULL),
(302,	'50-0899-3',	5,	0,	0,	0.0033078,	NULL,	NULL),
(303,	'50-0899-3',	4,	0,	0,	0.0033078,	NULL,	NULL),
(304,	'50-0899-3',	3,	0,	0,	0.0033078,	NULL,	NULL),
(305,	'50-0899-3',	2,	0,	0,	0.0033078,	NULL,	NULL),
(306,	'50-0901-1',	1,	0,	0,	0.738745,	NULL,	NULL),
(307,	'50-0901-1',	5,	0,	0,	0.738745,	NULL,	NULL),
(308,	'50-0901-1',	4,	0,	0,	0.738745,	NULL,	NULL),
(309,	'50-0901-1',	3,	0,	0,	0.738745,	NULL,	NULL),
(310,	'50-0901-1',	2,	0,	0,	0.738745,	NULL,	NULL),
(311,	'50-0941',	1,	0,	3.7029,	4.22235,	NULL,	NULL),
(312,	'50-0941',	5,	0,	10.75064,	4.22235,	NULL,	NULL),
(313,	'50-0941',	4,	0,	8.06298,	4.22235,	NULL,	NULL),
(314,	'50-0941',	3,	0,	6.987916,	4.22235,	NULL,	NULL),
(315,	'50-0941',	2,	0,	4.837788,	4.22235,	NULL,	NULL),
(316,	'50-1193',	1,	0,	2.6553,	3.80732,	NULL,	NULL),
(317,	'50-1193',	5,	0,	7.826,	3.80732,	NULL,	NULL),
(318,	'50-1193',	4,	0,	5.8695,	3.80732,	NULL,	NULL),
(319,	'50-1193',	3,	0,	5.0869,	3.80732,	NULL,	NULL),
(320,	'50-1193',	2,	0,	2.6553,	3.80732,	NULL,	NULL),
(321,	'50-1193-A',	1,	0,	0.8199,	1.738,	NULL,	NULL),
(322,	'50-1193-A',	5,	0,	0.8199,	1.738,	NULL,	NULL),
(323,	'50-1193-A',	4,	0,	0.8199,	1.738,	NULL,	NULL),
(324,	'50-1193-A',	3,	0,	0.8199,	1.738,	NULL,	NULL),
(325,	'50-1193-A',	2,	0,	1.21635,	1.738,	NULL,	NULL),
(326,	'50-1193-B',	1,	0,	1.0847,	1.9294,	NULL,	NULL),
(327,	'50-1193-B',	5,	0,	1.0847,	1.9294,	NULL,	NULL),
(328,	'50-1193-B',	4,	0,	1.0847,	1.9294,	NULL,	NULL),
(329,	'50-1193-B',	3,	0,	1.0847,	1.9294,	NULL,	NULL),
(330,	'50-1193-B',	2,	0,	1.232595,	1.9294,	NULL,	NULL),
(331,	'50-1193-C',	1,	0,	0.6679,	0.132,	NULL,	NULL),
(332,	'50-1193-C',	5,	0,	0.6679,	0.132,	NULL,	NULL),
(333,	'50-1193-C',	4,	0,	0.6679,	0.132,	NULL,	NULL),
(334,	'50-1193-C',	3,	0,	0.6679,	0.132,	NULL,	NULL),
(335,	'50-1193-C',	2,	0,	0.2641275,	0.132,	NULL,	NULL),
(336,	'50-1193-D',	1,	0,	0.0207,	0.00198,	NULL,	NULL),
(337,	'50-1193-D',	5,	0,	0.0207,	0.00198,	NULL,	NULL),
(338,	'50-1193-D',	4,	0,	0.0207,	0.00198,	NULL,	NULL),
(339,	'50-1193-D',	3,	0,	0.0207,	0.00198,	NULL,	NULL),
(340,	'50-1193-D',	2,	0,	0.06984,	0.00198,	NULL,	NULL),
(341,	'50-1197',	1,	0,	0,	3.421611,	NULL,	NULL),
(342,	'50-1197',	5,	5,	8.311122,	3.421611,	101,	'2016-08-17 00:00:00'),
(343,	'50-1197',	4,	4,	6.2333415,	3.421611,	101,	'2016-08-17 00:00:00'),
(344,	'50-1197',	3,	3,	5.4022293,	3.421611,	101,	'2016-08-17 00:00:00'),
(345,	'50-1197',	2,	0,	0,	3.421611,	NULL,	NULL),
(346,	'50-1197-A',	1,	0,	0,	1.738,	NULL,	NULL),
(347,	'50-1197-A',	5,	0,	0,	1.738,	NULL,	NULL),
(348,	'50-1197-A',	4,	0,	0,	1.738,	NULL,	NULL),
(349,	'50-1197-A',	3,	3,	1.309001715,	1.738,	101,	'2016-08-17 00:00:00'),
(350,	'50-1197-A',	2,	0,	0,	1.738,	NULL,	NULL),
(351,	'50-1197-B',	1,	0,	0,	1.543691,	NULL,	NULL),
(352,	'50-1197-B',	5,	0,	0,	1.543691,	NULL,	NULL),
(353,	'50-1197-B',	4,	0,	0,	1.543691,	NULL,	NULL),
(354,	'50-1197-B',	3,	3,	1.309001715,	1.543691,	101,	'2016-08-17 00:00:00'),
(355,	'50-1197-B',	2,	0,	0,	1.543691,	NULL,	NULL),
(356,	'50-1197-C',	1,	0,	0.22611731175,	0.132,	NULL,	NULL),
(357,	'50-1197-C',	5,	0,	0,	0.132,	NULL,	NULL),
(358,	'50-1197-C',	4,	0,	0,	0.132,	NULL,	NULL),
(359,	'50-1197-C',	3,	0,	0.22611731175,	0.132,	NULL,	NULL),
(360,	'50-1197-C',	2,	0,	0.22611731175,	0.132,	NULL,	NULL),
(361,	'50-1197-D',	1,	0,	0.067815,	0.00198,	NULL,	NULL),
(362,	'50-1197-D',	5,	0,	0,	0.00198,	NULL,	NULL),
(363,	'50-1197-D',	4,	0,	0,	0.00198,	NULL,	NULL),
(364,	'50-1197-D',	3,	0,	0.067815,	0.00198,	NULL,	NULL),
(365,	'50-1197-D',	2,	0,	0.067815,	0.00198,	NULL,	NULL),
(366,	'50-1376',	1,	0,	0.9438,	1.52746,	NULL,	NULL),
(367,	'50-1376',	5,	0,	6.1226,	1.52746,	NULL,	NULL),
(368,	'50-1376',	4,	0,	4.59195,	1.52746,	NULL,	NULL),
(369,	'50-1376',	3,	0,	3.97969,	1.52746,	NULL,	NULL),
(370,	'50-1376',	2,	0,	0.9438,	1.52746,	NULL,	NULL),
(371,	'50-1376-A',	1,	0,	0.2769,	0.4675,	NULL,	NULL),
(372,	'50-1376-A',	5,	0,	0.2769,	0.4675,	NULL,	NULL),
(373,	'50-1376-A',	4,	0,	0.2769,	0.4675,	NULL,	NULL),
(374,	'50-1376-A',	3,	0,	0.2769,	0.4675,	NULL,	NULL),
(375,	'50-1376-A',	2,	0,	0.2769,	0.4675,	NULL,	NULL),
(376,	'50-1376-B',	1,	0,	0.6255,	1.056,	NULL,	NULL),
(377,	'50-1376-B',	5,	0,	0.6255,	1.056,	NULL,	NULL),
(378,	'50-1376-B',	4,	0,	0.6255,	1.056,	NULL,	NULL),
(379,	'50-1376-B',	3,	0,	0.6255,	1.056,	NULL,	NULL),
(380,	'50-1376-B',	2,	0,	0.6255,	1.056,	NULL,	NULL),
(381,	'50-1376-P',	1,	0,	0.0069,	0.00066,	NULL,	NULL),
(382,	'50-1376-P',	5,	0,	0.0069,	0.00066,	NULL,	NULL),
(383,	'50-1376-P',	4,	0,	0.0069,	0.00066,	NULL,	NULL),
(384,	'50-1376-P',	3,	0,	0.0069,	0.00066,	NULL,	NULL),
(385,	'50-1376-P',	2,	0,	0.0069,	0.00066,	NULL,	NULL),
(386,	'50-1713-A',	1,	0,	1.43226,	1.18,	NULL,	'2016-08-17 00:00:00'),
(387,	'50-1713-A',	5,	0,	0,	1.18,	NULL,	NULL),
(388,	'50-1713-A',	4,	0,	0,	1.18,	NULL,	NULL),
(389,	'50-1713-A',	3,	3,	1.43226,	1.18,	101,	'2016-08-17 00:00:00'),
(390,	'50-1713-A',	2,	2,	1.43226,	1.18,	101,	'2016-08-17 00:00:00'),
(391,	'50-1713-B',	1,	0,	1.767396024,	1.6,	NULL,	'2016-08-17 00:00:00'),
(392,	'50-1713-B',	5,	0,	0,	1.6,	NULL,	NULL),
(393,	'50-1713-B',	4,	0,	0,	1.6,	NULL,	NULL),
(394,	'50-1713-B',	3,	3,	1.767396024,	1.6,	101,	'2016-08-17 00:00:00'),
(395,	'50-1713-B',	2,	2,	1.767396024,	1.6,	101,	'2016-08-17 00:00:00'),
(396,	'50-1713-C',	1,	0,	0.3313867545,	0.13,	NULL,	'2016-08-17 00:00:00'),
(397,	'50-1713-C',	5,	0,	0,	0.13,	NULL,	NULL),
(398,	'50-1713-C',	4,	0,	0,	0.13,	NULL,	NULL),
(399,	'50-1713-C',	3,	0,	0,	0.13,	NULL,	NULL),
(400,	'50-1713-C',	2,	2,	0.3313867545,	0.13,	101,	'2016-08-17 00:00:00'),
(401,	'50-1713-D',	1,	0,	0.095535,	0.09,	NULL,	NULL),
(402,	'50-1713-D',	5,	0,	0,	0.09,	NULL,	NULL),
(403,	'50-1713-D',	4,	0,	0,	0.09,	NULL,	NULL),
(404,	'50-1713-D',	3,	0,	0,	0.09,	NULL,	NULL),
(405,	'50-1713-D',	2,	0,	0.095535,	0.09,	NULL,	NULL),
(406,	'50-1731-A',	1,	0,	1.14399,	0.72,	NULL,	'2016-08-17 00:00:00'),
(407,	'50-1731-A',	5,	0,	0,	0.72,	NULL,	NULL),
(408,	'50-1731-A',	4,	0,	0,	0.72,	NULL,	NULL),
(409,	'50-1731-A',	3,	3,	1.14399,	0.72,	101,	'2016-08-17 00:00:00'),
(410,	'50-1731-A',	2,	2,	1.14399,	0.72,	101,	'2016-08-17 00:00:00'),
(411,	'50-1731-B',	1,	0,	1.35603,	0.88,	NULL,	'2016-08-17 00:00:00'),
(412,	'50-1731-B',	5,	0,	0,	0.88,	NULL,	NULL),
(413,	'50-1731-B',	4,	0,	0,	0.88,	NULL,	NULL),
(414,	'50-1731-B',	3,	3,	1.35603,	0.88,	101,	'2016-08-17 00:00:00'),
(415,	'50-1731-B',	2,	2,	1.35603,	0.88,	101,	'2016-08-17 00:00:00'),
(416,	'50-1731-C',	1,	0,	0.28377783,	0.13,	NULL,	'2016-08-17 00:00:00'),
(417,	'50-1731-C',	5,	0,	0,	0.13,	NULL,	NULL),
(418,	'50-1731-C',	4,	0,	0,	0.13,	NULL,	NULL),
(419,	'50-1731-C',	3,	0,	0,	0.13,	NULL,	NULL),
(420,	'50-1731-C',	2,	2,	0.28377783,	0.13,	101,	'2016-08-17 00:00:00'),
(421,	'50-1731-D',	1,	0,	0.077625,	0.09,	NULL,	NULL),
(422,	'50-1731-D',	5,	0,	0,	0.09,	NULL,	NULL),
(423,	'50-1731-D',	4,	0,	0,	0.09,	NULL,	NULL),
(424,	'50-1731-D',	3,	0,	0,	0.09,	NULL,	NULL),
(425,	'50-1731-D',	2,	0,	0.077625,	0.09,	NULL,	NULL),
(426,	'50-1858',	1,	0,	0,	1.404715,	NULL,	NULL),
(427,	'50-1858',	5,	5,	5.4737,	1.404715,	101,	'2016-08-17 00:00:00'),
(428,	'50-1858',	4,	4,	4.105275,	1.404715,	101,	'2016-08-17 00:00:00'),
(429,	'50-1858',	3,	3,	3.557905,	1.404715,	101,	'2016-08-17 00:00:00'),
(430,	'50-1858',	2,	0,	0,	1.404715,	NULL,	NULL),
(431,	'50-1858-A',	1,	0,	0.917505,	0.6776,	NULL,	'2016-08-17 00:00:00'),
(432,	'50-1858-A',	5,	0,	0,	0.6776,	NULL,	NULL),
(433,	'50-1858-A',	4,	0,	0,	0.6776,	NULL,	NULL),
(434,	'50-1858-A',	3,	3,	0.917505,	0.6776,	101,	'2016-08-17 00:00:00'),
(435,	'50-1858-A',	2,	2,	0.917505,	0.6776,	101,	'2016-08-17 00:00:00'),
(436,	'50-1858-B',	1,	0,	0.926955,	0.7216,	NULL,	'2016-08-17 00:00:00'),
(437,	'50-1858-B',	5,	0,	0,	0.7216,	NULL,	NULL),
(438,	'50-1858-B',	4,	0,	0,	0.7216,	NULL,	NULL),
(439,	'50-1858-B',	3,	3,	0.926955,	0.7216,	101,	'2016-08-17 00:00:00'),
(440,	'50-1858-B',	2,	2,	0.926955,	0.7216,	101,	'2016-08-17 00:00:00'),
(441,	'50-1858-P',	1,	0,	0.054855,	0.001103,	NULL,	NULL),
(442,	'50-1858-P',	5,	0,	0,	0.001103,	NULL,	NULL),
(443,	'50-1858-P',	4,	0,	0,	0.001103,	NULL,	NULL),
(444,	'50-1858-P',	3,	0,	0.054855,	0.001103,	NULL,	NULL),
(445,	'50-1858-P',	2,	2,	0.054855,	0.001103,	101,	NULL),
(446,	'50-2407',	1,	0,	2.3,	2.36874,	NULL,	NULL),
(447,	'50-2407',	5,	5,	8.4048,	2.36874,	102,	NULL),
(448,	'50-2407',	4,	4,	6.3036,	2.36874,	102,	NULL),
(449,	'50-2407',	3,	3,	5.46312,	2.36874,	102,	NULL),
(450,	'50-2407',	2,	0,	2.3,	2.36874,	NULL,	NULL),
(451,	'50-2407-A',	1,	0,	0.90432,	0.7183,	NULL,	NULL),
(452,	'50-2407-A',	5,	0,	0,	0.7183,	NULL,	NULL),
(453,	'50-2407-A',	4,	0,	0,	0.7183,	NULL,	NULL),
(454,	'50-2407-A',	3,	3,	0.90432,	0.7183,	102,	NULL),
(455,	'50-2407-A',	2,	2,	0.90432,	0.7183,	101,	NULL),
(456,	'50-2407-B',	1,	0,	1.0799492418,	1.6434,	NULL,	NULL),
(457,	'50-2407-B',	5,	0,	0,	1.6434,	NULL,	NULL),
(458,	'50-2407-B',	4,	0,	0,	1.6434,	NULL,	NULL),
(459,	'50-2407-B',	3,	3,	1.0799492418,	1.6434,	102,	NULL),
(460,	'50-2407-B',	2,	2,	1.0799492418,	1.6434,	101,	NULL),
(461,	'50-2407-C',	1,	0,	0.06129,	0.00176,	NULL,	NULL),
(462,	'50-2407-C',	5,	0,	0,	0.00176,	NULL,	NULL),
(463,	'50-2407-C',	4,	0,	0,	0.00176,	NULL,	NULL),
(464,	'50-2407-C',	3,	0,	0.06129,	0.00176,	NULL,	NULL),
(465,	'50-2407-C',	2,	2,	0.06129,	0.00176,	101,	NULL),
(466,	'50-2421',	1,	0,	0,	1.94436,	NULL,	NULL),
(467,	'50-2421',	5,	0,	8.2241,	1.94436,	NULL,	NULL),
(468,	'50-2421',	4,	4,	6.168075,	1.94436,	102,	'2016-08-17 00:00:00'),
(469,	'50-2421',	3,	3,	5.345665,	1.94436,	102,	'2016-08-17 00:00:00'),
(470,	'50-2421',	2,	0,	0,	1.94436,	NULL,	NULL),
(471,	'50-2421-A',	1,	0,	0.919845,	0.704,	NULL,	NULL),
(472,	'50-2421-A',	5,	0,	0,	0.704,	NULL,	NULL),
(473,	'50-2421-A',	4,	0,	0,	0.704,	NULL,	NULL),
(474,	'50-2421-A',	3,	3,	0.919845,	0.704,	102,	'2016-08-17 00:00:00'),
(475,	'50-2421-A',	2,	2,	0.919845,	0.704,	101,	'2016-08-17 00:00:00'),
(476,	'50-2421-B',	1,	0,	1.11346326,	1.2364,	NULL,	NULL),
(477,	'50-2421-B',	5,	0,	0,	1.2364,	NULL,	NULL),
(478,	'50-2421-B',	4,	0,	0,	1.2364,	NULL,	NULL),
(479,	'50-2421-B',	3,	3,	1.11346326,	1.2364,	102,	'2016-08-17 00:00:00'),
(480,	'50-2421-B',	2,	2,	1.11346326,	1.2364,	101,	'2016-08-17 00:00:00'),
(481,	'50-2421-P',	1,	0,	0.05688,	0.00066,	NULL,	NULL),
(482,	'50-2421-P',	5,	0,	0,	0.00066,	NULL,	NULL),
(483,	'50-2421-P',	4,	0,	0,	0.00066,	NULL,	NULL),
(484,	'50-2421-P',	3,	0,	0.05688,	0.00066,	NULL,	NULL),
(485,	'50-2421-P',	2,	2,	0.05688,	0.00066,	101,	NULL),
(486,	'50-2711',	1,	0,	3.999,	3.7279,	NULL,	NULL),
(487,	'50-2711',	5,	0,	7.048,	3.7279,	NULL,	NULL),
(488,	'50-2711',	4,	4,	5.286,	3.7279,	101,	NULL),
(489,	'50-2711',	3,	3,	4.5812,	3.7279,	101,	NULL),
(490,	'50-2711',	2,	0,	3.999,	3.7279,	NULL,	NULL),
(491,	'50-2711-A',	1,	0,	1.1016,	1.859,	NULL,	NULL),
(492,	'50-2711-A',	5,	0,	1.1016,	1.859,	NULL,	NULL),
(493,	'50-2711-A',	4,	0,	1.1016,	1.859,	NULL,	NULL),
(494,	'50-2711-A',	3,	0,	1.1016,	1.859,	NULL,	NULL),
(495,	'50-2711-A',	2,	0,	1.11006,	1.859,	NULL,	NULL),
(496,	'50-2711-B',	1,	0,	1.3337,	1.5664,	NULL,	NULL),
(497,	'50-2711-B',	5,	0,	1.3337,	1.5664,	NULL,	NULL),
(498,	'50-2711-B',	4,	0,	1.3337,	1.5664,	NULL,	NULL),
(499,	'50-2711-B',	3,	0,	1.3337,	1.5664,	NULL,	NULL),
(500,	'50-2711-B',	2,	0,	1.11006,	1.5664,	NULL,	NULL),
(501,	'50-2711-C',	1,	0,	0.0122,	0.0011,	NULL,	NULL),
(502,	'50-2711-C',	5,	0,	0.0122,	0.0011,	NULL,	NULL),
(503,	'50-2711-C',	4,	0,	0.0122,	0.0011,	NULL,	NULL),
(504,	'50-2711-C',	3,	0,	0.0122,	0.0011,	NULL,	NULL),
(505,	'50-2711-C',	2,	0,	0.059985,	0.0011,	NULL,	NULL),
(506,	'50-2711-D',	1,	0,	1.5027,	0.297,	NULL,	NULL),
(507,	'50-2711-D',	5,	0,	1.5027,	0.297,	NULL,	NULL),
(508,	'50-2711-D',	4,	0,	1.5027,	0.297,	NULL,	NULL),
(509,	'50-2711-D',	3,	0,	1.5027,	0.297,	NULL,	NULL),
(510,	'50-2711-D',	2,	0,	0.23787,	0.297,	NULL,	NULL),
(511,	'50-2712',	1,	0,	1.8675,	2.235215,	NULL,	NULL),
(512,	'50-2712',	5,	0,	4.962,	2.235215,	NULL,	NULL),
(513,	'50-2712',	4,	4,	3.7215,	2.235215,	101,	NULL),
(514,	'50-2712',	3,	3,	3.2253,	2.235215,	101,	NULL),
(515,	'50-2712',	2,	0,	1.8675,	2.235215,	NULL,	NULL),
(516,	'50-2712-A',	1,	0,	0.9066,	1.0648,	NULL,	NULL),
(517,	'50-2712-A',	5,	0,	0.9066,	1.0648,	NULL,	NULL),
(518,	'50-2712-A',	4,	0,	0.9066,	1.0648,	NULL,	NULL),
(519,	'50-2712-A',	3,	0,	0.9066,	1.0648,	NULL,	NULL),
(520,	'50-2712-A',	2,	0,	0.781515,	1.0648,	NULL,	NULL),
(521,	'50-2712-B',	1,	0,	0.6629,	1.1187,	NULL,	NULL),
(522,	'50-2712-B',	5,	0,	0.6629,	1.1187,	NULL,	NULL),
(523,	'50-2712-B',	4,	0,	0.6629,	1.1187,	NULL,	NULL),
(524,	'50-2712-B',	3,	0,	0.6629,	1.1187,	NULL,	NULL),
(525,	'50-2712-B',	2,	0,	0.781515,	1.1187,	NULL,	NULL),
(526,	'50-2712-C',	1,	0,	0.0123,	0.001103,	NULL,	NULL),
(527,	'50-2712-C',	5,	0,	0.0123,	0.001103,	NULL,	NULL),
(528,	'50-2712-C',	4,	0,	0.0123,	0.001103,	NULL,	NULL),
(529,	'50-2712-C',	3,	0,	0.0123,	0.001103,	NULL,	NULL),
(530,	'50-2712-C',	2,	0,	0.04392,	0.001103,	NULL,	NULL),
(531,	'50-2712-D1',	1,	0,	0.2365,	0.0462,	NULL,	NULL),
(532,	'50-2712-D1',	5,	0,	0.2365,	0.0462,	NULL,	NULL),
(533,	'50-2712-D1',	4,	0,	0.2365,	0.0462,	NULL,	NULL),
(534,	'50-2712-D1',	3,	0,	0.2365,	0.0462,	NULL,	NULL),
(535,	'50-2712-D1',	2,	0,	0.0781515,	0.0462,	NULL,	NULL),
(536,	'50-2712-D2',	1,	0,	0.3006,	0.0594,	NULL,	NULL),
(537,	'50-2712-D2',	5,	0,	0.3006,	0.0594,	NULL,	NULL),
(538,	'50-2712-D2',	4,	0,	0.3006,	0.0594,	NULL,	NULL),
(539,	'50-2712-D2',	3,	0,	0.3006,	0.0594,	NULL,	NULL),
(540,	'50-2712-D2',	2,	0,	0.0781515,	0.0594,	NULL,	NULL),
(541,	'50-3104',	1,	0,	3.7029,	4.22235,	NULL,	NULL),
(542,	'50-3104',	5,	0,	10.75064,	4.22235,	NULL,	NULL),
(543,	'50-3104',	4,	0,	8.06298,	4.22235,	NULL,	NULL),
(544,	'50-3104',	3,	0,	6.987916,	4.22235,	NULL,	NULL),
(545,	'50-3104',	2,	0,	3.7029,	4.22235,	NULL,	NULL),
(546,	'50-3104-A',	1,	0,	1.1209,	2.376,	NULL,	NULL),
(547,	'50-3104-A',	5,	0,	1.1209,	2.376,	NULL,	NULL),
(548,	'50-3104-A',	4,	0,	1.1209,	2.376,	NULL,	NULL),
(549,	'50-3104-A',	3,	0,	1.1209,	2.376,	NULL,	NULL),
(550,	'50-3104-A',	2,	0,	1.66842,	2.376,	NULL,	NULL),
(551,	'50-3104-B',	1,	0,	1.0525,	1.485,	NULL,	NULL),
(552,	'50-3104-B',	5,	0,	1.0525,	1.485,	NULL,	NULL),
(553,	'50-3104-B',	4,	0,	1.0525,	1.485,	NULL,	NULL),
(554,	'50-3104-B',	3,	0,	1.0525,	1.485,	NULL,	NULL),
(555,	'50-3104-B',	2,	0,	1.63764,	1.485,	NULL,	NULL),
(556,	'50-3104-C',	1,	0,	1.1688,	0.231,	NULL,	NULL),
(557,	'50-3104-C',	5,	0,	1.1688,	0.231,	NULL,	NULL),
(558,	'50-3104-C',	4,	0,	1.1688,	0.231,	NULL,	NULL),
(559,	'50-3104-C',	3,	0,	1.1688,	0.231,	NULL,	NULL),
(560,	'50-3104-C',	2,	0,	0.3628125,	0.231,	NULL,	NULL),
(561,	'50-3104-D',	1,	0,	0.2003,	0.0396,	NULL,	NULL),
(562,	'50-3104-D',	5,	0,	0.2003,	0.0396,	NULL,	NULL),
(563,	'50-3104-D',	4,	0,	0.2003,	0.0396,	NULL,	NULL),
(564,	'50-3104-D',	3,	0,	0.2003,	0.0396,	NULL,	NULL),
(565,	'50-3104-D',	2,	0,	0.1209375,	0.0396,	NULL,	NULL),
(566,	'50-3104-E',	1,	0,	0.0401,	0.0385,	NULL,	NULL),
(567,	'50-3104-E',	5,	0,	0.0401,	0.0385,	NULL,	NULL),
(568,	'50-3104-E',	4,	0,	0.0401,	0.0385,	NULL,	NULL),
(569,	'50-3104-E',	3,	0,	0.0401,	0.0385,	NULL,	NULL),
(570,	'50-3104-E',	2,	0,	0.18432,	0.0385,	NULL,	NULL),
(571,	'50-3627-A',	1,	0,	1.453635,	1.32,	NULL,	'2016-08-17 00:00:00'),
(572,	'50-3627-A',	5,	0,	0,	1.32,	NULL,	NULL),
(573,	'50-3627-A',	4,	0,	0,	1.32,	NULL,	NULL),
(574,	'50-3627-A',	3,	3,	1.453635,	1.32,	101,	'2016-08-17 00:00:00'),
(575,	'50-3627-A',	2,	2,	1.453635,	1.32,	101,	'2016-08-17 00:00:00'),
(576,	'50-3627-B',	1,	0,	1.715225544,	2.12,	NULL,	'2016-08-17 00:00:00'),
(577,	'50-3627-B',	5,	0,	0,	2.12,	NULL,	NULL),
(578,	'50-3627-B',	4,	0,	0,	2.12,	NULL,	NULL),
(579,	'50-3627-B',	3,	3,	1.715225544,	2.12,	101,	'2016-08-17 00:00:00'),
(580,	'50-3627-B',	2,	2,	1.715225544,	2.12,	101,	'2016-08-17 00:00:00'),
(581,	'50-3627-C',	1,	0,	0.3216047895,	0.13,	NULL,	'2016-08-17 00:00:00'),
(582,	'50-3627-C',	5,	0,	0,	0.13,	NULL,	NULL),
(583,	'50-3627-C',	4,	0,	0,	0.13,	NULL,	NULL),
(584,	'50-3627-C',	3,	0,	0.3216047895,	0.13,	NULL,	'2016-08-17 00:00:00'),
(585,	'50-3627-C',	2,	2,	0.3216047895,	0.13,	101,	'2016-08-17 00:00:00'),
(586,	'50-3627-D',	1,	0,	0.09459,	0.006,	NULL,	NULL),
(587,	'50-3627-D',	5,	0,	0,	0.006,	NULL,	NULL),
(588,	'50-3627-D',	4,	0,	0,	0.006,	NULL,	NULL),
(589,	'50-3627-D',	3,	0,	0.09459,	0.006,	NULL,	NULL),
(590,	'50-3627-D',	2,	0,	0.09459,	0.006,	NULL,	NULL),
(591,	'50-3632',	1,	0,	0,	1.869622,	NULL,	NULL),
(592,	'50-3632',	5,	5,	7.3633,	1.869622,	102,	'2016-08-17 00:00:00'),
(593,	'50-3632',	4,	4,	5.522475,	1.869622,	102,	'2016-08-17 00:00:00'),
(594,	'50-3632',	3,	3,	4.786145,	1.869622,	101,	'2016-08-17 00:00:00'),
(595,	'50-3632',	2,	0,	0,	1.869622,	NULL,	NULL),
(596,	'50-3632-A',	1,	0,	1.133865,	0.9,	NULL,	NULL),
(597,	'50-3632-A',	5,	0,	0,	0.9,	NULL,	NULL),
(598,	'50-3632-A',	4,	0,	0,	0.9,	NULL,	NULL),
(599,	'50-3632-A',	3,	3,	1.133865,	0.9,	101,	'2016-08-17 00:00:00'),
(600,	'50-3632-A',	2,	2,	1.133865,	0.9,	101,	'2016-08-17 00:00:00'),
(601,	'50-3632-B',	1,	0,	1.350855,	0.96,	NULL,	'2016-08-17 00:00:00'),
(602,	'50-3632-B',	5,	0,	0,	0.96,	NULL,	NULL),
(603,	'50-3632-B',	4,	0,	0,	0.96,	NULL,	NULL),
(604,	'50-3632-B',	3,	3,	1.350855,	0.96,	101,	'2016-08-17 00:00:00'),
(605,	'50-3632-B',	2,	2,	1.350855,	0.96,	101,	'2016-08-17 00:00:00'),
(606,	'50-3632-C',	1,	0,	0.272636978625,	0.09,	NULL,	'2016-08-17 00:00:00'),
(607,	'50-3632-C',	5,	0,	0,	0.09,	NULL,	NULL),
(608,	'50-3632-C',	4,	0,	0,	0.09,	NULL,	NULL),
(609,	'50-3632-C',	3,	0,	0.272636978625,	0.09,	NULL,	NULL),
(610,	'50-3632-C',	2,	2,	0.272636978625,	0.09,	101,	'2016-08-17 00:00:00'),
(611,	'50-3632-D',	1,	0,	0.078615,	0.004,	NULL,	NULL),
(612,	'50-3632-D',	5,	0,	0,	0.004,	NULL,	NULL),
(613,	'50-3632-D',	4,	0,	0,	0.004,	NULL,	NULL),
(614,	'50-3632-D',	3,	0,	0.078615,	0.004,	NULL,	NULL),
(615,	'50-3632-D',	2,	0,	0.078615,	0.004,	NULL,	NULL),
(616,	'50-3828-A',	1,	0,	2.79,	0.01,	NULL,	NULL),
(617,	'50-3828-A',	5,	0,	2.79,	0.01,	NULL,	NULL),
(618,	'50-3828-A',	4,	0,	2.79,	0.01,	NULL,	NULL),
(619,	'50-3828-A',	3,	0,	2.79,	0.01,	NULL,	NULL),
(620,	'50-3828-A',	2,	0,	2.79,	0.01,	NULL,	NULL),
(621,	'50-3828-B',	1,	0,	2.79,	0.01,	NULL,	NULL),
(622,	'50-3828-B',	5,	0,	2.79,	0.01,	NULL,	NULL),
(623,	'50-3828-B',	4,	0,	2.79,	0.01,	NULL,	NULL),
(624,	'50-3828-B',	3,	0,	2.79,	0.01,	NULL,	NULL),
(625,	'50-3828-B',	2,	0,	2.79,	0.01,	NULL,	NULL),
(626,	'50-3828-C',	1,	0,	2.79,	0.01,	NULL,	NULL),
(627,	'50-3828-C',	5,	0,	2.79,	0.01,	NULL,	NULL),
(628,	'50-3828-C',	4,	0,	2.79,	0.01,	NULL,	NULL),
(629,	'50-3828-C',	3,	0,	2.79,	0.01,	NULL,	NULL),
(630,	'50-3828-C',	2,	0,	2.79,	0.01,	NULL,	NULL),
(631,	'50-3828-D',	1,	0,	2.79,	0.01,	NULL,	NULL),
(632,	'50-3828-D',	5,	0,	2.79,	0.01,	NULL,	NULL),
(633,	'50-3828-D',	4,	0,	2.79,	0.01,	NULL,	NULL),
(634,	'50-3828-D',	3,	0,	2.79,	0.01,	NULL,	NULL),
(635,	'50-3828-D',	2,	0,	2.79,	0.01,	NULL,	NULL),
(636,	'50-3830-A',	1,	0,	2.79,	0.01,	NULL,	NULL),
(637,	'50-3830-A',	5,	0,	2.79,	0.01,	NULL,	NULL),
(638,	'50-3830-A',	4,	0,	2.79,	0.01,	NULL,	NULL),
(639,	'50-3830-A',	3,	0,	2.79,	0.01,	NULL,	NULL),
(640,	'50-3830-A',	2,	0,	2.79,	0.01,	NULL,	NULL),
(641,	'50-3830-B',	1,	0,	2.79,	0.01,	NULL,	NULL),
(642,	'50-3830-B',	5,	0,	2.79,	0.01,	NULL,	NULL),
(643,	'50-3830-B',	4,	0,	2.79,	0.01,	NULL,	NULL),
(644,	'50-3830-B',	3,	0,	2.79,	0.01,	NULL,	NULL),
(645,	'50-3830-B',	2,	0,	2.79,	0.01,	NULL,	NULL),
(646,	'50-3830-C',	1,	0,	2.79,	0.01,	NULL,	NULL),
(647,	'50-3830-C',	5,	0,	2.79,	0.01,	NULL,	NULL),
(648,	'50-3830-C',	4,	0,	2.79,	0.01,	NULL,	NULL),
(649,	'50-3830-C',	3,	0,	2.79,	0.01,	NULL,	NULL),
(650,	'50-3830-C',	2,	0,	2.79,	0.01,	NULL,	NULL),
(651,	'50-3830-D',	1,	0,	2.79,	0.01,	NULL,	NULL),
(652,	'50-3830-D',	5,	0,	2.79,	0.01,	NULL,	NULL),
(653,	'50-3830-D',	4,	0,	2.79,	0.01,	NULL,	NULL),
(654,	'50-3830-D',	3,	0,	2.79,	0.01,	NULL,	NULL),
(655,	'50-3830-D',	2,	0,	2.79,	0.01,	NULL,	NULL),
(656,	'50-3833',	1,	0,	2.5142,	2.9092852,	NULL,	NULL),
(657,	'50-3833',	5,	0,	9.9323,	2.9092852,	NULL,	NULL),
(658,	'50-3833',	4,	0,	7.449225,	2.9092852,	NULL,	NULL),
(659,	'50-3833',	3,	0,	6.455995,	2.9092852,	NULL,	NULL),
(660,	'50-3833',	2,	0,	2.5142,	2.9092852,	NULL,	NULL),
(661,	'50-3833-A',	1,	0,	0.631,	1.3376,	NULL,	NULL),
(662,	'50-3833-A',	5,	0,	0.631,	1.3376,	NULL,	NULL),
(663,	'50-3833-A',	4,	0,	0.631,	1.3376,	NULL,	NULL),
(664,	'50-3833-A',	3,	0,	0.631,	1.3376,	NULL,	NULL),
(665,	'50-3833-A',	2,	0,	1.452285,	1.3376,	NULL,	NULL),
(666,	'50-3833-B',	1,	0,	0.7491,	1.3596,	NULL,	NULL),
(667,	'50-3833-B',	5,	0,	0.7491,	1.3596,	NULL,	NULL),
(668,	'50-3833-B',	4,	0,	0.7491,	1.3596,	NULL,	NULL),
(669,	'50-3833-B',	3,	0,	0.7491,	1.3596,	NULL,	NULL),
(670,	'50-3833-B',	2,	0,	1.50543,	1.3596,	NULL,	NULL),
(671,	'50-3833-C',	1,	0,	1.0153,	0.2006732,	NULL,	NULL),
(672,	'50-3833-C',	5,	0,	1.0153,	0.2006732,	NULL,	NULL),
(673,	'50-3833-C',	4,	0,	1.0153,	0.2006732,	NULL,	NULL),
(674,	'50-3833-C',	3,	0,	1.0153,	0.2006732,	NULL,	NULL),
(675,	'50-3833-C',	2,	0,	0.3641625,	0.2006732,	NULL,	NULL),
(676,	'50-3833-D',	1,	0,	0.0198,	0.001902,	NULL,	NULL),
(677,	'50-3833-D',	5,	0,	0.0198,	0.001902,	NULL,	NULL),
(678,	'50-3833-D',	4,	0,	0.0198,	0.001902,	NULL,	NULL),
(679,	'50-3833-D',	3,	0,	0.0198,	0.001902,	NULL,	NULL),
(680,	'50-3833-D',	2,	0,	0.092385,	0.001902,	NULL,	NULL),
(681,	'50-3844-A',	1,	0,	0,	0.01,	NULL,	NULL),
(682,	'50-3844-A',	5,	0,	0,	0.01,	NULL,	NULL),
(683,	'50-3844-A',	4,	0,	0,	0.01,	NULL,	NULL),
(684,	'50-3844-A',	3,	0,	0,	0.01,	NULL,	NULL),
(685,	'50-3844-A',	2,	0,	0,	0.01,	NULL,	NULL),
(686,	'50-3844-B',	1,	0,	0,	0.01,	NULL,	NULL),
(687,	'50-3844-B',	5,	0,	0,	0.01,	NULL,	NULL),
(688,	'50-3844-B',	4,	0,	0,	0.01,	NULL,	NULL),
(689,	'50-3844-B',	3,	0,	0,	0.01,	NULL,	NULL),
(690,	'50-3844-B',	2,	0,	0,	0.01,	NULL,	NULL),
(691,	'50-3844-D',	1,	0,	0,	0.01,	NULL,	NULL),
(692,	'50-3844-D',	5,	0,	0,	0.01,	NULL,	NULL),
(693,	'50-3844-D',	4,	0,	0,	0.01,	NULL,	NULL),
(694,	'50-3844-D',	3,	0,	0,	0.01,	NULL,	NULL),
(695,	'50-3844-D',	2,	0,	0,	0.01,	NULL,	NULL),
(696,	'50-4034',	1,	0,	3.2397,	2.767057,	NULL,	NULL),
(697,	'50-4034',	5,	0,	11.9902,	2.767057,	NULL,	NULL),
(698,	'50-4034',	4,	0,	8.99265,	2.767057,	NULL,	NULL),
(699,	'50-4034',	3,	0,	7.79363,	2.767057,	NULL,	NULL),
(700,	'50-4034',	2,	0,	3.2397,	2.767057,	NULL,	NULL),
(701,	'50-4034-A',	1,	0,	0.5046,	0.8976,	NULL,	NULL),
(702,	'50-4034-A',	5,	0,	0.5046,	0.8976,	NULL,	NULL),
(703,	'50-4034-A',	4,	0,	0.5046,	0.8976,	NULL,	NULL),
(704,	'50-4034-A',	3,	0,	0.5046,	0.8976,	NULL,	NULL),
(705,	'50-4034-A',	2,	0,	1.605285,	0.8976,	NULL,	NULL),
(706,	'50-4034-B',	1,	0,	0.7141,	1.5136,	NULL,	NULL),
(707,	'50-4034-B',	5,	0,	0.7141,	1.5136,	NULL,	NULL),
(708,	'50-4034-B',	4,	0,	0.7141,	1.5136,	NULL,	NULL),
(709,	'50-4034-B',	3,	0,	0.7141,	1.5136,	NULL,	NULL),
(710,	'50-4034-B',	2,	0,	1.69956,	1.5136,	NULL,	NULL),
(711,	'50-4034-C',	1,	0,	1.616,	0.319383,	NULL,	NULL),
(712,	'50-4034-C',	5,	0,	1.616,	0.319383,	NULL,	NULL),
(713,	'50-4034-C',	4,	0,	1.616,	0.319383,	NULL,	NULL),
(714,	'50-4034-C',	3,	0,	1.616,	0.319383,	NULL,	NULL),
(715,	'50-4034-C',	2,	0,	0.42957,	0.319383,	NULL,	NULL),
(716,	'50-4034-D',	1,	0,	0.0675,	0.006079,	NULL,	NULL),
(717,	'50-4034-D',	5,	0,	0.0675,	0.006079,	NULL,	NULL),
(718,	'50-4034-D',	4,	0,	0.0675,	0.006079,	NULL,	NULL),
(719,	'50-4034-D',	3,	0,	0.0675,	0.006079,	NULL,	NULL),
(720,	'50-4034-D',	2,	0,	0.128835,	0.006079,	NULL,	NULL),
(721,	'50-4059',	1,	0,	2.2516,	2.907474,	NULL,	NULL),
(722,	'50-4059',	5,	0,	10.5016,	2.907474,	NULL,	NULL),
(723,	'50-4059',	4,	0,	7.8762,	2.907474,	NULL,	NULL),
(724,	'50-4059',	3,	0,	6.82604,	2.907474,	NULL,	NULL),
(725,	'50-4059',	2,	0,	2.2516,	2.907474,	NULL,	NULL),
(726,	'50-4059-A',	1,	0,	0.9115,	1.5444,	NULL,	NULL),
(727,	'50-4059-A',	5,	0,	0.9115,	1.5444,	NULL,	NULL),
(728,	'50-4059-A',	4,	0,	0.9115,	1.5444,	NULL,	NULL),
(729,	'50-4059-A',	3,	0,	0.9115,	1.5444,	NULL,	NULL),
(730,	'50-4059-A',	2,	0,	1.70955,	1.5444,	NULL,	NULL),
(731,	'50-4059-B',	1,	0,	0.9351,	1.3266,	NULL,	NULL),
(732,	'50-4059-B',	5,	0,	0.9351,	1.3266,	NULL,	NULL),
(733,	'50-4059-B',	4,	0,	0.9351,	1.3266,	NULL,	NULL),
(734,	'50-4059-B',	3,	0,	0.9351,	1.3266,	NULL,	NULL),
(735,	'50-4059-B',	2,	0,	1.72017,	1.3266,	NULL,	NULL),
(736,	'50-4059-C',	1,	0,	0.0675,	0.006079,	NULL,	NULL),
(737,	'50-4059-C',	5,	0,	0.0675,	0.006079,	NULL,	NULL),
(738,	'50-4059-C',	4,	0,	0.0675,	0.006079,	NULL,	NULL),
(739,	'50-4059-C',	3,	0,	0.0675,	0.006079,	NULL,	NULL),
(740,	'50-4059-C',	2,	0,	0.12321,	0.006079,	NULL,	NULL),
(741,	'50-4523-A',	1,	0,	0,	0.94978,	NULL,	NULL),
(742,	'50-4523-A',	5,	0,	0,	0.94978,	NULL,	NULL),
(743,	'50-4523-A',	4,	0,	0,	0.94978,	NULL,	NULL),
(744,	'50-4523-A',	3,	0,	0,	0.94978,	NULL,	NULL),
(745,	'50-4523-A',	2,	0,	0,	0.94978,	NULL,	NULL),
(746,	'50-4523-B',	1,	0,	0,	1.486349,	NULL,	NULL),
(747,	'50-4523-B',	5,	0,	0,	1.486349,	NULL,	NULL),
(748,	'50-4523-B',	4,	0,	0,	1.486349,	NULL,	NULL),
(749,	'50-4523-B',	3,	0,	0,	1.486349,	NULL,	NULL),
(750,	'50-4523-B',	2,	0,	0,	1.486349,	NULL,	NULL),
(751,	'50-4523-C',	1,	0,	0,	0.0033078,	NULL,	NULL),
(752,	'50-4523-C',	5,	0,	0,	0.0033078,	NULL,	NULL),
(753,	'50-4523-C',	4,	0,	0,	0.0033078,	NULL,	NULL),
(754,	'50-4523-C',	3,	0,	0,	0.0033078,	NULL,	NULL),
(755,	'50-4523-C',	2,	0,	0,	0.0033078,	NULL,	NULL),
(756,	'50-4747',	1,	0,	0.6211,	1.067,	NULL,	NULL),
(757,	'50-4747',	5,	0,	2.128,	1.067,	NULL,	NULL),
(758,	'50-4747',	4,	0,	1.596,	1.067,	NULL,	NULL),
(759,	'50-4747',	3,	0,	1.3832,	1.067,	NULL,	NULL),
(760,	'50-4747',	2,	0,	0.9576,	1.067,	NULL,	NULL),
(761,	'50-4748',	1,	0,	0,	2,	NULL,	NULL),
(762,	'50-4748',	5,	5,	8.2344,	3.421611,	102,	'2016-08-17 00:00:00'),
(763,	'50-4748',	4,	4,	6.1758,	3.421611,	102,	'2016-08-17 00:00:00'),
(764,	'50-4748',	3,	3,	5.35236,	3.421611,	102,	'2016-08-17 00:00:00'),
(765,	'50-4748',	2,	0,	0,	2,	NULL,	NULL),
(766,	'50-4900',	1,	0,	0,	5.49087,	NULL,	NULL),
(767,	'50-4900',	5,	5,	18.0333,	5.49087,	102,	NULL),
(768,	'50-4900',	4,	4,	13.524975,	5.49087,	102,	'2016-08-17 00:00:00'),
(769,	'50-4900',	3,	3,	11.721645,	5.49087,	102,	'2016-08-17 00:00:00'),
(770,	'50-4900',	2,	2,	0,	5.49087,	NULL,	NULL),
(771,	'50-4900-A',	1,	0,	1.332495,	0.9592,	NULL,	NULL),
(772,	'50-4900-A',	5,	0,	0,	0.9592,	NULL,	NULL),
(773,	'50-4900-A',	4,	0,	0,	0.9592,	NULL,	NULL),
(774,	'50-4900-A',	3,	3,	1.332495,	0.9592,	102,	'2016-08-17 00:00:00'),
(775,	'50-4900-A',	2,	2,	1.332495,	0.9592,	101,	'2016-08-17 00:00:00'),
(776,	'50-4900-B',	1,	0,	2.0028649811625,	3.0008,	NULL,	NULL),
(777,	'50-4900-B',	5,	0,	0,	3.0008,	NULL,	NULL),
(778,	'50-4900-B',	4,	0,	0,	3.0008,	NULL,	NULL),
(779,	'50-4900-B',	3,	3,	2.0028649811625,	3.0008,	102,	'2016-08-17 00:00:00'),
(780,	'50-4900-B',	2,	2,	2.0028649811625,	3.0008,	101,	'2016-08-17 00:00:00'),
(781,	'50-4900-D',	1,	0,	0.162495,	0.00208784,	NULL,	NULL),
(782,	'50-4900-D',	5,	0,	0.162495,	0.00208784,	NULL,	NULL),
(783,	'50-4900-D',	4,	0,	0.162495,	0.00208784,	NULL,	NULL),
(784,	'50-4900-D',	3,	0,	0.162495,	0.00208784,	NULL,	NULL),
(785,	'50-4900-D',	2,	2,	0.162495,	0.00208784,	101,	NULL),
(786,	'50-4900-E',	1,	0,	1.4306178436875,	1.518,	NULL,	NULL),
(787,	'50-4900-E',	5,	0,	0,	1.518,	NULL,	NULL),
(788,	'50-4900-E',	4,	0,	0,	1.518,	NULL,	NULL),
(789,	'50-4900-E',	3,	3,	1.4306178436875,	1.518,	102,	'2016-08-17 00:00:00'),
(790,	'50-4900-E',	2,	2,	1.4306178436875,	1.518,	101,	'2016-08-17 00:00:00'),
(791,	'50-4900-P1',	1,	0,	0.134505,	0.00198,	NULL,	NULL),
(792,	'50-4900-P1',	5,	0,	0,	0.00198,	NULL,	NULL),
(793,	'50-4900-P1',	4,	0,	0,	0.00198,	NULL,	NULL),
(794,	'50-4900-P1',	3,	0,	0.134505,	0.00198,	NULL,	NULL),
(795,	'50-4900-P1',	2,	0,	0.134505,	0.00198,	NULL,	NULL),
(796,	'50-4900-P2',	1,	0,	0.126225,	0.00077,	NULL,	NULL),
(797,	'50-4900-P2',	5,	0,	0,	0.00077,	NULL,	NULL),
(798,	'50-4900-P2',	4,	0,	0,	0.00077,	NULL,	NULL),
(799,	'50-4900-P2',	3,	0,	0.126225,	0.00077,	NULL,	NULL),
(800,	'50-4900-P2',	2,	0,	0.126225,	0.00077,	NULL,	NULL),
(801,	'50-4916',	1,	0,	0,	1.67992,	NULL,	NULL),
(802,	'50-4916',	5,	0,	7.1497,	1.67992,	NULL,	NULL),
(803,	'50-4916',	4,	4,	5.362275,	1.67992,	102,	'2016-08-17 00:00:00'),
(804,	'50-4916',	3,	3,	4.647305,	1.67992,	102,	'2016-08-17 00:00:00'),
(805,	'50-4916',	2,	0,	0,	1.67992,	NULL,	NULL),
(806,	'50-4916-A',	1,	0,	0.792135,	0.5852,	NULL,	NULL),
(807,	'50-4916-A',	5,	0,	0,	0.5852,	NULL,	NULL),
(808,	'50-4916-A',	4,	0,	0,	0.5852,	NULL,	NULL),
(809,	'50-4916-A',	3,	3,	0.792135,	0.5852,	102,	'2016-08-17 00:00:00'),
(810,	'50-4916-A',	2,	2,	0.792135,	0.5852,	101,	'2016-08-17 00:00:00'),
(811,	'50-4916-B',	1,	0,	0.9696307257,	1.0912,	NULL,	NULL),
(812,	'50-4916-B',	5,	0,	0,	1.0912,	NULL,	NULL),
(813,	'50-4916-B',	4,	0,	0,	1.0912,	NULL,	NULL),
(814,	'50-4916-B',	3,	3,	0.9696307257,	1.0912,	102,	'2016-08-17 00:00:00'),
(815,	'50-4916-B',	2,	2,	0.9696307257,	1.0912,	101,	'2016-08-17 00:00:00'),
(816,	'50-4916-C',	1,	0,	0.05616,	0.000926184,	NULL,	NULL),
(817,	'50-4916-C',	5,	0,	0,	0.000926184,	NULL,	NULL),
(818,	'50-4916-C',	4,	0,	0,	0.000926184,	NULL,	NULL),
(819,	'50-4916-C',	3,	0,	0.05616,	0.000926184,	NULL,	NULL),
(820,	'50-4916-C',	2,	2,	0.05616,	0.000926184,	101,	NULL),
(821,	'50-4916-P',	1,	0,	0.05616,	0.00088,	NULL,	NULL),
(822,	'50-4916-P',	5,	0,	0,	0.00088,	NULL,	NULL),
(823,	'50-4916-P',	4,	0,	0,	0.00088,	NULL,	NULL),
(824,	'50-4916-P',	3,	0,	0.05616,	0.00088,	NULL,	NULL),
(825,	'50-4916-P',	2,	0,	0.05616,	0.00088,	NULL,	NULL),
(826,	'50-5547',	1,	0,	0.8136,	1.39771,	NULL,	NULL),
(827,	'50-5547',	5,	0,	1.692,	1.39771,	NULL,	NULL),
(828,	'50-5547',	4,	0,	1.269,	1.39771,	NULL,	NULL),
(829,	'50-5547',	3,	0,	1.0998,	1.39771,	NULL,	NULL),
(830,	'50-5547',	2,	0,	0.7614,	1.39771,	NULL,	NULL),
(831,	'50-5710',	1,	0,	0,	4.86607,	NULL,	NULL),
(832,	'50-5710',	5,	5,	8.751105,	4.86607,	103,	'2016-08-17 00:00:00'),
(833,	'50-5710',	4,	4,	6.56332875,	4.86607,	103,	'2016-08-17 00:00:00'),
(834,	'50-5710',	3,	3,	5.68821825,	4.86607,	103,	'2016-08-17 00:00:00'),
(835,	'50-5710',	2,	0,	0,	4.86607,	NULL,	NULL),
(836,	'50-5710-A',	1,	0,	1.3782990375,	1.573,	NULL,	'2016-08-17 00:00:00'),
(837,	'50-5710-A',	5,	0,	0,	1.573,	NULL,	NULL),
(838,	'50-5710-A',	4,	0,	0,	1.573,	NULL,	NULL),
(839,	'50-5710-A',	3,	3,	1.3782990375,	1.573,	103,	'2016-08-17 00:00:00'),
(840,	'50-5710-A',	2,	0,	1.3782990375,	1.573,	NULL,	'2016-08-17 00:00:00'),
(841,	'50-5710-B',	1,	0,	1.5751989,	3.014,	NULL,	'2016-08-17 00:00:00'),
(842,	'50-5710-B',	5,	0,	0,	3.014,	NULL,	NULL),
(843,	'50-5710-B',	4,	0,	0,	3.014,	NULL,	NULL),
(844,	'50-5710-B',	3,	3,	1.5751989,	3.014,	103,	'2016-08-17 00:00:00'),
(845,	'50-5710-B',	2,	0,	1.5751989,	3.014,	NULL,	'2016-08-17 00:00:00'),
(846,	'50-5710-C',	1,	0,	0.238089047625,	0.1474,	NULL,	NULL),
(847,	'50-5710-C',	5,	0,	0,	0.1474,	NULL,	NULL),
(848,	'50-5710-C',	4,	0,	0,	0.1474,	NULL,	NULL),
(849,	'50-5710-C',	3,	0,	0.238089047625,	0.1474,	NULL,	NULL),
(850,	'50-5710-C',	2,	0,	0.238089047625,	0.1474,	NULL,	NULL),
(851,	'50-5710-D',	1,	0,	0.07011,	0.04389,	NULL,	NULL),
(852,	'50-5710-D',	5,	0,	0,	0.04389,	NULL,	NULL),
(853,	'50-5710-D',	4,	0,	0,	0.04389,	NULL,	NULL),
(854,	'50-5710-D',	3,	0,	0.07011,	0.04389,	NULL,	NULL),
(855,	'50-5710-D',	2,	0,	0.07011,	0.04389,	NULL,	NULL),
(856,	'50-5748',	1,	0,	0.8119,	1.3948,	NULL,	NULL),
(857,	'50-5748',	5,	0,	1.68112,	1.3948,	NULL,	NULL),
(858,	'50-5748',	4,	0,	1.26084,	1.3948,	NULL,	NULL),
(859,	'50-5748',	3,	0,	1.092728,	1.3948,	NULL,	NULL),
(860,	'50-5748',	2,	0,	0.756504,	1.3948,	NULL,	NULL),
(861,	'50-5810',	1,	0,	2.07,	5.2217,	NULL,	NULL),
(862,	'50-5810',	5,	5,	6.1373,	5.2217,	103,	NULL),
(863,	'50-5810',	4,	4,	4.6029,	5.2217,	103,	NULL),
(864,	'50-5810',	3,	3,	3.9892,	5.2217,	103,	NULL),
(865,	'50-5810',	2,	0,	2.07,	5.2217,	NULL,	NULL),
(866,	'50-5810-A',	1,	0,	0.9666,	1.826,	NULL,	NULL),
(867,	'50-5810-A',	5,	0,	0.9666,	1.826,	NULL,	NULL),
(868,	'50-5810-A',	4,	0,	0.9666,	1.826,	NULL,	NULL),
(869,	'50-5810-A',	3,	3,	0.9666,	1.826,	103,	NULL),
(870,	'50-5810-A',	2,	0,	0.9666,	1.826,	NULL,	NULL),
(871,	'50-5810-B',	1,	0,	1.1047,	3.102,	NULL,	NULL),
(872,	'50-5810-B',	5,	0,	1.1047,	3.102,	NULL,	NULL),
(873,	'50-5810-B',	4,	0,	1.1047,	3.102,	NULL,	NULL),
(874,	'50-5810-B',	3,	3,	1.1047,	3.102,	103,	NULL),
(875,	'50-5810-B',	2,	0,	1.1047,	3.102,	NULL,	NULL),
(876,	'50-5810-C',	1,	0,	0.7458,	0.1474,	NULL,	NULL),
(877,	'50-5810-C',	5,	0,	0.7458,	0.1474,	NULL,	NULL),
(878,	'50-5810-C',	4,	0,	0.7458,	0.1474,	NULL,	NULL),
(879,	'50-5810-C',	3,	0,	0.7458,	0.1474,	NULL,	NULL),
(880,	'50-5810-C',	2,	0,	0.2784375,	0.1474,	NULL,	NULL),
(881,	'50-5810-D',	1,	0,	0.321,	0.02926,	NULL,	NULL),
(882,	'50-5810-D',	5,	0,	0.321,	0.02926,	NULL,	NULL),
(883,	'50-5810-D',	4,	0,	0.321,	0.02926,	NULL,	NULL),
(884,	'50-5810-D',	3,	0,	0.321,	0.02926,	NULL,	NULL),
(885,	'50-5810-D',	2,	0,	0.0928125,	0.02926,	NULL,	NULL),
(886,	'50-6284-1',	1,	0,	0.321,	0.156569,	NULL,	NULL),
(887,	'50-6284-1',	5,	0,	0.321,	0.156569,	NULL,	NULL),
(888,	'50-6284-1',	4,	0,	0.321,	0.156569,	NULL,	NULL),
(889,	'50-6284-1',	3,	0,	0.321,	0.156569,	NULL,	NULL),
(890,	'50-6284-1',	2,	2,	0.321,	0.156569,	101,	NULL),
(891,	'50-6549',	1,	0,	1.45,	4.87564,	NULL,	NULL),
(892,	'50-6549',	5,	5,	4.1468,	4.87564,	103,	NULL),
(893,	'50-6549',	4,	4,	3.1101,	4.87564,	103,	NULL),
(894,	'50-6549',	3,	3,	2.6954,	4.87564,	103,	NULL),
(895,	'50-6549',	2,	0,	1.45,	4.87564,	NULL,	NULL),
(896,	'50-6549-A',	1,	0,	0.6531,	1.6852,	NULL,	NULL),
(897,	'50-6549-A',	5,	0,	0.6531,	1.6852,	NULL,	NULL),
(898,	'50-6549-A',	4,	0,	0.6531,	1.6852,	NULL,	NULL),
(899,	'50-6549-A',	3,	3,	0.6531,	1.6852,	103,	NULL),
(900,	'50-6549-A',	2,	0,	0.6531,	1.6852,	NULL,	NULL),
(901,	'50-6549-B',	1,	0,	0.7464,	3.0426,	NULL,	NULL),
(902,	'50-6549-B',	5,	0,	0.7464,	3.0426,	NULL,	NULL),
(903,	'50-6549-B',	4,	0,	0.7464,	3.0426,	NULL,	NULL),
(904,	'50-6549-B',	3,	3,	0.7464,	3.0426,	103,	NULL),
(905,	'50-6549-B',	2,	0,	0.7464,	3.0426,	NULL,	NULL),
(906,	'50-6549-C',	1,	0,	0.6679,	0.132,	NULL,	NULL),
(907,	'50-6549-C',	5,	0,	0.6679,	0.132,	NULL,	NULL),
(908,	'50-6549-C',	4,	0,	0.6679,	0.132,	NULL,	NULL),
(909,	'50-6549-C',	3,	0,	0.6679,	0.132,	NULL,	NULL),
(910,	'50-6549-C',	2,	0,	0.1798632,	0.132,	NULL,	NULL),
(911,	'50-6549-D',	1,	0,	0.029,	0.00264,	NULL,	NULL),
(912,	'50-6549-D',	5,	0,	0.029,	0.00264,	NULL,	NULL),
(913,	'50-6549-D',	4,	0,	0.029,	0.00264,	NULL,	NULL),
(914,	'50-6549-D',	3,	0,	0.029,	0.00264,	NULL,	NULL),
(915,	'50-6549-D',	2,	0,	0.05427,	0.00264,	NULL,	NULL),
(916,	'50-6686',	1,	0,	0,	9.8054,	NULL,	NULL),
(917,	'50-6686',	5,	5,	23.437,	9.8054,	102,	'2016-08-17 00:00:00'),
(918,	'50-6686',	4,	4,	17.57775,	9.8054,	102,	'2016-08-17 00:00:00'),
(919,	'50-6686',	3,	3,	15.23405,	9.8054,	102,	'2016-08-17 00:00:00'),
(920,	'50-6686',	2,	0,	0,	9.8054,	NULL,	NULL),
(921,	'50-6686-A',	1,	0,	1.717652547,	2.0042,	NULL,	NULL),
(922,	'50-6686-A',	5,	0,	0,	2.0042,	NULL,	NULL),
(923,	'50-6686-A',	4,	0,	0,	2.0042,	NULL,	NULL),
(924,	'50-6686-A',	3,	3,	1.717652547,	2.0042,	102,	'2016-08-17 00:00:00'),
(925,	'50-6686-A',	2,	2,	1.717652547,	2.0042,	101,	'2016-08-17 00:00:00'),
(926,	'50-6686-B',	1,	0,	2.4047135658,	4.8884,	NULL,	NULL),
(927,	'50-6686-B',	5,	0,	0,	4.8884,	NULL,	NULL),
(928,	'50-6686-B',	4,	0,	0,	4.8884,	NULL,	NULL),
(929,	'50-6686-B',	3,	3,	2.4047135658,	4.8884,	102,	'2016-08-17 00:00:00'),
(930,	'50-6686-B',	2,	2,	2.4047135658,	4.8884,	101,	'2016-08-17 00:00:00'),
(931,	'50-6686-D',	1,	0,	0.14787,	0.00264,	NULL,	NULL),
(932,	'50-6686-D',	5,	0,	0,	0.00264,	NULL,	NULL),
(933,	'50-6686-D',	4,	0,	0,	0.00264,	NULL,	NULL),
(934,	'50-6686-D',	3,	0,	0.14787,	0.00264,	NULL,	NULL),
(935,	'50-6686-D',	2,	2,	0.14787,	0.00264,	101,	NULL),
(936,	'50-6686-E',	1,	0,	1.717652547,	2.8864,	NULL,	NULL),
(937,	'50-6686-E',	5,	0,	0,	2.8864,	NULL,	NULL),
(938,	'50-6686-E',	4,	0,	0,	2.8864,	NULL,	NULL),
(939,	'50-6686-E',	3,	3,	1.717652547,	2.8864,	102,	'2016-08-17 00:00:00'),
(940,	'50-6686-E',	2,	0,	1.717652547,	2.8864,	NULL,	NULL),
(941,	'50-6686-F',	1,	0,	0.15399,	0.00352,	NULL,	NULL),
(942,	'50-6686-F',	5,	0,	0,	0.00352,	NULL,	NULL),
(943,	'50-6686-F',	4,	0,	0,	0.00352,	NULL,	NULL),
(944,	'50-6686-F',	3,	0,	0.15399,	0.00352,	NULL,	NULL),
(945,	'50-6686-F',	2,	0,	0.15399,	0.00352,	NULL,	NULL),
(946,	'50-6729',	1,	0,	0,	10.540156,	NULL,	NULL),
(947,	'50-6729',	5,	0,	24.6892464,	10.540156,	NULL,	'2016-08-17 00:00:00'),
(948,	'50-6729',	4,	4,	18.5169348,	10.540156,	102,	'2016-08-17 00:00:00'),
(949,	'50-6729',	3,	3,	16.04801016,	10.540156,	102,	'2016-08-17 00:00:00'),
(950,	'50-6729',	2,	0,	0,	10.540156,	NULL,	NULL),
(951,	'50-6729-A',	1,	0,	1.805401143,	2.145,	NULL,	'2016-08-17 00:00:00'),
(952,	'50-6729-A',	5,	0,	0,	2.145,	NULL,	NULL),
(953,	'50-6729-A',	4,	0,	0,	2.145,	NULL,	NULL),
(954,	'50-6729-A',	3,	3,	1.805401143,	2.145,	102,	'2016-08-17 00:00:00'),
(955,	'50-6729-A',	2,	2,	1.805401143,	2.145,	101,	'2016-08-17 00:00:00'),
(956,	'50-6729-B',	1,	0,	2.5275616002,	5.2954,	NULL,	'2016-08-17 00:00:00'),
(957,	'50-6729-B',	5,	0,	0,	5.2954,	NULL,	NULL),
(958,	'50-6729-B',	4,	0,	0,	5.2954,	NULL,	NULL),
(959,	'50-6729-B',	3,	3,	2.5275616002,	5.2954,	102,	'2016-08-17 00:00:00'),
(960,	'50-6729-B',	2,	2,	2.5275616002,	5.2954,	101,	'2016-08-17 00:00:00'),
(961,	'50-6729-C',	1,	0,	0.00293,	3.972818,	NULL,	NULL),
(962,	'50-6729-C',	5,	0,	0,	3.972818,	NULL,	NULL),
(963,	'50-6729-C',	4,	0,	0,	3.972818,	NULL,	NULL),
(964,	'50-6729-C',	3,	0,	0.00293,	3.972818,	NULL,	NULL),
(965,	'50-6729-C',	2,	2,	0.00293,	3.972818,	101,	NULL),
(966,	'50-6729-D',	1,	0,	0.0044,	0.00330778,	NULL,	NULL),
(967,	'50-6729-D',	5,	0,	0,	0.00330778,	NULL,	NULL),
(968,	'50-6729-D',	4,	0,	0,	0.00330778,	NULL,	NULL),
(969,	'50-6729-D',	3,	0,	0.0044,	0.00330778,	NULL,	NULL),
(970,	'50-6729-D',	2,	2,	0.0044,	0.00330778,	101,	NULL),
(971,	'50-6729-E',	1,	0,	1.805401143,	3.069,	NULL,	'2016-08-17 00:00:00'),
(972,	'50-6729-E',	5,	0,	0,	3.069,	NULL,	NULL),
(973,	'50-6729-E',	4,	0,	0,	3.069,	NULL,	NULL),
(974,	'50-6729-E',	3,	3,	1.805401143,	3.069,	102,	'2016-08-17 00:00:00'),
(975,	'50-6729-E',	2,	0,	1.805401143,	3.069,	NULL,	'2016-08-17 00:00:00'),
(976,	'50-6729-P1',	1,	0,	0.154575,	0.002926,	NULL,	NULL),
(977,	'50-6729-P1',	5,	0,	0,	0.002926,	NULL,	NULL),
(978,	'50-6729-P1',	4,	0,	0,	0.002926,	NULL,	NULL),
(979,	'50-6729-P1',	3,	0,	0.154575,	0.002926,	NULL,	NULL),
(980,	'50-6729-P1',	2,	0,	0.154575,	0.002926,	NULL,	NULL),
(981,	'50-6729-P2',	1,	0,	0.160695,	0.0044,	NULL,	NULL),
(982,	'50-6729-P2',	5,	0,	0,	0.0044,	NULL,	NULL),
(983,	'50-6729-P2',	4,	0,	0,	0.0044,	NULL,	NULL),
(984,	'50-6729-P2',	3,	0,	0.160695,	0.0044,	NULL,	NULL),
(985,	'50-6729-P2',	2,	0,	0.160695,	0.0044,	NULL,	NULL),
(986,	'50-6741',	1,	0,	0,	2.569058,	NULL,	NULL),
(987,	'50-6741',	5,	0,	0,	2.569058,	NULL,	NULL),
(988,	'50-6741',	4,	0,	0,	2.569058,	NULL,	NULL),
(989,	'50-6741',	3,	0,	0,	2.569058,	NULL,	NULL),
(990,	'50-6741',	2,	0,	0,	2.569058,	NULL,	NULL),
(991,	'50-6741-1',	1,	0,	0,	0.156569,	NULL,	NULL),
(992,	'50-6741-1',	5,	0,	0,	0.156569,	NULL,	NULL),
(993,	'50-6741-1',	4,	0,	0,	0.156569,	NULL,	NULL),
(994,	'50-6741-1',	3,	0,	0,	0.156569,	NULL,	NULL),
(995,	'50-6741-1',	2,	0,	0,	0.156569,	NULL,	NULL),
(996,	'50-7050',	1,	0,	3.6596,	5.9037,	NULL,	NULL),
(997,	'50-7050',	5,	0,	18.7956,	5.9037,	NULL,	NULL),
(998,	'50-7050',	4,	0,	14.0967,	5.9037,	NULL,	NULL),
(999,	'50-7050',	3,	0,	12.21714,	5.9037,	NULL,	NULL),
(1000,	'50-7050',	2,	0,	3.6596,	5.9037,	NULL,	NULL),
(1001,	'50-7050-A',	1,	0,	0.7272,	1.2276,	NULL,	NULL),
(1002,	'50-7050-A',	5,	0,	0.7272,	1.2276,	NULL,	NULL),
(1003,	'50-7050-A',	4,	0,	0.7272,	1.2276,	NULL,	NULL),
(1004,	'50-7050-A',	3,	0,	0.7272,	1.2276,	NULL,	NULL),
(1005,	'50-7050-A',	2,	0,	1.43406,	1.2276,	NULL,	NULL),
(1006,	'50-7050-B',	1,	0,	1.6785,	2.8336,	NULL,	NULL),
(1007,	'50-7050-B',	5,	0,	1.6785,	2.8336,	NULL,	NULL),
(1008,	'50-7050-B',	4,	0,	1.6785,	2.8336,	NULL,	NULL),
(1009,	'50-7050-B',	3,	0,	1.6785,	2.8336,	NULL,	NULL),
(1010,	'50-7050-B',	2,	0,	1.60992,	2.8336,	NULL,	NULL),
(1011,	'50-7050-E',	1,	0,	1.0817,	1.826,	NULL,	NULL),
(1012,	'50-7050-E',	5,	0,	1.0817,	1.826,	NULL,	NULL),
(1013,	'50-7050-E',	4,	0,	1.0817,	1.826,	NULL,	NULL),
(1014,	'50-7050-E',	3,	0,	1.0817,	1.826,	NULL,	NULL),
(1015,	'50-7050-E',	2,	0,	1.593585,	1.826,	NULL,	NULL),
(1016,	'50-7050-P1',	1,	0,	0.0207,	0.00198,	NULL,	NULL),
(1017,	'50-7050-P1',	5,	0,	0.0207,	0.00198,	NULL,	NULL),
(1018,	'50-7050-P1',	4,	0,	0.0207,	0.00198,	NULL,	NULL),
(1019,	'50-7050-P1',	3,	0,	0.0207,	0.00198,	NULL,	NULL),
(1020,	'50-7050-P1',	2,	0,	0.120015,	0.00198,	NULL,	NULL),
(1021,	'50-7050-P2',	1,	0,	0.016,	0.00154,	NULL,	NULL),
(1022,	'50-7050-P2',	5,	0,	0.016,	0.00154,	NULL,	NULL),
(1023,	'50-7050-P2',	4,	0,	0.016,	0.00154,	NULL,	NULL),
(1024,	'50-7050-P2',	3,	0,	0.016,	0.00154,	NULL,	NULL),
(1025,	'50-7050-P2',	2,	0,	0.1179,	0.00154,	NULL,	NULL),
(1026,	'50-7627',	1,	0,	0,	0.07,	NULL,	NULL),
(1027,	'50-7627',	5,	0,	0,	0.07,	NULL,	NULL),
(1028,	'50-7627',	4,	0,	0,	0.07,	NULL,	NULL),
(1029,	'50-7627',	3,	0,	0,	0.07,	NULL,	NULL),
(1030,	'50-7627',	2,	0,	0,	0.07,	NULL,	NULL),
(1031,	'50-7875',	1,	0,	2.15,	4.82944,	NULL,	NULL),
(1032,	'50-7875',	5,	5,	4.5952,	4.82944,	103,	NULL),
(1033,	'50-7875',	4,	4,	3.4464,	4.82944,	103,	NULL),
(1034,	'50-7875',	3,	3,	2.9869,	4.82944,	103,	NULL),
(1035,	'50-7875',	2,	0,	2.15,	4.82944,	NULL,	NULL),
(1036,	'50-7875-A',	1,	0,	0.7671,	1.639,	NULL,	NULL),
(1037,	'50-7875-A',	5,	0,	0.7671,	1.639,	NULL,	NULL),
(1038,	'50-7875-A',	4,	0,	0.7671,	1.639,	NULL,	NULL),
(1039,	'50-7875-A',	3,	3,	0.7671,	1.639,	103,	NULL),
(1040,	'50-7875-A',	2,	0,	0.9284184,	1.639,	NULL,	NULL),
(1041,	'50-8066-A',	1,	0,	0,	0.94824,	NULL,	NULL),
(1042,	'50-8066-A',	5,	0,	0,	0.94824,	NULL,	NULL),
(1043,	'50-8066-A',	4,	0,	0,	0.94824,	NULL,	NULL),
(1044,	'50-8066-A',	3,	0,	0,	0.94824,	NULL,	NULL),
(1045,	'50-8066-A',	2,	0,	0,	0.94824,	NULL,	NULL),
(1046,	'50-8066-B',	1,	0,	0,	1.07283,	NULL,	NULL),
(1047,	'50-8066-B',	5,	0,	0,	1.07283,	NULL,	NULL),
(1048,	'50-8066-B',	4,	0,	0,	1.07283,	NULL,	NULL),
(1049,	'50-8066-B',	3,	0,	0,	1.07283,	NULL,	NULL),
(1050,	'50-8066-B',	2,	0,	0,	1.07283,	NULL,	NULL),
(1051,	'50-8066-C',	1,	0,	0,	0.099234,	NULL,	NULL),
(1052,	'50-8066-C',	5,	0,	0,	0.099234,	NULL,	NULL),
(1053,	'50-8066-C',	4,	0,	0,	0.099234,	NULL,	NULL),
(1054,	'50-8066-C',	3,	0,	0,	0.099234,	NULL,	NULL),
(1055,	'50-8066-C',	2,	0,	0,	0.099234,	NULL,	NULL),
(1056,	'50-8066-D',	1,	0,	0,	0.011028,	NULL,	NULL),
(1057,	'50-8066-D',	5,	0,	0,	0.011028,	NULL,	NULL),
(1058,	'50-8066-D',	4,	0,	0,	0.011028,	NULL,	NULL),
(1059,	'50-8066-D',	3,	0,	0,	0.011028,	NULL,	NULL),
(1060,	'50-8066-D',	2,	0,	0,	0.011028,	NULL,	NULL),
(1061,	'50-8438-A',	1,	0,	0,	1.473409,	NULL,	NULL),
(1062,	'50-8438-A',	5,	0,	0,	1.473409,	NULL,	NULL),
(1063,	'50-8438-A',	4,	0,	0,	1.473409,	NULL,	NULL),
(1064,	'50-8438-A',	3,	0,	0,	1.473409,	NULL,	NULL),
(1065,	'50-8438-A',	2,	0,	0,	1.473409,	NULL,	NULL),
(1066,	'50-8438-B',	1,	0,	0,	2.815639,	NULL,	NULL),
(1067,	'50-8438-B',	5,	0,	0,	2.815639,	NULL,	NULL),
(1068,	'50-8438-B',	4,	0,	0,	2.815639,	NULL,	NULL),
(1069,	'50-8438-B',	3,	0,	0,	2.815639,	NULL,	NULL),
(1070,	'50-8438-B',	2,	0,	0,	2.815639,	NULL,	NULL),
(1071,	'50-8438-C',	1,	0,	0,	0.006615,	NULL,	NULL),
(1072,	'50-8438-C',	5,	0,	0,	0.006615,	NULL,	NULL),
(1073,	'50-8438-C',	4,	0,	0,	0.006615,	NULL,	NULL),
(1074,	'50-8438-C',	3,	0,	0,	0.006615,	NULL,	NULL),
(1075,	'50-8438-C',	2,	0,	0,	0.006615,	NULL,	NULL),
(1076,	'50-8467-A',	1,	0,	0,	3.892983,	NULL,	NULL),
(1077,	'50-8467-A',	5,	0,	0,	3.892983,	NULL,	NULL),
(1078,	'50-8467-A',	4,	0,	0,	3.892983,	NULL,	NULL),
(1079,	'50-8467-A',	3,	0,	0,	3.892983,	NULL,	NULL),
(1080,	'50-8467-A',	2,	0,	0,	3.892983,	NULL,	NULL),
(1081,	'50-8467-B',	1,	0,	0,	2.952247,	NULL,	NULL),
(1082,	'50-8467-B',	5,	0,	0,	2.952247,	NULL,	NULL),
(1083,	'50-8467-B',	4,	0,	0,	2.952247,	NULL,	NULL),
(1084,	'50-8467-B',	3,	0,	0,	2.952247,	NULL,	NULL),
(1085,	'50-8467-B',	2,	0,	0,	2.952247,	NULL,	NULL),
(1086,	'50-8467-C',	1,	0,	0,	4.232908,	NULL,	NULL),
(1087,	'50-8467-C',	5,	0,	0,	4.232908,	NULL,	NULL),
(1088,	'50-8467-C',	4,	0,	0,	4.232908,	NULL,	NULL),
(1089,	'50-8467-C',	3,	0,	0,	4.232908,	NULL,	NULL),
(1090,	'50-8467-C',	2,	0,	0,	4.232908,	NULL,	NULL),
(1091,	'50-8467-D',	1,	0,	0,	0.084658,	NULL,	NULL),
(1092,	'50-8467-D',	5,	0,	0,	0.084658,	NULL,	NULL),
(1093,	'50-8467-D',	4,	0,	0,	0.084658,	NULL,	NULL),
(1094,	'50-8467-D',	3,	0,	0,	0.084658,	NULL,	NULL),
(1095,	'50-8467-D',	2,	0,	0,	0.084658,	NULL,	NULL),
(1096,	'50-8467-E',	1,	0,	0,	0.0099225,	NULL,	NULL),
(1097,	'50-8467-E',	5,	0,	0,	0.0099225,	NULL,	NULL),
(1098,	'50-8467-E',	4,	0,	0,	0.0099225,	NULL,	NULL),
(1099,	'50-8467-E',	3,	0,	0,	0.0099225,	NULL,	NULL),
(1100,	'50-8467-E',	2,	0,	0,	0.0099225,	NULL,	NULL),
(1101,	'50-9252',	1,	0,	0,	2.41248888,	NULL,	NULL),
(1102,	'50-9252',	5,	0,	0,	2.41248888,	NULL,	NULL),
(1103,	'50-9252',	4,	0,	0,	2.41248888,	NULL,	NULL),
(1104,	'50-9252',	3,	0,	0,	2.41248888,	NULL,	NULL),
(1105,	'50-9252',	2,	0,	0,	2.41248888,	NULL,	NULL),
(1106,	'50-9615',	1,	0,	0,	5.77016,	NULL,	NULL),
(1107,	'50-9615',	5,	0,	12.43755,	5.77016,	NULL,	'2016-08-17 00:00:00'),
(1108,	'50-9615',	4,	4,	9.3281625,	5.77016,	102,	'2016-08-17 00:00:00'),
(1109,	'50-9615',	3,	3,	8.0844075,	5.77016,	102,	'2016-08-17 00:00:00'),
(1110,	'50-9615',	2,	0,	0,	5.77016,	NULL,	NULL),
(1111,	'50-9615-A',	1,	0,	1.798605,	1.2716,	NULL,	'2016-08-17 00:00:00'),
(1112,	'50-9615-A',	5,	0,	0,	1.2716,	NULL,	NULL),
(1113,	'50-9615-A',	4,	0,	0,	1.2716,	NULL,	NULL),
(1114,	'50-9615-A',	3,	3,	1.798605,	1.2716,	102,	'2016-08-17 00:00:00'),
(1115,	'50-9615-A',	2,	0,	1.798605,	1.2716,	NULL,	'2016-08-17 00:00:00'),
(1116,	'50-9615-B',	1,	0,	2.238759,	3.2164,	NULL,	'2016-08-17 00:00:00'),
(1117,	'50-9615-B',	5,	0,	0,	3.2164,	NULL,	NULL),
(1118,	'50-9615-B',	4,	0,	0,	3.2164,	NULL,	NULL),
(1119,	'50-9615-B',	3,	3,	2.238759,	3.2164,	102,	'2016-08-17 00:00:00'),
(1120,	'50-9615-B',	2,	2,	2.238759,	3.2164,	101,	'2016-08-17 00:00:00'),
(1121,	'50-9615-C',	1,	0,	0.118575,	0.00264,	NULL,	NULL),
(1122,	'50-9615-C',	5,	0,	0,	0.00264,	NULL,	NULL),
(1123,	'50-9615-C',	4,	0,	0,	0.00264,	NULL,	NULL),
(1124,	'50-9615-C',	3,	0,	0.118575,	0.00264,	NULL,	NULL),
(1125,	'50-9615-C',	2,	0,	0.118575,	0.00264,	NULL,	NULL),
(1126,	'EM-3335',	1,	0,	0.2902,	0.567839,	NULL,	NULL),
(1127,	'EM-3335',	5,	0,	1.5314,	0.567839,	NULL,	NULL),
(1128,	'EM-3335',	4,	0,	1.14855,	0.567839,	NULL,	NULL),
(1129,	'EM-3335',	3,	0,	0.99541,	0.567839,	NULL,	NULL),
(1130,	'EM-3335',	2,	0,	0.68913,	0.567839,	NULL,	NULL),
(1131,	'EM-3336-1',	1,	0,	0.5033,	0.831839,	NULL,	NULL),
(1132,	'EM-3336-1',	5,	0,	3.2016,	0.831839,	NULL,	NULL),
(1133,	'EM-3336-1',	4,	0,	2.4012,	0.831839,	NULL,	NULL),
(1134,	'EM-3336-1',	3,	0,	2.08104,	0.831839,	NULL,	NULL),
(1135,	'EM-3336-1',	2,	0,	1.44072,	0.831839,	NULL,	NULL),
(1136,	'FN-10761',	1,	0,	0.1846,	0.05864,	NULL,	NULL),
(1137,	'FN-10761',	5,	0,	0.5904,	0.05864,	NULL,	NULL),
(1138,	'FN-10761',	4,	0,	0.4428,	0.05864,	NULL,	NULL),
(1139,	'FN-10761',	3,	0,	0.38376,	0.05864,	NULL,	NULL),
(1140,	'FN-10761',	2,	0,	0.26568,	0.05864,	NULL,	NULL),
(1141,	'Obsolete',	0,	0,	0,	0.00001,	0,	NULL),
(1142,	'Obsolete',	0,	0,	0,	0.00001,	0,	NULL),
(1143,	'Obsolete',	0,	0,	0,	0.00001,	0,	NULL),
(1144,	'Obsolete',	0,	0,	0,	0.00001,	0,	NULL),
(1145,	'Obsolete',	0,	0,	0,	0.00001,	0,	NULL),
(1146,	'Obsolete',	0,	0,	0,	0.00001,	0,	NULL),
(1147,	'Obsolete',	0,	0,	0,	0.00001,	0,	NULL),
(1148,	'Obsolete',	0,	0,	0,	0.00001,	0,	NULL),
(1149,	'Obsolete',	0,	0,	0,	0.00001,	0,	NULL),
(1150,	'Obsolete',	0,	0,	0,	0.00001,	0,	NULL),
(1151,	'Obsolete',	0,	0,	0,	0.00001,	0,	NULL),
(1152,	'Obsolete',	0,	0,	0,	0.00001,	0,	NULL),
(1153,	'Obsolete',	0,	0,	0,	0.00001,	0,	NULL),
(1154,	'Obsolete',	0,	0,	0,	0.00001,	0,	NULL),
(1155,	'Obsolete',	0,	0,	0,	0.00001,	0,	NULL),
(1156,	'Obsolete',	0,	0,	0,	0.00001,	0,	NULL),
(1157,	'Obsolete',	0,	0,	0,	0.00001,	0,	NULL),
(1158,	'Obsolete',	0,	0,	0,	0.00001,	0,	NULL),
(1159,	'Obsolete',	0,	0,	0,	0.00001,	0,	NULL),
(1160,	'Obsolete',	0,	0,	0,	0.00001,	0,	NULL),
(1161,	'Obsolete',	0,	0,	0,	0.00001,	0,	NULL),
(1162,	'Obsolete',	0,	0,	0,	0.00001,	0,	NULL),
(1163,	'Obsolete',	0,	0,	0,	0.00001,	0,	NULL),
(1164,	'Obsolete',	0,	0,	0,	0.00001,	0,	NULL),
(1165,	'Obsolete',	0,	0,	0,	0.00001,	0,	NULL),
(1166,	'PEA-1007',	1,	0,	0.0626,	0.120404,	NULL,	NULL),
(1167,	'PEA-1007',	5,	0,	0.3041,	0.120404,	NULL,	NULL),
(1168,	'PEA-1007',	4,	0,	0.228075,	0.120404,	NULL,	NULL),
(1169,	'PEA-1007',	3,	0,	0.197665,	0.120404,	NULL,	NULL),
(1170,	'PEA-1007',	2,	0,	0.136845,	0.120404,	NULL,	NULL),
(1171,	'PEF-1125',	1,	0,	0.0788,	0.151497,	NULL,	NULL),
(1172,	'PEF-1125',	5,	0,	0.9423,	0.151497,	NULL,	NULL),
(1173,	'PEF-1125',	4,	0,	0.706725,	0.151497,	NULL,	NULL),
(1174,	'PEF-1125',	3,	0,	0.612495,	0.151497,	NULL,	NULL),
(1175,	'PEF-1125',	2,	0,	0.424035,	0.151497,	NULL,	NULL),
(1176,	'Obsolete',	0,	0,	0,	0.00001,	0,	NULL),
(1177,	'Obsolete',	0,	0,	0,	0.00001,	0,	NULL),
(1178,	'Obsolete',	0,	0,	0,	0.00001,	0,	NULL),
(1179,	'Obsolete',	0,	0,	0,	0.00001,	0,	NULL),
(1180,	'Obsolete',	0,	0,	0,	0.00001,	0,	NULL),
(1181,	'PEM-1185',	1,	0,	0.1251,	0.26242,	NULL,	NULL),
(1182,	'PEM-1185',	5,	0,	0.9656,	0.26242,	NULL,	NULL),
(1183,	'PEM-1185',	4,	0,	0.7242,	0.26242,	NULL,	NULL),
(1184,	'PEM-1185',	3,	0,	0.62764,	0.26242,	NULL,	NULL),
(1185,	'PEM-1185',	2,	0,	0.43452,	0.26242,	NULL,	NULL),
(1186,	'PEM-2652',	1,	0,	0.0857,	0.181929,	NULL,	NULL),
(1187,	'PEM-2652',	5,	0,	0.9162,	0.181929,	NULL,	NULL),
(1188,	'PEM-2652',	4,	0,	0.68715,	0.181929,	NULL,	NULL),
(1189,	'PEM-2652',	3,	0,	0.59553,	0.181929,	NULL,	NULL),
(1190,	'PEM-2652',	2,	0,	0.41229,	0.181929,	NULL,	NULL),
(1191,	'PEM-2790',	1,	0,	0.1151,	0.2443,	NULL,	NULL),
(1192,	'PEM-2790',	5,	0,	0.4171,	0.2443,	NULL,	NULL),
(1193,	'PEM-2790',	4,	0,	0.312825,	0.2443,	NULL,	NULL),
(1194,	'PEM-2790',	3,	0,	0.271115,	0.2443,	NULL,	NULL),
(1195,	'PEM-2790',	2,	0,	0.187695,	0.2443,	NULL,	NULL),
(1196,	'Obsolete',	0,	0,	0,	0.00001,	0,	NULL),
(1197,	'Obsolete',	0,	0,	0,	0.00001,	0,	NULL),
(1198,	'Obsolete',	0,	0,	0,	0.00001,	0,	NULL),
(1199,	'Obsolete',	0,	0,	0,	0.00001,	0,	NULL),
(1200,	'Obsolete',	0,	0,	0,	0.00001,	0,	NULL),
(1201,	'PEM-6006',	1,	0,	0.8316,	1.0299828,	NULL,	NULL),
(1202,	'PEM-6006',	5,	0,	3.1392,	1.0299828,	NULL,	NULL),
(1203,	'PEM-6006',	4,	0,	2.3544,	1.0299828,	NULL,	NULL),
(1204,	'PEM-6006',	3,	0,	2.04048,	1.0299828,	NULL,	NULL),
(1205,	'PEM-6006',	2,	0,	1.41264,	1.0299828,	NULL,	NULL),
(1206,	'Obsolete',	0,	0,	0,	0.00001,	0,	NULL),
(1207,	'Obsolete',	0,	0,	0,	0.00001,	0,	NULL),
(1208,	'Obsolete',	0,	0,	0,	0.00001,	0,	NULL),
(1209,	'Obsolete',	0,	0,	0,	0.00001,	0,	NULL),
(1210,	'Obsolete',	0,	0,	0,	0.00001,	0,	NULL),
(1211,	'PEM-6008',	1,	0,	1.9249,	3.1690268,	NULL,	NULL),
(1212,	'PEM-6008',	5,	0,	8.518,	3.1690268,	NULL,	NULL),
(1213,	'PEM-6008',	4,	0,	6.3885,	3.1690268,	NULL,	NULL),
(1214,	'PEM-6008',	3,	0,	5.5367,	3.1690268,	NULL,	NULL),
(1215,	'PEM-6008',	2,	0,	3.8331,	3.1690268,	NULL,	NULL),
(1216,	'Obsolete',	0,	0,	0,	0.00001,	0,	NULL),
(1217,	'Obsolete',	0,	0,	0,	0.00001,	0,	NULL),
(1218,	'Obsolete',	0,	0,	0,	0.00001,	0,	NULL),
(1219,	'Obsolete',	0,	0,	0,	0.00001,	0,	NULL),
(1220,	'Obsolete',	0,	0,	0,	0.00001,	0,	NULL),
(1221,	'Obsolete',	0,	0,	0,	0.00001,	0,	NULL),
(1222,	'Obsolete',	0,	0,	0,	0.00001,	0,	NULL),
(1223,	'Obsolete',	0,	0,	0,	0.00001,	0,	NULL),
(1224,	'Obsolete',	0,	0,	0,	0.00001,	0,	NULL),
(1225,	'Obsolete',	0,	0,	0,	0.00001,	0,	NULL),
(1226,	'Obsolete',	0,	0,	0,	0.00001,	0,	NULL),
(1227,	'Obsolete',	0,	0,	0,	0.00001,	0,	NULL),
(1228,	'Obsolete',	0,	0,	0,	0.00001,	0,	NULL),
(1229,	'Obsolete',	0,	0,	0,	0.00001,	0,	NULL),
(1230,	'Obsolete',	0,	0,	0,	0.00001,	0,	NULL),
(1231,	'Obsolete',	0,	0,	0,	0.00001,	0,	NULL),
(1232,	'Obsolete',	0,	0,	0,	0.00001,	0,	NULL),
(1233,	'Obsolete',	0,	0,	0,	0.00001,	0,	NULL),
(1234,	'Obsolete',	0,	0,	0,	0.00001,	0,	NULL),
(1235,	'Obsolete',	0,	0,	0,	0.00001,	0,	NULL),
(1236,	'PEM-6116-1',	1,	0,	0.5699,	0.979109,	NULL,	NULL),
(1237,	'PEM-6116-1',	5,	0,	5.852,	0.979109,	NULL,	NULL),
(1238,	'PEM-6116-1',	4,	0,	4.389,	0.979109,	NULL,	NULL),
(1239,	'PEM-6116-1',	3,	0,	3.8038,	0.979109,	NULL,	NULL),
(1240,	'PEM-6116-1',	2,	0,	2.6334,	0.979109,	NULL,	NULL),
(1241,	'Obsolete',	0,	0,	0,	0.00001,	0,	NULL),
(1242,	'Obsolete',	0,	0,	0,	0.00001,	0,	NULL),
(1243,	'Obsolete',	0,	0,	0,	0.00001,	0,	NULL),
(1244,	'Obsolete',	0,	0,	0,	0.00001,	0,	NULL),
(1245,	'Obsolete',	0,	0,	0,	0.00001,	0,	NULL),
(1246,	'Obsolete',	0,	0,	0,	0.00001,	0,	NULL),
(1247,	'Obsolete',	0,	0,	0,	0.00001,	0,	NULL),
(1248,	'Obsolete',	0,	0,	0,	0.00001,	0,	NULL),
(1249,	'Obsolete',	0,	0,	0,	0.00001,	0,	NULL),
(1250,	'Obsolete',	0,	0,	0,	0.00001,	0,	NULL),
(1251,	'Obsolete',	0,	0,	0,	0.00001,	0,	NULL),
(1252,	'Obsolete',	0,	0,	0,	0.00001,	0,	NULL),
(1253,	'Obsolete',	0,	0,	0,	0.00001,	0,	NULL),
(1254,	'Obsolete',	0,	0,	0,	0.00001,	0,	NULL),
(1255,	'Obsolete',	0,	0,	0,	0.00001,	0,	NULL),
(1256,	'PEM-6190',	1,	0,	0.193,	0.2249304,	NULL,	NULL),
(1257,	'PEM-6190',	5,	0,	1.2298,	0.2249304,	101,	NULL),
(1258,	'PEM-6190',	4,	0,	0.92235,	0.2249304,	101,	NULL),
(1259,	'PEM-6190',	3,	0,	0.79937,	0.2249304,	101,	NULL),
(1260,	'PEM-6190',	2,	0,	0.55341,	0.2249304,	NULL,	NULL),
(1261,	'Obsolete',	0,	0,	0,	0.00001,	0,	NULL),
(1262,	'Obsolete',	0,	0,	0,	0.00001,	0,	NULL),
(1263,	'Obsolete',	0,	0,	0,	0.00001,	0,	NULL),
(1264,	'Obsolete',	0,	0,	0,	0.00001,	0,	NULL),
(1265,	'Obsolete',	0,	0,	0,	0.00001,	0,	NULL),
(1266,	'Obsolete',	0,	0,	0,	0.00001,	0,	NULL),
(1267,	'Obsolete',	0,	0,	0,	0.00001,	0,	NULL),
(1268,	'Obsolete',	0,	0,	0,	0.00001,	0,	NULL),
(1269,	'Obsolete',	0,	0,	0,	0.00001,	0,	NULL),
(1270,	'Obsolete',	0,	0,	0,	0.00001,	0,	NULL),
(1271,	'Obsolete',	0,	0,	0,	0.00001,	0,	NULL),
(1272,	'Obsolete',	0,	0,	0,	0.00001,	0,	NULL),
(1273,	'Obsolete',	0,	0,	0,	0.00001,	0,	NULL),
(1274,	'Obsolete',	0,	0,	0,	0.00001,	0,	NULL),
(1275,	'Obsolete',	0,	0,	0,	0.00001,	0,	NULL),
(1276,	'PIM-6175',	1,	0,	2.924505,	2.7412,	NULL,	'2016-08-17 00:00:00'),
(1277,	'PIM-6175',	5,	5,	6.4989,	2.7412,	101,	'2016-08-17 00:00:00'),
(1278,	'PIM-6175',	4,	4,	4.874175,	2.7412,	101,	'2016-08-17 00:00:00'),
(1279,	'PIM-6175',	3,	3,	4.224285,	2.7412,	101,	'2016-08-17 00:00:00'),
(1280,	'PIM-6175',	2,	2,	2.924505,	2.7412,	101,	'2016-08-17 00:00:00'),
(1281,	'Obsolete',	0,	0,	0,	0.00001,	0,	NULL),
(1282,	'Obsolete',	0,	0,	0,	0.00001,	0,	NULL),
(1283,	'Obsolete',	0,	0,	0,	0.00001,	0,	NULL),
(1284,	'Obsolete',	0,	0,	0,	0.00001,	0,	NULL),
(1285,	'Obsolete',	0,	0,	0,	0.00001,	0,	NULL),
(1286,	'Obsolete',	0,	0,	0,	0.00001,	0,	NULL),
(1287,	'Obsolete',	0,	0,	0,	0.00001,	0,	NULL),
(1288,	'Obsolete',	0,	0,	0,	0.00001,	0,	NULL),
(1289,	'Obsolete',	0,	0,	0,	0.00001,	0,	NULL),
(1290,	'Obsolete',	0,	0,	0,	0.00001,	0,	NULL),
(1291,	'PM-1575',	1,	0,	0.1191,	0.03784,	NULL,	NULL),
(1292,	'PM-1575',	5,	0,	0.26,	0.03784,	NULL,	NULL),
(1293,	'PM-1575',	4,	0,	0.195,	0.03784,	NULL,	NULL),
(1294,	'PM-1575',	3,	0,	0.169,	0.03784,	NULL,	NULL),
(1295,	'PM-1575',	2,	0,	0.117,	0.03784,	NULL,	NULL),
(1296,	'PS2M-1338',	1,	0,	0.098,	0.174211,	NULL,	NULL),
(1297,	'PS2M-1338',	5,	0,	0.8373,	0.174211,	NULL,	NULL),
(1298,	'PS2M-1338',	4,	0,	0.627975,	0.174211,	NULL,	NULL),
(1299,	'PS2M-1338',	3,	0,	0.544245,	0.174211,	NULL,	NULL),
(1300,	'PS2M-1338',	2,	0,	0.376785,	0.174211,	NULL,	NULL),
(1301,	'PS2M-1970',	1,	0,	0.214,	0.352171,	NULL,	NULL),
(1302,	'PS2M-1970',	5,	0,	1.3154,	0.352171,	NULL,	NULL),
(1303,	'PS2M-1970',	4,	0,	0.98655,	0.352171,	NULL,	NULL),
(1304,	'PS2M-1970',	3,	0,	0.85501,	0.352171,	NULL,	NULL),
(1305,	'PS2M-1970',	2,	0,	0.59193,	0.352171,	NULL,	NULL),
(1306,	'Obsolete',	0,	0,	0,	0.00001,	0,	NULL),
(1307,	'Obsolete',	0,	0,	0,	0.00001,	0,	NULL),
(1308,	'Obsolete',	0,	0,	0,	0.00001,	0,	NULL),
(1309,	'Obsolete',	0,	0,	0,	0.00001,	0,	NULL),
(1310,	'Obsolete',	0,	0,	0,	0.00001,	0,	NULL),
(1311,	'PS2M-1995',	1,	0,	0.1227,	0.2183148,	NULL,	NULL),
(1312,	'PS2M-1995',	5,	0,	0.6968,	0.2183148,	NULL,	NULL),
(1313,	'PS2M-1995',	4,	0,	0.5226,	0.2183148,	NULL,	NULL),
(1314,	'PS2M-1995',	3,	0,	0.45292,	0.2183148,	NULL,	NULL),
(1315,	'PS2M-1995',	2,	0,	0.31356,	0.2183148,	NULL,	NULL),
(1316,	'Obsolete',	0,	0,	0,	0.00001,	0,	NULL),
(1317,	'Obsolete',	0,	0,	0,	0.00001,	0,	NULL),
(1318,	'Obsolete',	0,	0,	0,	0.00001,	0,	NULL),
(1319,	'Obsolete',	0,	0,	0,	0.00001,	0,	NULL),
(1320,	'Obsolete',	0,	0,	0,	0.00001,	0,	NULL),
(1321,	'PS2M-2360',	1,	0,	0.2308,	0.410167,	NULL,	NULL),
(1322,	'PS2M-2360',	5,	0,	1.2655,	0.410167,	NULL,	NULL),
(1323,	'PS2M-2360',	4,	0,	0.949125,	0.410167,	NULL,	NULL),
(1324,	'PS2M-2360',	3,	0,	0.822575,	0.410167,	NULL,	NULL),
(1325,	'PS2M-2360',	2,	0,	0.569475,	0.410167,	NULL,	NULL),
(1326,	'PS2M-2507',	1,	0,	0.5642,	0.8397402,	NULL,	NULL),
(1327,	'PS2M-2507',	5,	0,	2.6732,	0.8397402,	NULL,	NULL),
(1328,	'PS2M-2507',	4,	0,	2.0049,	0.8397402,	NULL,	NULL),
(1329,	'PS2M-2507',	3,	0,	1.73758,	0.8397402,	NULL,	NULL),
(1330,	'PS2M-2507',	2,	0,	1.20294,	0.8397402,	NULL,	NULL),
(1331,	'PS2M-2640',	1,	0,	0.2357,	0.42549,	NULL,	NULL),
(1332,	'PS2M-2640',	5,	0,	2.6596,	0.42549,	NULL,	NULL),
(1333,	'PS2M-2640',	4,	0,	1.9947,	0.42549,	NULL,	NULL),
(1334,	'PS2M-2640',	3,	0,	1.72874,	0.42549,	NULL,	NULL),
(1335,	'PS2M-2640',	2,	0,	1.19682,	0.42549,	NULL,	NULL),
(1336,	'Obsolete',	0,	0,	0,	0.00001,	0,	NULL),
(1337,	'Obsolete',	0,	0,	0,	0.00001,	0,	NULL),
(1338,	'Obsolete',	0,	0,	0,	0.00001,	0,	NULL),
(1339,	'Obsolete',	0,	0,	0,	0.00001,	0,	NULL),
(1340,	'Obsolete',	0,	0,	0,	0.00001,	0,	NULL),
(1341,	'Obsolete',	0,	0,	0,	0.00001,	0,	NULL),
(1342,	'Obsolete',	0,	0,	0,	0.00001,	0,	NULL),
(1343,	'Obsolete',	0,	0,	0,	0.00001,	0,	NULL),
(1344,	'Obsolete',	0,	0,	0,	0.00001,	0,	NULL),
(1345,	'Obsolete',	0,	0,	0,	0.00001,	0,	NULL),
(1346,	'PS2M-3333',	1,	0,	0.2131,	0.264,	NULL,	NULL),
(1347,	'PS2M-3333',	5,	0,	0.2772,	0.264,	NULL,	NULL),
(1348,	'PS2M-3333',	4,	0,	0.2079,	0.264,	NULL,	NULL),
(1349,	'PS2M-3333',	3,	0,	0.18018,	0.264,	NULL,	NULL),
(1350,	'PS2M-3333',	2,	0,	0.12474,	0.264,	NULL,	NULL),
(1351,	'Obsolete',	0,	0,	0,	0.00001,	0,	NULL),
(1352,	'Obsolete',	0,	0,	0,	0.00001,	0,	NULL),
(1353,	'Obsolete',	0,	0,	0,	0.00001,	0,	NULL),
(1354,	'Obsolete',	0,	0,	0,	0.00001,	0,	NULL),
(1355,	'Obsolete',	0,	0,	0,	0.00001,	0,	NULL),
(1356,	'Obsolete',	0,	0,	0,	0.00001,	0,	NULL),
(1357,	'Obsolete',	0,	0,	0,	0.00001,	0,	NULL),
(1358,	'Obsolete',	0,	0,	0,	0.00001,	0,	NULL),
(1359,	'Obsolete',	0,	0,	0,	0.00001,	0,	NULL),
(1360,	'Obsolete',	0,	0,	0,	0.00001,	0,	NULL),
(1361,	'PS2M-6007',	1,	0,	1.0933,	2.139044,	NULL,	NULL),
(1362,	'PS2M-6007',	5,	0,	1.3685,	2.139044,	NULL,	NULL),
(1363,	'PS2M-6007',	4,	0,	1.026375,	2.139044,	NULL,	NULL),
(1364,	'PS2M-6007',	3,	0,	0.889525,	2.139044,	NULL,	NULL),
(1365,	'PS2M-6007',	2,	0,	0.615825,	2.139044,	NULL,	NULL),
(1366,	'PS2M-6009',	1,	0,	1.209645,	1.457637,	NULL,	NULL),
(1367,	'PS2M-6009',	5,	0,	2.6881,	1.457637,	NULL,	NULL),
(1368,	'PS2M-6009',	4,	0,	2.016075,	1.457637,	NULL,	NULL),
(1369,	'PS2M-6009',	3,	0,	1.747265,	1.457637,	NULL,	NULL),
(1370,	'PS2M-6009',	2,	0,	1.209645,	1.457637,	NULL,	NULL),
(1371,	'PS2M-6041',	1,	0,	0.1199,	0.201776,	NULL,	NULL),
(1372,	'PS2M-6041',	5,	0,	0.4714,	0.201776,	NULL,	NULL),
(1373,	'PS2M-6041',	4,	0,	0.35355,	0.201776,	NULL,	NULL),
(1374,	'PS2M-6041',	3,	0,	0.30641,	0.201776,	NULL,	NULL),
(1375,	'PS2M-6041',	2,	0,	0.21213,	0.201776,	NULL,	NULL),
(1376,	'PS2M-6117',	1,	0,	0.345,	0.567839,	NULL,	NULL),
(1377,	'PS2M-6117',	5,	0,	1.99,	0.567839,	NULL,	NULL),
(1378,	'PS2M-6117',	4,	0,	1.4925,	0.567839,	NULL,	NULL),
(1379,	'PS2M-6117',	3,	0,	1.2935,	0.567839,	NULL,	NULL),
(1380,	'PS2M-6117',	2,	0,	0.8955,	0.567839,	NULL,	NULL),
(1381,	'PS2M-6118',	1,	0,	0.2237,	0.368268,	NULL,	NULL),
(1382,	'PS2M-6118',	5,	0,	1.4303,	0.368268,	NULL,	NULL),
(1383,	'PS2M-6118',	4,	0,	1.072725,	0.368268,	NULL,	NULL),
(1384,	'PS2M-6118',	3,	0,	0.929695,	0.368268,	NULL,	NULL),
(1385,	'PS2M-6118',	2,	0,	0.643635,	0.368268,	NULL,	NULL),
(1386,	'PS2M-6119',	1,	0,	0.0292,	0.0518222,	NULL,	NULL),
(1387,	'PS2M-6119',	5,	0,	0.3708,	0.0518222,	NULL,	NULL),
(1388,	'PS2M-6119',	4,	0,	0.2781,	0.0518222,	NULL,	NULL),
(1389,	'PS2M-6119',	3,	0,	0.24102,	0.0518222,	NULL,	NULL),
(1390,	'PS2M-6119',	2,	0,	0.16686,	0.0518222,	NULL,	NULL),
(1391,	'PS2M-6120',	1,	0,	0.0817,	0.134517,	NULL,	NULL),
(1392,	'PS2M-6120',	5,	0,	0.7049,	0.134517,	NULL,	NULL),
(1393,	'PS2M-6120',	4,	0,	0.528675,	0.134517,	NULL,	NULL),
(1394,	'PS2M-6120',	3,	0,	0.458185,	0.134517,	NULL,	NULL),
(1395,	'PS2M-6120',	2,	0,	0.317205,	0.134517,	NULL,	NULL),
(1396,	'PS2M-6151',	1,	0,	0.1725,	0.3065228,	NULL,	NULL),
(1397,	'PS2M-6151',	5,	0,	0.9645,	0.3065228,	NULL,	NULL),
(1398,	'PS2M-6151',	4,	0,	0.723375,	0.3065228,	NULL,	NULL),
(1399,	'PS2M-6151',	3,	0,	0.626925,	0.3065228,	NULL,	NULL),
(1400,	'PS2M-6151',	2,	0,	0.434025,	0.3065228,	NULL,	NULL),
(1401,	'Obsolete',	0,	0,	0,	0.00001,	0,	NULL),
(1402,	'Obsolete',	0,	0,	0,	0.00001,	0,	NULL),
(1403,	'Obsolete',	0,	0,	0,	0.00001,	0,	NULL),
(1404,	'Obsolete',	0,	0,	0,	0.00001,	0,	NULL),
(1405,	'Obsolete',	0,	0,	0,	0.00001,	0,	NULL),
(1406,	'Obsolete',	0,	0,	0,	0.00001,	0,	NULL),
(1407,	'Obsolete',	0,	0,	0,	0.00001,	0,	NULL),
(1408,	'Obsolete',	0,	0,	0,	0.00001,	0,	NULL),
(1409,	'Obsolete',	0,	0,	0,	0.00001,	0,	NULL),
(1410,	'Obsolete',	0,	0,	0,	0.00001,	0,	NULL),
(1411,	'PS2M-864',	1,	0,	0.067,	0.119301,	NULL,	NULL),
(1412,	'PS2M-864',	5,	0,	1.3792,	0.119301,	NULL,	NULL),
(1413,	'PS2M-864',	4,	0,	1.0344,	0.119301,	NULL,	NULL),
(1414,	'PS2M-864',	3,	0,	0.89648,	0.119301,	NULL,	NULL),
(1415,	'PS2M-864',	2,	0,	0.62064,	0.119301,	NULL,	NULL),
(1416,	'PS5M-2487',	1,	0,	0.6256,	0.8642,	NULL,	NULL),
(1417,	'PS5M-2487',	5,	0,	3.7656,	0.8642,	NULL,	NULL),
(1418,	'PS5M-2487',	4,	0,	2.8242,	0.8642,	NULL,	NULL),
(1419,	'PS5M-2487',	3,	0,	2.44764,	0.8642,	NULL,	NULL),
(1420,	'PS5M-2487',	2,	0,	1.69452,	0.8642,	NULL,	NULL),
(1421,	'Obsolete',	0,	0,	0,	0.00001,	0,	NULL),
(1422,	'Obsolete',	0,	0,	0,	0.00001,	0,	NULL),
(1423,	'Obsolete',	0,	0,	0,	0.00001,	0,	NULL),
(1424,	'Obsolete',	0,	0,	0,	0.00001,	0,	NULL),
(1425,	'Obsolete',	0,	0,	0,	0.00001,	0,	NULL),
(1426,	'Obsolete',	0,	0,	0,	0.00001,	0,	NULL),
(1427,	'Obsolete',	0,	0,	0,	0.00001,	0,	NULL),
(1428,	'Obsolete',	0,	0,	0,	0.00001,	0,	NULL),
(1429,	'Obsolete',	0,	0,	0,	0.00001,	0,	NULL),
(1430,	'Obsolete',	0,	0,	0,	0.00001,	0,	NULL),
(1431,	'PSM-6087',	1,	0,	0.0722,	0.09967504,	NULL,	NULL),
(1432,	'PSM-6087',	5,	0,	0.0722,	0.09967504,	NULL,	NULL),
(1433,	'PSM-6087',	4,	0,	0.0722,	0.09967504,	NULL,	NULL),
(1434,	'PSM-6087',	3,	0,	0.0722,	0.09967504,	NULL,	NULL),
(1435,	'PSM-6087',	2,	0,	0.0722,	0.09967504,	NULL,	NULL),
(1436,	'Obsolete',	0,	0,	0,	0.00001,	0,	NULL),
(1437,	'Obsolete',	0,	0,	0,	0.00001,	0,	NULL),
(1438,	'Obsolete',	0,	0,	0,	0.00001,	0,	NULL),
(1439,	'Obsolete',	0,	0,	0,	0.00001,	0,	NULL),
(1440,	'Obsolete',	0,	0,	0,	0.00001,	0,	NULL),
(1441,	'SM-3334',	1,	0,	0.0452,	0.08049,	101,	NULL),
(1442,	'SM-3334',	5,	0,	0.6766,	0.08049,	NULL,	NULL),
(1443,	'SM-3334',	4,	0,	0.50745,	0.08049,	NULL,	NULL),
(1444,	'SM-3334',	3,	0,	0.43979,	0.08049,	NULL,	NULL),
(1445,	'SM-3334',	2,	0,	0.30447,	0.08049,	101,	NULL),
(1446,	'Obsolete',	0,	0,	0,	0.00001,	0,	NULL),
(1447,	'Obsolete',	0,	0,	0,	0.00001,	0,	NULL),
(1448,	'Obsolete',	0,	0,	0,	0.00001,	0,	NULL),
(1449,	'Obsolete',	0,	0,	0,	0.00001,	0,	NULL),
(1450,	'Obsolete',	0,	0,	0,	0.00001,	0,	NULL),
(1451,	'Obsolete',	0,	0,	0,	0.00001,	0,	NULL),
(1452,	'Obsolete',	0,	0,	0,	0.00001,	0,	NULL),
(1453,	'Obsolete',	0,	0,	0,	0.00001,	0,	NULL),
(1454,	'Obsolete',	0,	0,	0,	0.00001,	0,	NULL),
(1455,	'Obsolete',	0,	0,	0,	0.00001,	0,	NULL),
(1456,	'Obsolete',	0,	0,	0,	0.00001,	0,	NULL),
(1457,	'Obsolete',	0,	0,	0,	0.00001,	0,	NULL),
(1458,	'Obsolete',	0,	0,	0,	0.00001,	0,	NULL),
(1459,	'Obsolete',	0,	0,	0,	0.00001,	0,	NULL),
(1460,	'Obsolete',	0,	0,	0,	0.00001,	0,	NULL),
(1461,	'Obsolete',	0,	0,	0,	0.00001,	0,	NULL),
(1462,	'Obsolete',	0,	0,	0,	0.00001,	0,	NULL),
(1463,	'Obsolete',	0,	0,	0,	0.00001,	0,	NULL),
(1464,	'Obsolete',	0,	0,	0,	0.00001,	0,	NULL),
(1465,	'Obsolete',	0,	0,	0,	0.00001,	0,	NULL),
(1466,	'Obsolete',	0,	0,	0,	0.00001,	0,	NULL),
(1467,	'Obsolete',	0,	0,	0,	0.00001,	0,	NULL),
(1468,	'Obsolete',	0,	0,	0,	0.00001,	0,	NULL),
(1469,	'Obsolete',	0,	0,	0,	0.00001,	0,	NULL),
(1470,	'Obsolete',	0,	0,	0,	0.00001,	0,	NULL),
(1471,	'WR-6175',	1,	1,	0.219337875,	0.4048,	101,	'2016-08-17 00:00:00'),
(1472,	'WR-6175',	5,	0,	0,	0.4048,	101,	NULL),
(1473,	'WR-6175',	4,	0,	0,	0.4048,	101,	NULL),
(1474,	'WR-6175',	3,	0,	0.219337875,	0.4048,	101,	'2016-08-17 00:00:00'),
(1475,	'WR-6175',	2,	2,	0.219337875,	0.4048,	101,	'2016-08-17 00:00:00'),
(1476,	'Obsolete',	0,	0,	0,	0.00001,	0,	NULL),
(1477,	'Obsolete',	0,	0,	0,	0.00001,	0,	NULL),
(1478,	'Obsolete',	0,	0,	0,	0.00001,	0,	NULL),
(1479,	'Obsolete',	0,	0,	0,	0.00001,	0,	NULL),
(1480,	'Obsolete',	0,	0,	0,	0.00001,	0,	NULL),
(1481,	'Obsolete',	0,	0,	0,	0.00001,	0,	NULL),
(1482,	'Obsolete',	0,	0,	0,	0.00001,	0,	NULL),
(1483,	'Obsolete',	0,	0,	0,	0.00001,	0,	NULL),
(1484,	'Obsolete',	0,	0,	0,	0.00001,	0,	NULL),
(1485,	'Obsolete',	0,	0,	0,	0.00001,	0,	NULL),
(1486,	'35-2903',	1,	0,	0.246735,	0.22506,	NULL,	NULL),
(1487,	'35-2903',	2,	2,	0.246735,	0.22506,	101,	'2016-08-17 00:00:00'),
(1488,	'35-2903',	3,	3,	0.356395,	0.22506,	101,	'2016-08-17 00:00:00'),
(1489,	'35-2903',	4,	4,	0.411225,	0.22506,	101,	'2016-08-17 00:00:00'),
(1490,	'35-2903',	5,	5,	0.5483,	0.22506,	101,	'2016-08-17 00:00:00'),
(1491,	'35-5064',	1,	1,	0.246735,	0.22506,	101,	'2016-08-17 00:00:00'),
(1492,	'35-5064',	2,	2,	0.246735,	0.22506,	101,	'2016-08-17 00:00:00'),
(1493,	'35-5064',	3,	3,	0.356395,	0.22506,	101,	'2016-08-17 00:00:00'),
(1494,	'35-5064',	4,	4,	0.411225,	0.22506,	101,	'2016-08-17 00:00:00'),
(1495,	'35-5064',	5,	5,	0.5483,	0.22506,	101,	'2016-08-17 00:00:00'),
(1496,	'Floor Sweepings',	1,	0,	0.5,	1,	NULL,	NULL),
(1497,	'Floor Sweepings',	2,	2,	0.5,	1,	101,	NULL),
(1498,	'Mixer Scrap',	1,	0,	0.5,	1,	NULL,	NULL),
(1499,	'Blount',	1,	0,	0.5,	0.07,	NULL,	NULL),
(1500,	'Blount',	2,	0,	0.5,	0.07,	NULL,	NULL),
(1501,	'Blount',	3,	0,	0.5,	0.075,	NULL,	NULL),
(1502,	'Blount',	4,	0,	0.5,	0.075,	NULL,	NULL),
(1503,	'Blount',	5,	0,	0.5,	0.075,	NULL,	NULL),
(1504,	'50-1238',	1,	0,	3.7029,	2.38,	NULL,	NULL),
(1505,	'50-1238',	2,	0,	3.7029,	2.38,	101,	NULL),
(1506,	'50-1238',	3,	0,	6.987916,	4.2235,	101,	NULL),
(1507,	'50-1238',	4,	0,	8.06298,	4.2235,	101,	NULL),
(1508,	'50-1238',	5,	0,	10.75064,	4.2235,	101,	NULL),
(1509,	'35-0150',	1,	0,	0.246735,	0.34,	NULL,	NULL),
(1510,	'35-0150',	2,	2,	0.246735,	0.34,	101,	'2016-08-17 00:00:00'),
(1511,	'35-0150',	3,	3,	0.356395,	0.34,	101,	'2016-08-17 00:00:00'),
(1512,	'35-0150',	4,	4,	0.411225,	0.34,	101,	'2016-08-17 00:00:00'),
(1513,	'35-0150',	5,	5,	0.5483,	0.34,	101,	'2016-08-17 00:00:00'),
(1514,	'35-0222',	1,	0,	0.246735,	0.34,	NULL,	NULL),
(1515,	'35-0222',	2,	2,	0.246735,	0.34,	101,	'2016-08-17 00:00:00'),
(1516,	'35-0222',	3,	3,	0.356395,	0.34,	101,	'2016-08-17 00:00:00'),
(1517,	'35-0222',	4,	4,	0.411225,	0.34,	101,	'2016-08-17 00:00:00'),
(1518,	'35-0222',	5,	5,	0.5483,	0.34,	101,	'2016-08-17 00:00:00'),
(1519,	'35-5016',	1,	0,	0.246735,	0.27,	NULL,	NULL),
(1520,	'35-5016',	2,	0,	0.246735,	0.27,	NULL,	NULL),
(1521,	'35-5016',	3,	3,	0.356395,	0.27,	101,	'2016-08-17 00:00:00'),
(1522,	'35-5016',	4,	4,	0.411225,	0.27,	101,	'2016-08-17 00:00:00'),
(1523,	'35-5016',	5,	5,	0.5483,	0.27,	101,	'2016-08-17 00:00:00'),
(1524,	'35-5009',	1,	0,	0.246735,	0.27,	NULL,	NULL),
(1525,	'35-5009',	2,	0,	0.246735,	0.27,	NULL,	NULL),
(1526,	'35-5009',	3,	3,	0.356395,	0.27,	101,	'2016-08-17 00:00:00'),
(1527,	'35-5009',	4,	4,	0.411225,	0.27,	101,	'2016-08-17 00:00:00'),
(1528,	'35-5009',	5,	5,	0.5483,	0.27,	101,	'2016-08-17 00:00:00'),
(1529,	'35-0130',	1,	0,	2.3027,	2.05,	NULL,	NULL),
(1530,	'35-0130',	2,	0,	1.476,	2.05,	NULL,	NULL),
(1531,	'35-0130',	3,	0,	2.132,	2.05,	NULL,	NULL),
(1532,	'35-0130',	4,	0,	2.46,	2.05,	NULL,	NULL),
(1533,	'35-0130',	5,	0,	3.28,	2.05,	NULL,	NULL),
(1534,	'Obsolete',	0,	0,	0,	0.00001,	0,	NULL),
(1535,	'Obsolete',	0,	0,	0,	0.00001,	0,	NULL),
(1536,	'Obsolete',	0,	0,	0,	0.00001,	0,	NULL),
(1537,	'Obsolete',	0,	0,	0,	0.00001,	0,	NULL),
(1538,	'Obsolete',	0,	0,	0,	0.00001,	0,	NULL),
(1539,	'Obsolete',	0,	0,	0,	0.00001,	0,	NULL),
(1540,	'Obsolete',	0,	0,	0,	0.00001,	0,	NULL),
(1541,	'slugs',	1,	0,	0,	1,	NULL,	NULL),
(1542,	'slugs',	2,	0,	0,	1,	NULL,	NULL),
(1543,	'slugs',	3,	0,	0,	1,	NULL,	NULL),
(1544,	'slugs',	4,	0,	0,	1,	NULL,	NULL),
(1545,	'slugs',	5,	0,	0,	1,	NULL,	NULL),
(1546,	'35-0130-4',	1,	0,	0.05032,	0.226033,	NULL,	NULL),
(1547,	'35-0130-4',	2,	0,	0.05032,	0.22603,	101,	NULL),
(1548,	'35-0130-4',	3,	0,	0.05032,	0.22603,	101,	NULL),
(1549,	'35-0130-4',	4,	0,	0.05032,	0.22603,	101,	NULL),
(1550,	'35-0130-4',	5,	0,	0.05032,	0.22603,	NULL,	NULL),
(1551,	'35-1003',	1,	0,	0.246735,	0.34,	NULL,	NULL),
(1552,	'35-1003',	5,	5,	0.5483,	0.34,	101,	'2016-08-17 00:00:00'),
(1553,	'35-1003',	4,	4,	0.411225,	0.34,	101,	'2016-08-17 00:00:00'),
(1554,	'35-1003',	3,	3,	0.356395,	0.34,	101,	'2016-08-17 00:00:00'),
(1555,	'35-1003',	2,	0,	0.246735,	0.34,	NULL,	NULL),
(1556,	'35-4130',	1,	0,	0.246735,	0.34,	NULL,	NULL),
(1557,	'35-4130',	5,	5,	0.5483,	0.34,	101,	'2016-08-17 00:00:00'),
(1558,	'35-4130',	4,	4,	0.411225,	0.34,	101,	'2016-08-17 00:00:00'),
(1559,	'35-4130',	3,	3,	0.356395,	0.34,	101,	'2016-08-17 00:00:00'),
(1560,	'35-4130',	2,	0,	0.246735,	0.34,	101,	'2016-08-17 00:00:00'),
(1561,	'35-8834',	1,	0,	0.246735,	0.34,	NULL,	NULL),
(1562,	'35-8834',	5,	5,	0.5483,	0.34,	101,	'2016-08-17 00:00:00'),
(1563,	'35-8834',	4,	4,	0.411225,	0.34,	101,	'2016-08-17 00:00:00'),
(1564,	'35-8834',	3,	3,	0.356395,	0.34,	101,	'2016-08-17 00:00:00'),
(1565,	'35-8834',	2,	2,	0.246735,	0.34,	101,	'2016-08-17 00:00:00'),
(1566,	'35-8013',	1,	0,	0.246735,	0.34,	NULL,	NULL),
(1567,	'35-8013',	2,	0,	0.246735,	0.34,	NULL,	NULL),
(1568,	'35-8013',	3,	3,	0.356395,	0.34,	101,	'2016-08-17 00:00:00'),
(1569,	'35-8013',	4,	4,	0.411225,	0.34,	101,	'2016-08-17 00:00:00'),
(1570,	'35-8013',	5,	5,	0.5483,	0.34,	101,	'2016-08-17 00:00:00'),
(1571,	'35-0183',	1,	0,	0.246735,	0.34,	NULL,	NULL),
(1572,	'35-0183',	2,	0,	0.246735,	0.34,	NULL,	NULL),
(1573,	'35-0183',	3,	3,	0.356395,	0.34,	101,	'2016-08-17 00:00:00'),
(1574,	'35-0183',	4,	4,	0.411225,	0.34,	101,	'2016-08-17 00:00:00'),
(1575,	'35-0183',	5,	5,	0.5483,	0.34,	101,	'2016-08-17 00:00:00'),
(1576,	'35-0140',	1,	0,	0.246735,	0.34,	NULL,	NULL),
(1577,	'35-0140',	2,	0,	0.246735,	0.34,	NULL,	NULL),
(1578,	'35-0140',	3,	3,	0.356395,	0.34,	101,	'2016-08-17 00:00:00'),
(1579,	'35-0140',	4,	4,	0.411225,	0.34,	101,	'2016-08-17 00:00:00'),
(1580,	'35-0140',	5,	5,	0.5483,	0.34,	101,	'2016-08-17 00:00:00'),
(1581,	'50-4159',	1,	0,	3.7029,	4.32635,	NULL,	NULL),
(1582,	'50-4159',	2,	0,	3.7029,	4.32635,	NULL,	NULL),
(1583,	'50-4159',	3,	0,	6.987916,	4.32635,	NULL,	NULL),
(1584,	'50-4159',	4,	0,	8.06298,	4.32635,	NULL,	NULL),
(1585,	'50-4159',	5,	0,	10.75064,	4.32635,	NULL,	NULL),
(1586,	'50-4159-A',	1,	0,	1.1209,	2.48,	NULL,	NULL),
(1587,	'50-4159-A',	2,	0,	1.1209,	2.48,	NULL,	NULL),
(1588,	'50-4159-A',	3,	0,	1.1209,	2.48,	NULL,	NULL),
(1589,	'50-4159-A',	4,	0,	1.1209,	2.48,	NULL,	NULL),
(1590,	'50-4159-A',	5,	0,	1.1209,	2.48,	NULL,	NULL),
(1591,	'50-4159-B',	1,	0,	1.0525,	1.485,	NULL,	NULL),
(1592,	'50-4159-B',	2,	0,	1.0525,	1.485,	NULL,	NULL),
(1593,	'50-4159-B',	3,	0,	1.0525,	1.485,	NULL,	NULL),
(1594,	'50-4159-B',	4,	0,	1.0525,	1.485,	NULL,	NULL),
(1595,	'50-4159-B',	5,	0,	1.0525,	1.485,	NULL,	NULL),
(1596,	'50-4159-C',	1,	0,	1.1688,	0.231,	NULL,	NULL),
(1597,	'50-4159-C',	2,	0,	1.1688,	0.231,	NULL,	NULL),
(1598,	'50-4159-C',	3,	0,	1.1688,	0.231,	NULL,	NULL),
(1599,	'50-4159-C',	4,	0,	1.1688,	0.231,	NULL,	NULL),
(1600,	'50-4159-C',	5,	0,	1.1688,	0.231,	NULL,	NULL),
(1601,	'50-4159-D',	1,	0,	0.2003,	0.0396,	NULL,	NULL),
(1602,	'50-4159-D',	2,	0,	0.2003,	0.0396,	NULL,	NULL),
(1603,	'50-4159-D',	3,	0,	0.2003,	0.0396,	NULL,	NULL),
(1604,	'50-4159-D',	4,	0,	0.2003,	0.0396,	NULL,	NULL),
(1605,	'50-4159-D',	5,	0,	0.2003,	0.0396,	NULL,	NULL),
(1606,	'50-4159-E',	1,	0,	0.0401,	0.00385,	NULL,	NULL),
(1607,	'50-4159-E',	2,	0,	0.0401,	0.00385,	NULL,	NULL),
(1608,	'50-4159-E',	3,	0,	0.0401,	0.00385,	NULL,	NULL),
(1609,	'50-4159-E',	4,	0,	0.0401,	0.00385,	NULL,	NULL),
(1610,	'50-4159-E',	5,	0,	0.0401,	0.00385,	NULL,	NULL),
(1611,	'50-4239',	1,	0,	3.7029,	4.22235,	NULL,	NULL),
(1612,	'50-4239',	2,	0,	4.837788,	4.22235,	NULL,	NULL),
(1613,	'50-4239',	3,	0,	6.987916,	4.22235,	NULL,	NULL),
(1614,	'50-4239',	4,	0,	8.06298,	4.22235,	NULL,	NULL),
(1615,	'50-4239',	5,	0,	10.75064,	4.22235,	NULL,	NULL),
(1616,	'50-6549/7875',	1,	0,	3.4048,	4.82944,	NULL,	NULL),
(1617,	'50-6549/7875',	2,	0,	5.89472,	4.82944,	NULL,	NULL),
(1618,	'50-6549/7875',	3,	0,	4.42104,	4.82944,	NULL,	NULL),
(1619,	'50-6549/7875',	4,	0,	3.831568,	4.82944,	NULL,	NULL),
(1620,	'50-6549/7875',	5,	0,	3.4048,	4.82944,	NULL,	NULL),
(1621,	'50-5710/5810',	1,	0,	0,	5.2217,	NULL,	NULL),
(1622,	'50-5710/5810',	2,	0,	0,	5.2217,	NULL,	NULL),
(1623,	'50-5710/5810',	3,	0,	4.585418695,	5.2217,	NULL,	NULL),
(1624,	'50-5710/5810',	4,	0,	5.290867725,	5.2217,	NULL,	NULL),
(1625,	'50-5710/5810',	5,	0,	7.0544903,	5.2217,	NULL,	NULL),
(1626,	'50-4159/4239',	1,	0,	3.7029,	4.32635,	NULL,	NULL),
(1627,	'50-4159/4239',	2,	0,	3.7029,	4.32635,	NULL,	NULL),
(1628,	'50-4159/4239',	3,	0,	6.987916,	4.32635,	NULL,	NULL),
(1629,	'50-4159/4239',	4,	0,	8.06298,	4.32635,	NULL,	NULL),
(1630,	'50-4159/4239',	5,	0,	10.75064,	4.32635,	NULL,	NULL),
(1631,	'50-1193/1197',	1,	0,	2.6553,	3.80732,	NULL,	NULL),
(1632,	'50-1193/1197',	2,	0,	2.6553,	3.80732,	NULL,	NULL),
(1633,	'50-1193/1197',	3,	0,	5.2654,	3.80732,	NULL,	NULL),
(1634,	'50-1193/1197',	4,	0,	6.0755,	3.80732,	NULL,	NULL),
(1635,	'50-1193/1197',	5,	0,	8.1007,	3.80732,	NULL,	NULL),
(1636,	'50-4901',	4,	0,	15.81359,	5.49087,	NULL,	NULL),
(1637,	'50-4901',	5,	0,	15.81359,	5.49087,	NULL,	NULL),
(1638,	'50-4917',	4,	0,	8.89095,	1.67992,	NULL,	NULL),
(1639,	'50-4917',	5,	0,	8.89095,	1.67992,	NULL,	NULL),
(1640,	'slugs',	6,	0,	0,	1,	101,	NULL),
(1641,	'slugs',	7,	0,	0,	1,	101,	NULL),
(1642,	'slugs',	8,	0,	0,	1,	101,	NULL),
(1643,	'slugs',	9,	0,	0,	1,	101,	NULL),
(1644,	'Obsolete',	0,	0,	0,	0.00001,	0,	NULL),
(1645,	'Obsolete',	0,	0,	0,	0.00001,	0,	NULL),
(1646,	'Obsolete',	0,	0,	0,	0.00001,	0,	NULL),
(1647,	'Obsolete',	0,	0,	0,	0.00001,	0,	NULL),
(1648,	'Obsolete',	0,	0,	0,	0.00001,	0,	NULL),
(1649,	'35-0135',	1,	0,	0.246735,	0.34,	NULL,	NULL),
(1650,	'35-0135',	2,	2,	0.246735,	0.34,	101,	'2016-08-17 00:00:00'),
(1651,	'35-0135',	3,	3,	0.356395,	0.34,	101,	'2016-08-17 00:00:00'),
(1652,	'35-0135',	4,	4,	0.411225,	0.34,	101,	'2016-08-17 00:00:00'),
(1653,	'35-0135',	5,	5,	0.5483,	0.34,	101,	'2016-08-17 00:00:00'),
(1654,	'Obsolete',	0,	0,	0,	0.00001,	0,	NULL),
(1655,	'Obsolete',	0,	0,	0,	0.00001,	0,	NULL),
(1656,	'Obsolete',	0,	0,	0,	0.00001,	0,	NULL),
(1657,	'50-0786',	1,	0,	0,	2,	NULL,	NULL),
(1658,	'50-0786',	2,	0,	0,	2,	NULL,	NULL),
(1659,	'50-0786',	3,	3,	4.912505,	2,	101,	'2016-08-17 00:00:00'),
(1660,	'50-0786',	4,	4,	5.668275,	2,	102,	'2016-08-17 00:00:00'),
(1661,	'50-0786',	5,	5,	7.5577,	2,	102,	'2016-08-17 00:00:00'),
(1662,	'35-3703',	1,	0,	0.246735,	0.34,	NULL,	NULL),
(1663,	'35-3703',	5,	5,	0.5483,	0.34,	101,	'2016-08-17 00:00:00'),
(1664,	'35-3703',	4,	4,	0.411225,	0.34,	101,	'2016-08-17 00:00:00'),
(1665,	'35-3703',	3,	3,	0.356395,	0.34,	101,	'2016-08-17 00:00:00'),
(1666,	'35-3703',	2,	0,	0.246735,	0.34,	101,	'2016-08-17 00:00:00'),
(1667,	'50-0774',	1,	0,	2.956,	3.46,	NULL,	NULL),
(1668,	'50-0774',	2,	0,	2.956,	3.46,	NULL,	NULL),
(1669,	'50-0774',	3,	0,	4.8,	3.46,	101,	NULL),
(1670,	'50-0774',	4,	4,	5.54,	3.46,	101,	NULL),
(1671,	'50-0774',	5,	5,	7.39,	3.46,	101,	NULL),
(1672,	'35-0186',	1,	0,	0.246735,	0.34,	NULL,	NULL),
(1673,	'35-0186',	2,	0,	0.246735,	0.34,	NULL,	NULL),
(1674,	'35-0186',	3,	3,	0.356395,	0.34,	101,	'2016-08-17 00:00:00'),
(1675,	'35-0186',	4,	4,	0.411225,	0.34,	101,	'2016-08-17 00:00:00'),
(1676,	'35-0186',	5,	5,	0.5483,	0.34,	101,	'2016-08-17 00:00:00'),
(1677,	'35-0203',	1,	0,	0.246735,	0.34,	NULL,	NULL),
(1678,	'35-0203',	2,	0,	0.246735,	0.34,	NULL,	NULL),
(1679,	'35-0203',	3,	3,	0.356395,	0.34,	101,	'2016-08-17 00:00:00'),
(1680,	'35-0203',	4,	4,	0.411225,	0.34,	101,	'2016-08-17 00:00:00'),
(1681,	'35-0203',	5,	5,	0.5483,	0.34,	101,	'2016-08-17 00:00:00'),
(1682,	'35-0247',	1,	0,	0.246735,	0.34,	NULL,	NULL),
(1683,	'35-0247',	2,	0,	0.246735,	0.34,	NULL,	NULL),
(1684,	'35-0247',	3,	3,	0.356395,	0.34,	101,	'2016-08-17 00:00:00'),
(1685,	'35-0247',	4,	4,	0.411225,	0.34,	101,	'2016-08-17 00:00:00'),
(1686,	'35-0247',	5,	5,	0.5483,	0.34,	101,	'2016-08-17 00:00:00'),
(1687,	'35-1033',	1,	0,	0.246735,	0.34,	NULL,	NULL),
(1688,	'35-1033',	2,	0,	0.246735,	0.34,	NULL,	NULL),
(1689,	'35-1033',	3,	3,	0.356395,	0.34,	101,	'2016-08-17 00:00:00'),
(1690,	'35-1033',	4,	4,	0.411225,	0.34,	101,	'2016-08-17 00:00:00'),
(1691,	'35-1033',	5,	5,	0.5483,	0.34,	101,	'2016-08-17 00:00:00'),
(1692,	'35-8703',	1,	1,	0.246735,	0.34,	101,	NULL),
(1693,	'35-8703',	2,	2,	0.246735,	0.34,	101,	NULL),
(1694,	'35-8703',	3,	3,	0.356395,	0.34,	101,	'2016-08-17 00:00:00'),
(1695,	'35-8703',	4,	4,	0.411225,	0.34,	102,	'2016-08-17 00:00:00'),
(1696,	'35-8703',	5,	5,	0.5483,	0.34,	101,	'2016-08-17 00:00:00'),
(1697,	'50-1713',	1,	0,	0,	3,	NULL,	NULL),
(1698,	'50-1713',	2,	0,	0,	3,	NULL,	NULL),
(1699,	'50-1713',	3,	3,	6.13873,	3,	101,	'2016-08-17 00:00:00'),
(1700,	'50-1713',	4,	4,	7.08315,	3,	102,	'2016-08-17 00:00:00'),
(1701,	'50-1713',	5,	5,	9.4442,	3,	101,	'2016-08-17 00:00:00'),
(1702,	'50-1731',	1,	0,	0,	1.7,	NULL,	NULL),
(1703,	'50-1731',	2,	0,	0,	1.7,	NULL,	NULL),
(1704,	'50-1731',	3,	3,	4.813055,	1.7,	101,	'2016-08-17 00:00:00'),
(1705,	'50-1731',	4,	4,	5.553525,	1.7,	102,	'2016-08-17 00:00:00'),
(1706,	'50-1731',	5,	5,	7.4047,	1.7,	101,	'2016-08-17 00:00:00'),
(1707,	'All Pump Gears',	1,	0,	0.2010276,	0.36,	NULL,	NULL),
(1708,	'All Pump Gears',	2,	0,	0.2010276,	0.36,	NULL,	NULL),
(1709,	'All Pump Gears',	3,	0,	0.2903732,	0.36,	NULL,	NULL),
(1710,	'All Pump Gears',	4,	0,	0.335046,	0.36,	NULL,	NULL),
(1711,	'All Pump Gears',	5,	0,	0.446728,	0.36,	NULL,	NULL),
(1712,	'PS2M-3260',	1,	0,	0,	0.1584,	NULL,	NULL),
(1713,	'PS2M-3260',	2,	0,	0,	0.1584,	NULL,	NULL),
(1714,	'PS2M-3260',	3,	0,	0,	0.1584,	NULL,	NULL),
(1715,	'PS2M-3260',	4,	0,	0,	0.1584,	NULL,	NULL),
(1716,	'PS2M-3260',	5,	0,	0,	0.1584,	NULL,	NULL),
(1717,	'50-3627/0774',	1,	0,	2.956,	3.527,	NULL,	NULL),
(1718,	'50-3627/0774',	5,	0,	2.956,	3.527,	NULL,	NULL),
(1719,	'50-3627/0774',	4,	0,	4.8,	3.527,	NULL,	NULL),
(1720,	'50-3627/0774',	3,	0,	5.54,	3.527,	NULL,	NULL),
(1721,	'50-3627/0774',	2,	0,	7.39,	3.527,	NULL,	NULL),
(1722,	'50-3632/0786',	1,	0,	2.79,	1.869622,	NULL,	NULL),
(1723,	'50-3632/0786',	5,	0,	6.2,	1.869622,	NULL,	NULL),
(1724,	'50-3632/0786',	4,	0,	4.03,	1.869622,	NULL,	NULL),
(1725,	'50-3632/0786',	3,	0,	4.65,	1.869622,	NULL,	NULL),
(1726,	'50-3632/0786',	2,	0,	4.65,	1.869622,	NULL,	NULL),
(1727,	'50-0774M',	1,	0,	2.956,	3.46,	NULL,	NULL),
(1728,	'50-0774M',	2,	0,	2.956,	3.46,	NULL,	NULL),
(1729,	'50-0774M',	3,	0,	4.8,	3.46,	NULL,	NULL),
(1730,	'50-0774M',	4,	0,	5.54,	3.46,	NULL,	NULL),
(1731,	'50-0774M',	5,	0,	7.39,	3.46,	NULL,	NULL),
(1732,	'50-0786M',	1,	0,	0,	2,	NULL,	NULL),
(1733,	'50-0786M',	2,	0,	0,	2,	NULL,	NULL),
(1734,	'50-0786M',	3,	0,	5.08612,	2,	NULL,	NULL),
(1735,	'50-0786M',	4,	0,	5.8686,	2,	NULL,	NULL),
(1736,	'50-0786M',	5,	0,	7.8248,	2,	NULL,	NULL),
(1737,	'50-3627M',	1,	0,	0,	3.527,	NULL,	NULL),
(1738,	'50-3627M',	2,	0,	0,	3.527,	NULL,	NULL),
(1739,	'50-3627M',	3,	0,	6.410024335,	3.527,	NULL,	NULL),
(1740,	'50-3627M',	4,	0,	7.396181925,	3.527,	NULL,	NULL),
(1741,	'50-3627M',	5,	0,	9.8615759,	5.527,	NULL,	NULL),
(1742,	'50-3627M/0774M',	1,	0,	2.956,	3.527,	NULL,	NULL),
(1743,	'50-3627M/0774M',	2,	0,	2.956,	3.527,	NULL,	NULL),
(1744,	'50-3627M/0774M',	3,	0,	4.8,	3.527,	NULL,	NULL),
(1745,	'50-3627M/0774M',	4,	0,	5.54,	3.527,	NULL,	NULL),
(1746,	'50-3627M/0774M',	5,	0,	7.39,	3.527,	NULL,	NULL),
(1747,	'50-3632M',	1,	0,	0,	1.869622,	NULL,	NULL),
(1748,	'50-3632M',	2,	0,	0,	1.869622,	NULL,	NULL),
(1749,	'50-3632M',	3,	0,	4.9569,	1.869622,	NULL,	NULL),
(1750,	'50-3632M',	4,	0,	5.7195,	1.869622,	NULL,	NULL),
(1751,	'50-3632M',	5,	0,	7.626,	1.869622,	NULL,	NULL),
(1752,	'50-3632M/0786M',	1,	0,	2.79,	1.869622,	NULL,	NULL),
(1753,	'50-3632M/0786M',	2,	0,	6.2,	1.869622,	NULL,	NULL),
(1754,	'50-3632M/0786M',	3,	0,	4.03,	1.869622,	NULL,	NULL),
(1755,	'50-3632M/0786M',	4,	0,	4.65,	1.869622,	NULL,	NULL),
(1756,	'50-3632M/0786M',	5,	0,	4.65,	1.869622,	NULL,	NULL),
(1757,	'77-0492',	1,	0,	0.722,	0.29,	NULL,	NULL),
(1758,	'77-0492',	2,	0,	0.722,	0.29,	NULL,	NULL),
(1759,	'77-0492',	3,	0,	0.722,	0.29,	NULL,	NULL),
(1760,	'77-0492',	4,	0,	0.722,	0.29,	NULL,	NULL),
(1761,	'77-0492',	5,	0,	0.722,	0.29,	NULL,	NULL),
(1762,	'77-0492',	6,	0,	0,	0.29,	NULL,	NULL),
(1763,	'77-6849',	1,	0,	0.722,	0.45,	NULL,	NULL),
(1764,	'77-6849',	2,	0,	0.722,	0.45,	NULL,	NULL),
(1765,	'77-6849',	3,	0,	0.722,	0.45,	NULL,	NULL),
(1766,	'77-6849',	4,	0,	0.722,	0.45,	NULL,	NULL),
(1767,	'77-6849',	5,	0,	0.722,	0.45,	NULL,	NULL),
(1768,	'77-6849',	6,	0,	0,	0.45,	NULL,	NULL),
(1769,	'77-6849',	9,	0,	0,	0.45,	NULL,	NULL),
(1770,	'77-0492',	9,	0,	0,	0.29,	NULL,	NULL),
(1771,	'77-6865',	1,	0,	0,	0.46,	NULL,	NULL),
(1772,	'77-6865',	2,	0,	0,	0.46,	NULL,	NULL),
(1773,	'77-6865',	3,	0,	0,	0.46,	101,	NULL),
(1774,	'77-6865',	4,	0,	0,	0.46,	101,	NULL),
(1775,	'77-6865',	5,	0,	0,	0.46,	NULL,	NULL),
(1776,	'77-6865',	6,	0,	0,	0.46,	NULL,	NULL),
(1777,	'77-6865',	9,	0,	0,	0.46,	NULL,	NULL),
(1778,	'58-2099',	4,	4,	3.482325,	2.323,	101,	NULL),
(1779,	'58-2099',	5,	5,	4.6431,	2.323,	101,	NULL),
(1780,	'58-2099',	6,	0,	4.6431,	2.323,	NULL,	NULL),
(1781,	'58-2099',	8,	0,	4.6431,	2.323,	NULL,	NULL),
(1782,	'58-7194',	2,	0,	0.293,	0.594,	NULL,	NULL),
(1783,	'58-7194',	3,	3,	0.4232,	0.594,	101,	NULL),
(1784,	'58-7194',	9,	0,	0.4232,	0.594,	NULL,	NULL),
(1785,	'58-2099',	1,	0,	2.089395,	2.323,	NULL,	NULL),
(1786,	'58-2099',	2,	0,	2.089395,	2.323,	NULL,	NULL),
(1787,	'58-2099',	3,	0,	3.018015,	2.323,	NULL,	NULL),
(1788,	'58-2099',	7,	0,	4.6431,	2.323,	NULL,	NULL),
(1789,	'58-2099',	9,	0,	4.6431,	2.323,	NULL,	NULL),
(1790,	'58-7194',	1,	0,	0.293,	0.594,	NULL,	NULL),
(1791,	'58-7194',	4,	0,	0.4883,	0.594,	NULL,	NULL),
(1792,	'58-7194',	5,	0,	0.4883,	0.594,	NULL,	NULL),
(1793,	'58-7194',	6,	0,	0.4883,	0.594,	103,	NULL),
(1794,	'58-7194',	7,	0,	0.4883,	0.594,	103,	NULL),
(1795,	'58-7194',	8,	0,	0.4883,	0.594,	103,	NULL),
(1796,	'Obsolete',	0,	0,	0,	0.00001,	0,	NULL),
(1797,	'50-1437',	1,	0,	0,	4.39,	NULL,	NULL),
(1798,	'50-1437',	2,	0,	0,	4.39,	NULL,	NULL),
(1799,	'50-1437',	3,	3,	5.205,	4.39,	103,	'2018-11-16 00:00:00'),
(1800,	'50-1437',	4,	4,	6.0058,	4.39,	103,	'2018-11-16 00:00:00'),
(1801,	'50-1437',	5,	5,	8.0077,	4.39,	103,	'2018-11-16 00:00:00'),
(1802,	'50-1437-A',	1,	0,	1.26121008825,	1.73,	101,	'2018-11-16 00:00:00'),
(1803,	'50-1437-A',	2,	2,	1.26121008825,	1.73,	101,	'2018-11-16 00:00:00'),
(1804,	'50-1437-A',	3,	3,	1.21018538025,	1.73,	103,	'2016-08-17 00:00:00'),
(1805,	'50-1437-B',	1,	0,	1.4414,	2.66,	101,	'2018-11-16 00:00:00'),
(1806,	'50-1437-B',	2,	2,	1.4414,	2.66,	101,	'2018-11-16 00:00:00'),
(1807,	'50-1437-B',	3,	3,	1.383069006,	2.66,	103,	'2016-08-17 00:00:00'),
(1808,	'Obsolete',	0,	0,	0,	0.00001,	0,	NULL),
(1809,	'50-1467',	1,	0,	0,	1.39,	0,	NULL),
(1810,	'50-1467',	2,	0,	0,	4.39,	NULL,	NULL),
(1811,	'50-1467',	3,	3,	4.436810235,	4.39,	103,	'2016-08-17 00:00:00'),
(1812,	'50-1467',	4,	4,	5.119396425,	4.39,	103,	'2016-08-17 00:00:00'),
(1813,	'50-1467',	5,	5,	6.8258619,	4.39,	103,	'2016-08-17 00:00:00'),
(1814,	'Obsolete',	0,	0,	0,	0.00001,	0,	NULL),
(1815,	'50-1467A',	3,	3,	1.07507324925,	1.39,	103,	'2016-08-17 00:00:00'),
(1816,	'50-1467B',	3,	3,	1.228655142,	1.39,	103,	'2016-08-17 00:00:00'),
(1817,	'77-0324',	1,	0,	0.722,	0.36,	NULL,	NULL),
(1818,	'77-0324',	2,	0,	0.722,	0.36,	NULL,	NULL),
(1819,	'77-0324',	3,	0,	0.722,	0.36,	0,	NULL),
(1820,	'77-0324',	4,	0,	0.722,	0.36,	0,	NULL),
(1821,	'77-0324',	5,	0,	0.722,	0.36,	0,	NULL),
(1822,	'77-0324',	6,	0,	0,	0.36,	0,	NULL),
(1823,	'77-0324',	9,	0,	0,	0.36,	0,	NULL),
(1824,	'1102-8536',	5,	5,	2.9341,	0.1474,	101,	NULL),
(1825,	'Obsolete',	0,	0,	0,	0.00001,	0,	NULL),
(1826,	'77-0983',	1,	0,	0.722,	0.29,	0,	NULL),
(1827,	'77-0983',	2,	0,	0.722,	0.29,	0,	NULL),
(1828,	'77-0983',	3,	0,	0.722,	0.29,	0,	NULL),
(1829,	'77-0983',	4,	0,	0.722,	0.29,	0,	NULL),
(1830,	'77-0983',	5,	0,	0.722,	0.29,	0,	NULL),
(1831,	'77-0983',	6,	0,	0,	0.29,	0,	NULL),
(1832,	'77-0983',	9,	0,	0,	0.29,	0,	NULL),
(1833,	'77-0984',	1,	0,	0.722,	0.29,	0,	NULL),
(1834,	'77-0984',	2,	0,	0.722,	0.29,	0,	NULL),
(1835,	'77-0984',	3,	0,	0.722,	0.29,	102,	NULL),
(1836,	'77-0984',	4,	0,	0.722,	0.29,	102,	NULL),
(1837,	'77-0984',	5,	0,	0.722,	0.29,	102,	NULL),
(1838,	'77-0984',	6,	0,	0,	0.29,	102,	NULL),
(1839,	'77-0984',	9,	0,	0,	0.29,	102,	NULL),
(1840,	'50-4748-A',	1,	0,	1.252935,	1.75,	101,	'2016-08-17 00:00:00'),
(1841,	'50-4748-A',	2,	2,	1.252935,	1.75,	101,	'2016-08-17 00:00:00'),
(1842,	'50-4748-A',	3,	3,	1.252935,	1.75,	102,	'2016-08-17 00:00:00'),
(1843,	'50-4748-B',	1,	0,	1.5237,	2,	101,	'2016-08-17 00:00:00'),
(1844,	'50-4748-B',	2,	2,	1.5237,	2,	101,	'2016-08-17 00:00:00'),
(1845,	'50-4748-B',	3,	3,	1.5237,	2,	102,	'2016-08-17 00:00:00'),
(1846,	'50-4748-C',	1,	0,	0.080685,	0.15,	101,	NULL),
(1847,	'50-4748-C',	2,	2,	0.080685,	0.15,	101,	NULL),
(1848,	'50-4748-D',	1,	0,	0.276165,	0.5,	101,	NULL),
(1849,	'50-4748-D',	2,	2,	0.276165,	0.5,	101,	NULL),
(1850,	'50-9341',	1,	0,	0,	2.41248888,	0,	NULL),
(1851,	'50-9341',	5,	5,	9.0016,	2.41248888,	101,	NULL),
(1852,	'50-9341',	4,	4,	6.849,	2.41248888,	101,	'2016-08-17 00:00:00'),
(1853,	'50-9341',	3,	3,	5.9358,	2.41248888,	101,	'2016-08-17 00:00:00'),
(1854,	'50-9341',	2,	0,	0,	2.41248888,	0,	NULL),
(1855,	'50-1467A',	1,	0,	1.07507324925,	1.39,	101,	'2016-08-17 00:00:00'),
(1856,	'50-1467A',	2,	2,	1.07507324925,	1.39,	101,	'2016-08-17 00:00:00'),
(1857,	'50-1467B',	1,	0,	1.228655142,	1.39,	102,	'2016-08-17 00:00:00'),
(1858,	'50-1467B',	2,	2,	1.228655142,	1.39,	101,	'2016-08-17 00:00:00'),
(1859,	'Obsolete',	0,	0,	0,	0.00001,	0,	NULL),
(1860,	'Obsolete',	0,	0,	0,	0.00001,	0,	NULL),
(1861,	'Oily Overflow C1',	1,	1,	0.5,	1,	101,	NULL),
(1862,	'Oily Overflow C1',	2,	2,	0.5,	1,	101,	NULL),
(1863,	'Oily Overflow C2',	1,	1,	0.5,	1,	101,	NULL),
(1864,	'Oily Overflow C2',	2,	2,	0.5,	1,	101,	NULL),
(1865,	'50-9341 A',	1,	1,	1.4994152271,	1,	101,	'2016-08-17 00:00:00'),
(1866,	'50-9341 A',	2,	2,	1.4994152271,	1,	101,	'2016-08-17 00:00:00'),
(1867,	'50-9341 B',	1,	1,	1.444455,	1.412,	101,	'2016-08-17 00:00:00'),
(1868,	'50-9341 B',	2,	2,	1.444455,	1.412,	101,	'2016-08-17 00:00:00'),
(1869,	'50-9341 C',	1,	1,	0.0819,	0.045,	101,	'2016-08-17 00:00:00'),
(1870,	'50-9341 C',	2,	2,	0.0819,	0.045,	101,	'2016-08-17 00:00:00'),
(1871,	'50-9341 A',	3,	3,	1.4994152271,	1,	102,	'2016-08-17 00:00:00'),
(1872,	'50-9341 B',	3,	3,	1.444455,	1.412,	101,	'2016-08-17 00:00:00'),
(1873,	'50-4865',	3,	3,	5.10965,	1.913613,	101,	'2016-08-17 00:00:00'),
(1874,	'50-4865',	4,	4,	5.89575,	1.913613,	102,	'2016-08-17 00:00:00'),
(1875,	'50-4865-A',	1,	1,	1.20555,	0.762799,	101,	'2016-08-17 00:00:00'),
(1876,	'50-4865-A',	2,	2,	1.20555,	0.762799,	101,	'2016-08-17 00:00:00'),
(1877,	'50-4865-A',	3,	3,	1.20555,	0.762799,	101,	'2016-08-17 00:00:00'),
(1878,	'50-4865-B',	1,	1,	1.45629,	1.05822,	101,	'2016-08-17 00:00:00'),
(1879,	'50-4865-B',	2,	2,	1.45629,	1.05822,	101,	'2016-08-17 00:00:00'),
(1880,	'50-4865-B',	3,	3,	1.45629,	1.05822,	101,	'2016-08-17 00:00:00'),
(1881,	'50-4865-C',	1,	1,	0.293963175,	0.081571,	101,	'2016-08-17 00:00:00'),
(1882,	'50-4865-C',	2,	2,	0.293963175,	0.081571,	101,	'2016-08-17 00:00:00'),
(1883,	'50-4865-D',	1,	1,	0.076635,	0.0110231,	101,	'2016-08-17 00:00:00'),
(1884,	'50-4865-D',	2,	2,	0.076635,	0.0110231,	101,	'2016-08-17 00:00:00'),
(1885,	'50-4865',	5,	5,	7.861,	1.913613,	102,	'2016-08-17 00:00:00'),
(1886,	'50-9341-FM',	4,	4,	0,	2.4124888,	101,	NULL),
(1887,	'50-0455-FM',	4,	4,	0,	2.4124888,	101,	NULL),
(1889,	'50-9641',	3,	3,	5.0517,	1.913613,	101,	NULL),
(1890,	'50-9641',	4,	4,	5.8289,	1.913613,	102,	NULL),
(1891,	'50-9641',	5,	5,	7.7719,	1.913613,	102,	NULL),
(1892,	'50-9641 A',	1,	1,	1.1863,	0.762799,	101,	NULL),
(1893,	'50-9641 A',	2,	2,	1.1863,	0.762799,	101,	NULL),
(1894,	'50-9641 A',	3,	3,	1.1863,	0.762799,	101,	NULL),
(1895,	'50-9641 B',	1,	1,	1.4319,	1.05822,	101,	NULL),
(1896,	'50-9641 B',	2,	2,	1.4319,	1.05822,	101,	NULL),
(1897,	'50-9641 B',	3,	3,	1.4319,	1.05822,	101,	NULL),
(1898,	'50-9641 C',	1,	1,	0.294,	0.081571,	101,	NULL),
(1899,	'50-9641 C',	2,	2,	0.294,	0.081571,	101,	NULL),
(1900,	'50-9641 D',	1,	1,	0.0766,	0.0110231,	101,	NULL),
(1901,	'50-9641 D',	2,	2,	0.0766,	0.0110231,	101,	NULL),
(1902,	'50-1467C',	2,	2,	0.293963175,	0.0939411,	101,	'2017-01-11 00:00:00'),
(1903,	'Powder (New)',	2,	2,	0.5,	1,	101,	'2017-03-03 00:00:00'),
(1904,	'All Parts',	10,	0,	0.01,	0.01,	101,	'2017-03-31 00:00:00'),
(1907,	'50-0455-C',	2,	0,	0,	0.2,	101,	NULL),
(1910,	'50-0455',	3,	3,	5.757,	2.42,	101,	'2018-11-01 00:00:00'),
(1911,	'50-0455',	4,	4,	6.6427,	2.42,	101,	'2018-11-01 00:00:00'),
(1912,	'50-0455',	5,	5,	8.8569,	2.42,	101,	'2018-11-01 00:00:00'),
(1914,	'Powder-1174',	2,	2,	0.61,	1,	101,	'2017-11-30 00:00:00'),
(1915,	'Powder-1202',	2,	2,	0.61,	1,	101,	'2017-11-30 00:00:00'),
(1916,	'Powder-1185',	2,	2,	0.61,	1,	101,	'2017-11-30 00:00:00'),
(1919,	'50-0455-A',	1,	1,	1.5432,	0.99,	101,	'2018-11-01 00:00:00'),
(1920,	'50-0455-B',	2,	2,	1.5359,	0.57,	101,	'2018-11-01 00:00:00'),
(1921,	'50-0455-A',	2,	2,	1.5432,	0.99,	101,	'2018-11-01 00:00:00'),
(1922,	'50-0455-B',	1,	1,	1.5359,	0.57,	101,	'2018-11-01 00:00:00'),
(1923,	'50-5401',	3,	3,	10.3766,	3.55,	102,	'2018-11-01 00:00:00'),
(1924,	'50-5401',	4,	4,	11.973,	3.55,	102,	'2018-11-01 00:00:00'),
(1925,	'50-5401',	5,	5,	15.964,	3.55,	102,	'2018-11-01 00:00:00'),
(1932,	'50-5401-A',	1,	1,	2.5814,	1.35,	101,	'2018-11-01 00:00:00'),
(1933,	'50-5401-A',	2,	2,	2.5814,	1.35,	101,	'2018-11-01 00:00:00'),
(1934,	'50-5401-B',	1,	1,	3.1132,	2.07896,	101,	'2018-11-01 00:00:00'),
(1935,	'50-5401-B',	2,	2,	3.1132,	2.07896,	101,	'2018-11-01 00:00:00'),
(1937,	'Obsolete',	3,	3,	12.3351,	4.239489,	101,	'2018-11-01 00:00:00'),
(1938,	'Obsolete',	4,	4,	14.2328,	4.239489,	101,	'2018-11-01 00:00:00'),
(1939,	'Obsolete',	5,	5,	18.977,	4.239489,	101,	'2018-11-01 00:00:00'),
(1940,	'Obsolete',	1,	1,	3.2727,	2.281784,	101,	'2018-11-01 00:00:00'),
(1941,	'Obsolete',	2,	2,	3.2727,	2.281784,	101,	'2018-11-01 00:00:00'),
(1942,	'Obsolete',	1,	1,	3.4461,	1.63583,	101,	'2018-11-01 00:00:00'),
(1943,	'Obsolete',	2,	2,	3.4461,	1.63583,	101,	'2018-11-01 00:00:00'),
(1946,	'50-5404',	3,	3,	12.3351,	4.239489,	102,	'2018-11-01 00:00:00'),
(1947,	'50-5404',	4,	4,	14.2328,	4.239489,	102,	'2018-11-01 00:00:00'),
(1948,	'50-5404',	5,	5,	18.977,	4.239489,	102,	'2018-11-01 00:00:00'),
(1949,	'50-5404-A',	1,	1,	3.2727,	2.281784,	101,	'2018-11-01 00:00:00'),
(1950,	'50-5404-A',	2,	2,	3.2727,	2.281784,	101,	'2018-11-01 00:00:00'),
(1951,	'50-5404-B',	1,	1,	3.4461,	1.63583,	101,	'2018-11-01 00:00:00'),
(1952,	'50-5404-B',	2,	2,	3.4461,	1.63583,	101,	'2018-11-01 00:00:00'),
(1953,	'50-5399',	3,	3,	17.334,	12.4936,	102,	'2018-11-01 00:00:00'),
(1954,	'50-5399',	4,	4,	20.0008,	12.4936,	102,	'2018-11-01 00:00:00'),
(1955,	'50-5399',	5,	5,	26.6677,	12.4936,	102,	'2018-11-01 00:00:00'),
(1956,	'50-5399-A',	1,	1,	4.2002,	3.428188,	101,	'2018-11-01 00:00:00'),
(1957,	'50-5399-A',	2,	2,	4.2002,	3.428188,	101,	'2018-11-01 00:00:00'),
(1958,	'50-5399-B',	1,	1,	4.8002,	6.311835,	101,	'2018-11-01 00:00:00'),
(1959,	'50-5399-B',	2,	2,	4.8002,	6.311835,	101,	'2018-11-01 00:00:00'),
(1960,	'50-3214',	3,	3,	14.1679,	3.483304,	102,	'2018-11-01 00:00:00'),
(1961,	'50-3214',	4,	4,	16.3475,	3.483304,	102,	'2018-11-01 00:00:00'),
(1962,	'50-3214',	5,	5,	21.7967,	3.483304,	102,	'2018-11-01 00:00:00'),
(1963,	'50-3214-A',	1,	1,	3.8981,	2.314854,	101,	'2018-11-01 00:00:00'),
(1964,	'50-3214-A',	2,	2,	3.8981,	2.314854,	101,	'2018-11-01 00:00:00'),
(1965,	'50-3214-B',	1,	1,	3.7935,	0.925942,	101,	'2018-11-01 00:00:00'),
(1966,	'50-3214-B',	2,	2,	3.7935,	0.925942,	101,	'2018-11-01 00:00:00'),
(1967,	'50-5214',	3,	3,	15.092,	4.188783,	102,	'2018-11-01 00:00:00'),
(1968,	'50-5214',	4,	4,	17.4138,	4.188783,	102,	'2018-11-01 00:00:00'),
(1969,	'50-5214',	5,	5,	23.2184,	4.188783,	102,	'2018-11-01 00:00:00'),
(1970,	'50-5214-A',	1,	1,	4.0945,	2.535316,	101,	'2018-11-01 00:00:00'),
(1971,	'50-5214-A',	2,	2,	4.0945,	2.535316,	101,	'2018-11-01 00:00:00'),
(1972,	'50-5214-B',	1,	1,	4.1533,	1.41096,	101,	'2018-11-01 00:00:00'),
(1973,	'50-5214-B',	2,	2,	4.1533,	1.41096,	101,	'2018-11-01 00:00:00'),
(1974,	'50-5132',	3,	3,	17.334,	12.4936,	102,	'2018-11-01 00:00:00'),
(1975,	'50-5132',	4,	4,	20.0008,	12.4936,	102,	'2018-11-01 00:00:00'),
(1976,	'50-5132',	5,	5,	26.6677,	12.4936,	102,	'2018-11-01 00:00:00'),
(1977,	'50-5132-A',	1,	1,	4.2002,	3.428188,	101,	'2018-11-01 00:00:00'),
(1978,	'50-5132-A',	2,	2,	4.2002,	3.428188,	101,	'2018-11-01 00:00:00'),
(1979,	'50-5132-B',	1,	1,	4.8002,	6.311835,	101,	'2018-11-01 00:00:00'),
(1980,	'50-5132-B',	2,	2,	4.8002,	6.311835,	101,	'2018-11-01 00:00:00'),
(1981,	'50-5132',	3,	3,	17.334,	12.4936,	102,	'2018-11-01 00:00:00'),
(1982,	'50-5132',	4,	4,	20.0008,	12.4936,	102,	'2018-11-01 00:00:00'),
(1983,	'50-5132',	5,	5,	26.6677,	12.4936,	102,	'2018-11-01 00:00:00'),
(1984,	'50-5132-A',	1,	1,	4.2002,	3.428188,	101,	'2018-11-01 00:00:00'),
(1985,	'50-5132-A',	2,	2,	4.2002,	3.428188,	101,	'2018-11-01 00:00:00'),
(1986,	'50-5132-B',	1,	1,	4.8002,	6.311835,	101,	'2018-11-01 00:00:00'),
(1987,	'50-5132-B',	2,	2,	4.8002,	6.311835,	101,	'2018-11-01 00:00:00'),
(1988,	'50-5128',	3,	3,	10.3677,	3.55,	102,	'2018-11-01 00:00:00'),
(1989,	'50-5128',	4,	4,	11.973,	3.55,	102,	'2018-11-01 00:00:00'),
(1990,	'50-5128',	5,	5,	15.964,	3.55,	102,	'2018-11-01 00:00:00'),
(1991,	'50-5128-A',	1,	1,	2.5814,	1.35,	101,	'2018-11-01 00:00:00'),
(1992,	'50-5128-A',	2,	2,	2.5814,	1.35,	101,	'2018-11-01 00:00:00'),
(1993,	'50-5128-B',	1,	1,	3.1132,	2.07896,	101,	'2018-11-01 00:00:00'),
(1994,	'50-5128-B',	2,	2,	3.1132,	2.07896,	101,	'2018-11-01 00:00:00'),
(1995,	'50-5145',	3,	3,	12.3351,	4.239489,	102,	'2018-11-01 00:00:00'),
(1996,	'50-5145',	4,	4,	14.2328,	4.239489,	102,	'2018-11-01 00:00:00'),
(1997,	'50-5145',	5,	5,	18.977,	4.239489,	102,	'2018-11-01 00:00:00'),
(1998,	'50-5145-A',	1,	1,	3.2727,	2.281784,	101,	'2018-11-01 00:00:00'),
(1999,	'50-5145-A',	2,	2,	3.2727,	2.281784,	101,	'2018-11-01 00:00:00'),
(2000,	'50-5145-B',	1,	1,	3.4461,	1.63583,	101,	'2018-11-01 00:00:00'),
(2001,	'50-5145-B',	2,	2,	3.4461,	1.63583,	101,	'2018-11-01 00:00:00'),
(2002,	'50-5145',	3,	3,	12.3351,	4.239489,	102,	'2018-11-01 00:00:00'),
(2003,	'50-5145',	4,	4,	14.2328,	4.239489,	102,	'2018-11-01 00:00:00'),
(2004,	'50-5145',	5,	5,	18.977,	4.239489,	102,	'2018-11-01 00:00:00'),
(2005,	'50-5128-B',	2,	2,	3.1132,	2.07896,	101,	'2018-11-01 00:00:00'),
(2006,	'50-5145-A',	1,	1,	3.2727,	2.281784,	101,	'2018-11-01 00:00:00'),
(2007,	'50-5145-A',	2,	2,	3.2727,	2.281784,	101,	'2018-11-01 00:00:00'),
(2008,	'50-5145-B',	1,	1,	3.4461,	1.63583,	101,	'2018-11-01 00:00:00'),
(2009,	'50-5145-B',	2,	2,	3.4461,	1.63583,	101,	'2018-11-01 00:00:00'),
(2010,	'Obsolete',	3,	3,	6.19387002,	3.527,	101,	NULL),
(2011,	'Obsolete',	4,	4,	7.1467731,	3.527,	102,	NULL),
(2012,	'Obsolete',	5,	5,	9.5290308,	3.527,	102,	NULL),
(2013,	'Obsolete',	4,	4,	5.522475,	1.869622,	102,	NULL),
(2014,	'Obsolete',	3,	3,	4.786145,	1.869622,	101,	NULL),
(2015,	'Obsolete',	5,	5,	7.3633,	1.869622,	102,	NULL),
(2016,	'35-3001',	4,	4,	1.26,	1.3161597,	102,	'2019-03-05 00:00:00'),
(2017,	'35-3001',	5,	5,	1.26,	1.3161597,	102,	'2019-03-05 00:00:00'),
(2019,	'50-3050',	3,	3,	5.205,	4.39,	103,	'2018-11-16 00:00:00'),
(2020,	'50-3050',	4,	4,	6.0058,	4.39,	103,	'2018-11-16 00:00:00'),
(2021,	'50-3050',	5,	5,	8.0077,	4.39,	103,	'2018-11-16 00:00:00'),
(2022,	'50-3050-A',	1,	1,	1.2612,	1.73,	101,	'2018-11-16 00:00:00'),
(2023,	'50-3050-A',	2,	2,	1.2612,	1.73,	101,	'2018-11-16 00:00:00'),
(2024,	'50-3050-B',	1,	1,	1.282,	2.66,	101,	'2018-11-16 00:00:00'),
(2025,	'50-3050-B',	2,	2,	1.282,	2.66,	101,	'2018-11-16 00:00:00'),
(2026,	'50-1448',	5,	5,	7.861,	1.913613,	102,	'2016-09-16 00:00:00')
ON DUPLICATE KEY UPDATE `PartDeptID` = VALUES(`PartDeptID`), `PartID` = VALUES(`PartID`), `DeptID` = VALUES(`DeptID`), `Sequence` = VALUES(`Sequence`), `Cost` = VALUES(`Cost`), `Weightlbs` = VALUES(`Weightlbs`), `Area` = VALUES(`Area`), `DateCost` = VALUES(`DateCost`);


DROP TABLE IF EXISTS `Depts`;
CREATE TABLE `Depts` (
  `DeptID` int(11) NOT NULL DEFAULT '0',
  `Department` varchar(20) DEFAULT NULL,
  `DepartmentState` varchar(20) DEFAULT NULL,
  PRIMARY KEY (`DeptID`),
  KEY `Department` (`Department`)
) ENGINE=InnoDB DEFAULT CHARSET=utf8mb4;

INSERT INTO `Depts` (`DeptID`, `Department`, `DepartmentState`) VALUES
(1,	'Blending',	'Green'),
(2,	'Compact',	'Green'),
(3,	'Sinter',	'Hard'),
(4,	'Secondary',	'Hard'),
(5,	'Finished',	'Hard'),
(6,	'Final Audit',	'Hard'),
(7,	'Care',	'Hard'),
(8,	'GP12',	'Hard'),
(9,	'Shipping',	'Hard'),
(10,	'All Processes',	NULL);

DROP TABLE IF EXISTS `Machines`;
CREATE TABLE `Machines` (
  `MachineID` int(11) NOT NULL DEFAULT '0',
  `DeptID` int(11) DEFAULT '0',
  `MachineDesc` varchar(255) DEFAULT NULL,
  `PlantID` int(11) DEFAULT '0',
  `Stamp` varchar(16) DEFAULT NULL,
  PRIMARY KEY (`MachineID`),
  KEY `DeptID` (`DeptID`),
  KEY `Stamp` (`Stamp`),
  KEY `PlantID` (`PlantID`)
) ENGINE=InnoDB DEFAULT CHARSET=utf8mb4;

INSERT INTO `Machines` (`MachineID`, `DeptID`, `MachineDesc`, `PlantID`, `Stamp`) VALUES
(101,	1,	'BLENDER (200 LBS)',	1,	NULL),
(102,	1,	'BLENDER (2,000 LBS)',	1,	NULL),
(104,	1,	'BLENDER (40,000 LBS)',	1,	NULL),
(105,	1,	'POWDER REGRINDER',	1,	NULL),
(121,	1,	'30,000 LB. BLENDER',	3,	NULL),
(199,	1,	'Powder Regrind with no machine number',	1,	NULL),
(202,	2,	'14 DORST',	1,	NULL),
(203,	2,	'T4 STOKES',	1,	NULL),
(204,	2,	'R4 STOKES',	1,	NULL),
(205,	2,	'R4A STOKES',	1,	NULL),
(208,	2,	'S1 STOKES',	1,	NULL),
(215,	2,	'50 DORST',	1,	NULL),
(216,	2,	'55 DORST',	1,	NULL),
(218,	2,	'60 ALPHA',	1,	NULL),
(219,	2,	'60 YOSH',	1,	NULL),
(224,	2,	'280S STOKES',	1,	NULL),
(227,	2,	'125B ALPHA',	1,	NULL),
(230,	2,	'200 YOSH',	1,	NULL),
(231,	2,	'500 ALPHA',	1,	NULL),
(236,	2,	'200 CINCI',	1,	NULL),
(237,	2,	'200 BUSSMAN',	1,	NULL),
(238,	2,	'250 ALPHA',	1,	NULL),
(240,	2,	'500 TON CINCI',	1,	NULL),
(241,	2,	'500 TON CINCI',	1,	NULL),
(242,	2,	'825 TON CINCI',	1,	NULL),
(243,	2,	'200 BUSSMAN',	1,	NULL),
(244,	2,	'100 TON CINCI',	1,	NULL),
(245,	2,	'825 TON CINCI',	1,	NULL),
(248,	2,	'50 Dorst',	1,	NULL),
(261,	2,	'825 TON CINCI PRESS',	3,	NULL),
(262,	2,	'825 TON CINCI PRESS',	3,	NULL),
(263,	2,	'825 TON CINCI PRESS',	3,	NULL),
(264,	2,	'100 TON CINCI PRESS',	3,	NULL),
(265,	2,	'R4 STOKES',	3,	NULL),
(271,	2,	'350 TON MANNESMAN',	2,	NULL),
(272,	2,	'1500 TON MANNESMAN',	2,	NULL),
(273,	2,	'1500 TON MANNESMAN',	2,	NULL),
(274,	2,	'PELLET PRESS X',	2,	NULL),
(275,	2,	'PELLET PRESS 45RFE',	2,	NULL),
(276,	2,	'WAFER PRESS - 60 Alpha',	2,	NULL),
(277,	2,	'800 TON MANNESMAN',	2,	NULL),
(278,	2,	'800 TON MANNESMAN',	2,	NULL),
(280,	2,	'500 Dorst',	1,	NULL),
(304,	3,	'24\" HOLCROFT GAS \"A\'',	1,	NULL),
(305,	3,	'24\" HOLCROFT GAS \"B\"',	1,	NULL),
(307,	3,	'ENDO GENERATOR',	1,	NULL),
(309,	3,	'',	1,	NULL),
(310,	3,	'CHILLING TOWER',	1,	NULL),
(311,	3,	'WALKING BEAM FURNACE',	1,	NULL),
(312,	3,	'BOAT STRAIGHTENER',	1,	NULL),
(314,	3,	'DREVER FURNACE',	1,	NULL),
(315,	3,	'CREMER FURNACE #1',	1,	NULL),
(316,	3,	'CREMER FURNACE #2',	1,	NULL),
(331,	3,	'1000 LB/HR DREVER FURNACE',	3,	NULL),
(332,	3,	'1000 LB/HR DREVER FURNACE',	3,	NULL),
(333,	3,	'1000 LB/HR DREVER FURNACE',	3,	NULL),
(341,	3,	'CREMER ',	2,	NULL),
(342,	3,	'CREMER ',	2,	NULL),
(343,	3,	'CREMER ',	2,	NULL),
(344,	3,	'CREMER ',	2,	NULL),
(345,	3,	'CREMER ',	2,	NULL),
(347,	4,	'Temper',	2,	NULL),
(349,	3,	'FURNACE',	1,	NULL),
(397,	3,	'COOLING UNIT #24A',	1,	NULL),
(398,	3,	'COOLING UNIT #24B',	1,	NULL),
(399,	3,	'DEW POINT MONITOR',	1,	NULL),
(402,	4,	'1 1/2 B DIAL',	1,	NULL),
(405,	4,	'60 MONARCH',	1,	NULL),
(406,	4,	'',	1,	NULL),
(407,	4,	'30 GASSBARRE',	1,	NULL),
(408,	4,	'200 CINCI RESTRIKE',	1,	NULL),
(409,	4,	'600 CINCI',	1,	NULL),
(410,	4,	'60 FEDERAL',	1,	NULL),
(441,	4,	'600 TON CINCI',	2,	NULL),
(442,	4,	'121 TON MARK 121',	2,	NULL),
(443,	4,	'200 TON ',	2,	NULL),
(501,	4,	'SUNNEN HONE',	1,	NULL),
(505,	4,	'SNOW DRILL & TAP',	1,	NULL),
(507,	4,	'TOLEDO SHEAR',	1,	NULL),
(510,	4,	'STEAM TREATER LARGE',	1,	NULL),
(516,	4,	'SMALL TUMBLER',	1,	NULL),
(518,	4,	'OIL IMPREGNATION TANK',	1,	NULL),
(521,	4,	'DRILL PRESS - SINTERING',	1,	NULL),
(522,	4,	'1108-7284 DRILL & TAP MC',	1,	NULL),
(523,	4,	'DRILL PRESS SIZING',	1,	NULL),
(524,	4,	'HARDINGE 1102-8536 & 8537',	1,	NULL),
(525,	4,	'HARDINGE CHUCKER',	1,	NULL),
(527,	4,	'MILLING MACHINE',	2,	NULL),
(529,	4,	'HARDINGE \"ITP\" WASHERS',	2,	NULL),
(530,	4,	'HARDINGE 1102-8482',	1,	NULL),
(531,	4,	'1102-8536 & 1102-8537 MC',	1,	NULL),
(532,	4,	'TUMBLER VF14',	1,	NULL),
(533,	4,	'TUMBLER VF7',	2,	NULL),
(534,	4,	'DRILL & REAM',	1,	NULL),
(538,	4,	'1102-8534 MC',	1,	NULL),
(539,	4,	'1102-8482 MC',	1,	NULL),
(540,	4,	'REAM',	1,	NULL),
(541,	4,	'MOTCH',	1,	NULL),
(542,	4,	'MOTCH',	1,	NULL),
(543,	4,	'DEBURR',	1,	NULL),
(544,	4,	'WASHER',	1,	NULL),
(545,	4,	'DUST COLLECTOR',	1,	NULL),
(546,	4,	'DESOUTER DEBURR',	1,	NULL),
(550,	4,	'KITAKO CNC ',	1,	NULL),
(551,	4,	'MPI MAGNAFLUX UNIT',	1,	NULL),
(557,	4,	'INDUCTION HEAT TREAT',	1,	NULL),
(558,	4,	'RUST GUARD DIP TANK',	1,	NULL),
(559,	4,	'45RFE WASHER-DRYER',	1,	NULL),
(560,	4,	'TENSION BRACKET ASS\'Y',	1,	NULL),
(561,	4,	'35-2066 MC',	1,	NULL),
(562,	4,	'DENNISON PRESS',	1,	NULL),
(563,	4,	'11-3905 BURNISHING',	1,	NULL),
(564,	4,	'MURATEC LATHE',	1,	NULL),
(565,	4,	'MAKINO MILL',	1,	NULL),
(566,	4,	'HARDINGE MILL',	1,	NULL),
(567,	4,	'TORQUE TEST UNIT',	1,	NULL),
(568,	4,	'MPI MAGNAFLUX UNIT',	1,	NULL),
(569,	4,	'HARDINGE VL3 LATHE',	1,	NULL),
(570,	4,	'MARKING SYSTEM',	1,	NULL),
(571,	4,	'BEAD BLAST #1',	3,	NULL),
(572,	4,	'BEAD BLAST #2',	3,	NULL),
(573,	4,	'BROACH #1',	3,	NULL),
(574,	4,	'OKUMA VT300-M',	1,	NULL),
(575,	4,	'OKUMA VT300-M',	1,	'A'),
(576,	4,	'SMS TURNING/MILLING',	1,	'A'),
(577,	4,	'SPINDLE DEBURR',	1,	NULL),
(578,	4,	'3104 AUTOMATION  #2',	1,	NULL),
(580,	4,	'OKUMA - 48RE',	3,	'D'),
(581,	4,	'OKUMA - 48RE',	3,	'C'),
(582,	4,	'OKUMA - 48RE',	3,	'F'),
(583,	4,	'OKUMA - 48RE',	3,	'E'),
(584,	4,	'DRILL - 48RE',	3,	NULL),
(585,	4,	'AUTOMATION 48RE',	3,	NULL),
(586,	4,	'SPINDLE DEBURR - 48RE',	3,	NULL),
(590,	4,	'BALANCE',	1,	NULL),
(591,	4,	'KING DRILL PRESS',	1,	NULL),
(592,	4,	'ZONIC #1 (RESONANCE)',	1,	NULL),
(593,	4,	'ROTOPER  (ATS)',	2,	NULL),
(594,	4,	'OKUMA #1',	1,	'C'),
(595,	4,	'OKUMA #2',	1,	'B'),
(596,	4,	'SPINDLE DEBURR',	1,	NULL),
(597,	4,	'3104 AUTOMATION  #1',	1,	NULL),
(598,	4,	'PARLEC SETTER',	2,	NULL),
(599,	4,	'OKUMA CADET',	1,	NULL),
(600,	4,	'GENERAL',	1,	NULL),
(601,	4,	'SMS TURNING',	2,	NULL),
(602,	4,	'SMS TURNING/MILLING',	2,	NULL),
(603,	4,	'SMS TURNING',	2,	NULL),
(604,	4,	'SMS TURNING',	2,	NULL),
(605,	4,	'SMS TURNING/MILLING',	2,	NULL),
(606,	4,	'SMS TURNING/MILLING',	2,	NULL),
(607,	4,	'BALANCE (INPUT)',	2,	NULL),
(608,	4,	'BALANCE (OUTPUT)',	2,	NULL),
(609,	4,	'ROLLER BURNISH (INPUT)',	2,	NULL),
(610,	4,	'ROLLER BURNISH (OUTPUT)',	2,	NULL),
(611,	4,	'BROACH',	2,	NULL),
(612,	4,	'WASH & DRY',	2,	NULL),
(613,	4,	'DRILL',	2,	NULL),
(614,	4,	'OKUMA L370-M',	2,	NULL),
(615,	4,	'OKUMA L370-M',	2,	NULL),
(616,	4,	'OKUMA L370-M',	2,	'K'),
(617,	4,	'OKUMA L370-M',	2,	'J'),
(618,	4,	'OKUMA L370-M',	2,	'B'),
(619,	4,	'OKUMA L370-M',	2,	'D'),
(620,	4,	'OKUMA L370-M',	2,	NULL),
(621,	4,	'OKUMA L370-M',	2,	NULL),
(622,	4,	'OKUMA L370-M',	2,	NULL),
(623,	4,	'OKUMA L370-M',	2,	NULL),
(624,	4,	'OKUMA L370-M',	2,	'C'),
(625,	4,	'OKUMA L370-M',	2,	NULL),
(626,	4,	'OKUMA L370-M',	2,	NULL),
(627,	4,	'OKUMA L370-M',	2,	NULL),
(628,	4,	'OKUMA L370-M',	2,	'L'),
(629,	4,	'OKUMA L370-M',	2,	NULL),
(630,	4,	'SPLINDLE DEBURR',	2,	NULL),
(631,	4,	'AUTOMATION',	2,	NULL),
(632,	4,	'Automation - Conveyors',	2,	NULL),
(633,	4,	'',	2,	NULL),
(634,	4,	'Spindle Deburr',	2,	NULL),
(635,	4,	'Okuma Cadet',	2,	'I'),
(636,	4,	'',	2,	NULL),
(637,	4,	'',	2,	NULL),
(638,	4,	'Okuma - Tesma',	2,	NULL),
(639,	4,	'Spindle Deburr',	2,	NULL),
(640,	4,	'',	2,	NULL),
(641,	4,	'CNC Automation',	2,	NULL),
(642,	4,	'Robot Automation',	2,	NULL),
(643,	4,	'Magnaflux',	2,	NULL),
(644,	4,	'Okuma LVT300',	2,	'6'),
(645,	4,	'Okuma LVT300',	2,	'5'),
(646,	4,	'Okuma LVT300',	2,	'4'),
(647,	4,	'',	2,	'1'),
(648,	4,	'Okuma LVT300',	2,	'2'),
(649,	4,	'Okuma LVT300',	2,	'3'),
(650,	4,	'Spindle Deburr',	2,	NULL),
(651,	4,	'Induction',	2,	NULL),
(652,	4,	'SMS Accucell AC300',	2,	NULL),
(653,	4,	'SMS Accucell AC300',	2,	NULL),
(654,	4,	'Okuma LVT400M',	2,	NULL),
(655,	4,	'Okuma LVT400M',	2,	NULL),
(656,	4,	'',	2,	NULL),
(657,	4,	'SMS Challenger I-25MP',	2,	NULL),
(658,	4,	'SMS Challenger I-25MP',	2,	NULL),
(659,	4,	'SMS Challenger I-25MP',	2,	NULL),
(660,	4,	'SMS Challenger I-25MP',	2,	NULL),
(661,	4,	'SMS Challenger I-25MP',	2,	NULL),
(662,	4,	'Broach',	2,	NULL),
(663,	4,	'Spindle Deburr',	2,	NULL),
(664,	4,	'Wash & Dry',	2,	NULL),
(665,	4,	'',	2,	NULL),
(666,	4,	'Balancer',	2,	NULL),
(667,	4,	'Drill',	2,	NULL),
(668,	4,	'Vertical Mills  - Enshu ES450',	2,	NULL),
(669,	4,	'Vertical Mills  - Enshu ES450',	2,	NULL),
(670,	4,	'Lathes  - Fuji ANW-3000',	2,	NULL),
(671,	4,	'Lathes  - Fuji ANW-3000',	2,	NULL),
(672,	4,	'New',	2,	'V'),
(673,	4,	'New',	2,	'U'),
(674,	4,	'New',	2,	'T'),
(675,	4,	'New',	2,	'S'),
(676,	4,	'New',	2,	'R'),
(677,	4,	'Okuma 33T',	2,	NULL),
(678,	4,	NULL,	2,	NULL),
(679,	4,	NULL,	2,	NULL),
(680,	4,	NULL,	2,	NULL),
(681,	4,	NULL,	2,	NULL),
(682,	4,	'Okuma 2SP-V40',	2,	'H'),
(683,	4,	NULL,	2,	NULL),
(684,	4,	NULL,	2,	NULL),
(686,	4,	NULL,	2,	NULL),
(687,	4,	'new',	2,	NULL),
(689,	4,	'new',	2,	NULL),
(690,	4,	NULL,	2,	NULL),
(691,	4,	'BALANCE (OUTPUT)',	2,	NULL),
(692,	4,	NULL,	2,	NULL),
(693,	4,	'new',	2,	NULL),
(694,	4,	'new',	2,	NULL),
(696,	4,	NULL,	2,	NULL),
(697,	4,	'Induction',	2,	NULL),
(698,	4,	'Induction',	1,	NULL),
(700,	4,	'Q.A. GENERAL (Gauging, etc.)',	1,	NULL),
(701,	4,	'BALDWIN TESTER',	1,	NULL),
(702,	4,	'VIEW SYSTEM',	1,	NULL),
(731,	4,	NULL,	2,	'P'),
(732,	4,	NULL,	2,	NULL),
(733,	4,	NULL,	2,	NULL),
(734,	4,	NULL,	1,	NULL),
(735,	4,	NULL,	1,	NULL),
(745,	4,	NULL,	2,	NULL),
(746,	4,	NULL,	2,	NULL),
(748,	4,	NULL,	2,	NULL),
(749,	4,	NULL,	2,	NULL),
(750,	4,	NULL,	2,	NULL),
(751,	4,	NULL,	2,	'Q'),
(752,	4,	NULL,	2,	NULL),
(753,	4,	NULL,	2,	NULL),
(754,	4,	NULL,	2,	NULL),
(755,	4,	NULL,	2,	NULL),
(756,	4,	NULL,	2,	NULL),
(757,	4,	NULL,	1,	NULL),
(758,	4,	NULL,	1,	NULL),
(759,	4,	NULL,	1,	NULL),
(760,	4,	NULL,	1,	NULL),
(761,	4,	NULL,	1,	NULL),
(762,	4,	NULL,	1,	NULL),
(770,	4,	'Induction',	1,	NULL),
(771,	4,	'Lathes  - Fuji ANW-3000',	2,	NULL),
(772,	4,	'Lathes  - Fuji ANW-3000',	2,	NULL),
(773,	4,	'Lathes  - Fuji ANW-3000',	2,	NULL),
(774,	4,	'Lathes  - Fuji ANW-3000',	2,	NULL),
(775,	4,	NULL,	2,	NULL),
(776,	4,	NULL,	2,	NULL),
(780,	4,	'Slurry Deburr',	2,	NULL),
(781,	4,	NULL,	2,	NULL),
(785,	4,	NULL,	1,	NULL),
(786,	4,	'Schuster',	2,	NULL),
(787,	4,	'Schuster',	2,	NULL),
(788,	4,	'Schuster',	2,	NULL),
(789,	4,	'Schuster',	2,	NULL),
(790,	4,	'Schuster',	2,	NULL),
(791,	4,	'Schuster',	2,	NULL),
(792,	4,	'Schuster',	2,	NULL),
(793,	4,	'Schuster',	2,	NULL),
(794,	4,	'Schuster',	2,	NULL),
(798,	4,	NULL,	2,	NULL),
(801,	4,	'G. DENVER COMPRESSOR',	1,	NULL),
(802,	4,	'FORKLIFT TRUCKS',	1,	NULL),
(803,	4,	'SHRINK WRAP UNIT',	1,	NULL),
(804,	4,	'ALL DYNA-SLIDES',	1,	NULL),
(805,	4,	'EXCELLO MILL',	1,	NULL),
(806,	4,	'MAINTENANCE - MILL',	1,	NULL),
(807,	4,	'MAINTENANCE - LATHE',	1,	NULL),
(808,	4,	'MAINTENANCE - BAND SAW',	1,	NULL),
(810,	4,	'HYDROGEN COMPOUND',	1,	NULL),
(811,	4,	'TRANSFORMER STATION',	1,	NULL),
(814,	4,	'CONVEYOR FOR 409',	1,	NULL),
(816,	4,	'600 CINCI ROBOT',	1,	NULL),
(819,	4,	'200HP COMPRESSOR',	1,	NULL),
(820,	4,	'RACKING SYSTEMS ',	1,	NULL),
(821,	4,	'FANUC S-5 ROBOT',	1,	NULL),
(822,	4,	'PART LABELLER',	1,	NULL),
(823,	4,	'OPTICAL COMPARATOR',	1,	NULL),
(824,	4,	'FREEPORT GRINDER',	1,	NULL),
(825,	4,	'COOLING TOWER 1999',	1,	NULL),
(826,	4,	'KAFO MILL',	1,	NULL),
(827,	4,	'MICROWEILLY LATHE',	1,	NULL),
(828,	4,	'BRIDGEPORT MILL',	1,	NULL),
(850,	4,	'BUILDING MAINTENANCE',	3,	NULL),
(851,	4,	'TRANSFORMER STATION',	3,	NULL),
(852,	4,	'FORKLIFT TRUCKS',	3,	NULL),
(853,	4,	'AIR COMPRESSOR',	3,	NULL),
(854,	4,	'ENDO GENERATOR',	3,	NULL),
(855,	4,	'DUST COLLECTOR',	3,	NULL),
(856,	4,	'SHUTTLEWORTH CONVEYOR',	3,	NULL),
(857,	4,	'VISION SYSTEM',	3,	NULL),
(858,	4,	'ATC CONVEYOR SYSTEM',	3,	NULL),
(859,	2,	'MEIKLE ASSEMBLER',	3,	NULL),
(860,	4,	'BLENDING WEIGHT SCALES',	3,	NULL),
(861,	4,	'RESONANCE TESTER',	3,	NULL),
(862,	4,	'RETURN CONVEYOR',	3,	NULL),
(863,	4,	'DEBURR UNIT',	3,	NULL),
(864,	4,	'PETTETIZER',	3,	NULL),
(877,	4,	'10R80 ',	1,	NULL),
(887,	4,	'Slurry Deburr',	2,	NULL),
(888,	4,	'Hines Balancer',	2,	NULL),
(900,	4,	'BUILDING',	2,	NULL),
(901,	4,	'AUTOMATION SYSTEM -MBC',	2,	NULL),
(902,	4,	'AIR COMPRESSOR',	2,	NULL),
(903,	4,	'GENERATOR',	2,	NULL),
(904,	4,	'PROCESS WATER SYSTEM',	2,	NULL),
(905,	4,	'TRANSFORMER STATION',	2,	NULL),
(906,	4,	'UMPIRE CMM - MBC',	2,	NULL),
(907,	4,	'MARKING SYSTEM',	2,	NULL),
(908,	4,	'GAUGE CELL',	2,	NULL),
(909,	4,	'VISION SYSTEM',	2,	NULL),
(910,	4,	'PELLETIZER',	2,	NULL),
(911,	4,	'FURN. UNLOAD & PL RETURN',	2,	NULL),
(912,	4,	'PRESS LOAD - COINING',	2,	NULL),
(913,	4,	'WINDOW HEIGHT',	2,	NULL),
(914,	4,	'LOAD & UNLOAD DEBURR',	2,	NULL),
(915,	4,	'New',	1,	NULL),
(916,	4,	'New',	1,	NULL),
(917,	4,	'Lift - 2nd Floor CSD II',	1,	NULL),
(918,	4,	'Pelletizer',	2,	NULL),
(919,	4,	'Vision System',	2,	NULL),
(920,	4,	'Load & Unload Deburr',	2,	NULL),
(921,	4,	'Automation CNC Cell',	2,	NULL),
(922,	4,	'Pelletizer - Input',	2,	NULL),
(923,	4,	'Pelletizer - Output',	2,	NULL),
(924,	4,	'Vision System',	2,	NULL),
(925,	4,	'Endo Generator',	2,	NULL),
(926,	4,	'Finish Auto - Input',	2,	NULL),
(927,	4,	'Finish Auto - Output',	2,	NULL),
(936,	4,	'Auto Gauge',	2,	NULL),
(953,	4,	NULL,	2,	NULL),
(999,	4,	'no machine number reported',	2,	NULL),
(1501,	4,	'Enshu GE460H',	1,	NULL),
(1502,	4,	'Kira MC-30V',	1,	NULL),
(1503,	4,	'Kira KN40Vb',	1,	NULL),
(1504,	4,	'Fuji ANW-3500',	1,	NULL),
(1505,	4,	'NH Global Laser Marker',	1,	NULL),
(1506,	4,	'Fuji ANW-3500',	1,	NULL),
(1507,	4,	'Drilling',	1,	NULL),
(1508,	4,	'Hines HVR-100/FA Balancer',	1,	NULL),
(1509,	4,	'Almco 4SF-72RA 4-Spindle Slurry Deburr',	1,	NULL),
(1510,	4,	'Nagel 2SPV-150 Grinder',	1,	NULL),
(1511,	4,	'Nagel 2TFA-20 Polisher',	1,	NULL),
(1512,	4,	'Almco PWRD18-48E Washer & Dryer',	1,	NULL),
(1513,	4,	'NH Global Bearing Press',	1,	NULL),
(1514,	4,	'Doosan DT360D',	1,	NULL),
(1515,	4,	'Enshu GE460H',	1,	NULL),
(1518,	4,	NULL,	1,	NULL),
(1519,	4,	NULL,	1,	NULL),
(1520,	4,	NULL,	1,	NULL),
(1522,	4,	'Fuji',	1,	NULL),
(1523,	4,	'Fuji',	1,	NULL),
(1524,	4,	NULL,	1,	NULL),
(1527,	4,	NULL,	1,	NULL),
(1528,	4,	NULL,	1,	NULL),
(1529,	4,	NULL,	1,	NULL),
(1530,	4,	NULL,	1,	NULL),
(1531,	4,	NULL,	1,	NULL),
(1532,	4,	NULL,	1,	NULL),
(1541,	4,	'Almco',	1,	NULL),
(1542,	4,	'IAT Global BearingPress',	1,	NULL),
(1543,	4,	'Doosan',	1,	NULL),
(1601,	4,	'Lathes  - Fuji ANW-3000',	2,	NULL),
(1602,	4,	'Lathes  - Fuji ANW-3000',	2,	NULL),
(1603,	4,	'Lathes  - Fuji ANW-3000',	2,	NULL),
(1604,	4,	'Lathes  - Fuji ANW-3000',	2,	NULL),
(1605,	4,	'Enshu GE460H',	2,	NULL),
(1606,	4,	'Enshu GE460H',	2,	NULL),
(1607,	4,	'Enshu GE460H',	2,	NULL),
(1608,	4,	'Enshu GE460H',	2,	NULL),
(1610,	4,	'Slurry Deburr',	2,	NULL),
(1611,	4,	'Hines Balancer',	2,	NULL),
(1612,	4,	'Doosan High Pressure Wash',	2,	NULL),
(1617,	5,	'GFx Input Automated Inspection',	2,	NULL),
(1620,	4,	'Doosan High Pressure Wash',	2,	NULL),
(1701,	4,	'Fuji',	2,	NULL),
(1702,	4,	'Doosan',	2,	NULL),
(1703,	4,	'Schuster',	2,	NULL),
(1704,	4,	'Schuster',	2,	NULL),
(1705,	4,	'Fuji TS',	2,	NULL),
(1706,	4,	'Doosan',	2,	NULL),
(1708,	4,	'Twin Spindle- Fuji ANW 3000',	2,	NULL),
(1709,	4,	'Single Spindle- Fuji ANW 3000',	2,	NULL),
(1710,	4,	'Twin Spindle - Kira',	2,	NULL),
(1711,	4,	'Twin Spindle Enshu GE460H',	2,	NULL),
(1712,	4,	'Hines',	2,	NULL),
(1713,	4,	'Hines',	2,	NULL),
(1714,	4,	'Hines',	2,	NULL),
(1715,	4,	'Semi-Auto Hines Balancer',	2,	NULL),
(1716,	4,	'Almco Slurry Debur',	2,	NULL),
(1717,	4,	'Almco',	2,	NULL),
(1718,	4,	'Doosan',	2,	NULL),
(1719,	4,	'Hyundai',	2,	NULL),
(1720,	4,	'IAT Global - Bushing press',	2,	NULL),
(1722,	4,	'Schuster',	2,	NULL),
(1723,	4,	'Almco',	2,	NULL),
(1724,	4,	'Promation',	2,	NULL),
(1725,	4,	'Promation',	2,	NULL),
(1726,	4,	'IAT Global',	2,	NULL),
(1727,	4,	'IAT Global',	2,	NULL),
(1804,	4,	'Enshu',	1,	NULL),
(1806,	4,	'Hines Balancer',	1,	NULL),
(1808,	4,	'Almco',	1,	NULL),
(5001,	5,	'sorting table',	2,	NULL),
(5002,	4,	'Final Audit',	2,	NULL);

DROP TABLE IF EXISTS `Parts`;
CREATE TABLE `Parts` (
  `PartID` varchar(16) NOT NULL,
  `Description` varchar(255) DEFAULT NULL,
  `RptScrap` tinyint(1) DEFAULT NULL,
  `PlantNumber` int(11) DEFAULT '0',
  PRIMARY KEY (`PartID`),
  KEY `PlantNumber` (`PlantNumber`),
  KEY `RptScrap` (`RptScrap`)
) ENGINE=InnoDB DEFAULT CHARSET=utf8mb4;

INSERT INTO `Parts` (`PartID`, `Description`, `RptScrap`, `PlantNumber`) VALUES
('10R140',	'50-5214/50-3214',	0,	2),
('10R60',	'50-0455',	0,	2),
('10R80',	'50-9341',	0,	2),
('11-3337',	'GEAR, BEVEL\"',	0,	1),
('11-3339',	'GEAR, INTERN\"',	0,	1),
('11-3340',	'GEAR, PINIO\"',	0,	1),
('11-3903',	'GEAR, PINIO\"',	0,	1),
('11-3904',	'GEAR, INTERN\"',	0,	1),
('11-3905',	'GEAR,HUB BEV\"',	0,	1),
('11-3907',	'GEAR, HUB BEV\"',	0,	1),
('11-6526',	'GEAR, WORM FOLL\"',	0,	1),
('11-6526-1',	'WAFER',	0,	1),
('11-7627',	'PEDESTAL, BOTTOM\"		',	0,	1),
('1102-3300',	'PULLEY,WATER PUMP',	0,	1),
('1102-8235',	'CAM-REVERSE BLOCK',	0,	1),
('1102-8402',	'CARRIER,INPUT',	0,	1),
('1102-8482',	'FINGER-SHIFT',	0,	1),
('1102-8534',	'HOUSING-REVERSE',	0,	1),
('1102-8536',	'LUG-3RD & 4T',	0,	1),
('1102-8537',	'LUG-5TH & REVERSE',	0,	1),
('1104-9859',	'',	0,	1),
('1105-2001',	'',	0,	1),
('1108-7284',	'',	0,	1),
('35-0120',	'Pump Gear',	1,	1),
('35-0130',	'Thin Wall Bearing Cap',	0,	2),
('35-0130-4',	'Bearing Cap Thin Wall',	0,	2),
('35-0133',	'Pump Gear',	1,	1),
('35-0135',	'Pump Gear',	1,	1),
('35-0140',	'Pump Gear',	1,	1),
('35-0141',	'Pump Gear',	1,	1),
('35-0150',	'Pump Gear',	1,	1),
('35-0183',	'Pump Gear',	1,	1),
('35-0186',	'Pump Gear',	1,	1),
('35-0203',	'Pump Gear',	1,	1),
('35-0222',	'Pump Gear',	1,	1),
('35-0241',	'Pump Gear',	1,	1),
('35-0247',	'Pump Gear',	1,	1),
('35-0892',	'THRUST RING	',	0,	1),
('35-0994',	'SEN RELUCTO	',	0,	1),
('35-1003',	'Pump Gear',	1,	1),
('35-1033',	'Pump Gear',	1,	1),
('35-2066',	'HOUSING-REVERSE	',	0,	1),
('35-2362',	'PULLEY	',	0,	7),
('35-2813',	'RING, THRUS\"	',	0,	1),
('35-2903',	'Pump Gear',	1,	1),
('35-3001',	'Gear, A/Trns Fluid Pump Driver',	1,	2),
('35-3703',	'Pump Gear',	1,	1),
('35-4130',	'Pump Gear',	1,	1),
('35-4551',	'Pump Gear',	1,	1),
('35-4638',	'',	0,	2),
('35-4638-1',	'',	0,	2),
('35-4638-4',	'WAFER		',	0,	2),
('35-5009',	'Pump Gear',	1,	1),
('35-5016',	'Pump Gear',	1,	1),
('35-5017',	'Pump Gear',	1,	1),
('35-5064',	'Pump Gear',	1,	1),
('35-6058',	'DRIVER	',	0,	1),
('35-6511',	'GEROTOR, INNER\"	',	0,	1),
('35-7037',	'Pump Gear',	1,	1),
('35-7285',	'PLATE, TENSION B\"	',	0,	1),
('35-7285S',	'PLATE, TENSION B\"	',	0,	1),
('35-7393',	'Bracket Assembly',	0,	1),
('35-8013',	'Pump Gear',	1,	1),
('35-8703',	'Pump Gear',	1,	1),
('35-8834',	'Pump Gear',	1,	1),
('35-892',	'',	0,	1),
('35-994',	'',	0,	1),
('36-7853',	'CAM,PRESS WHE\"	',	0,	1),
('4461122-2',	'SUB PART,PLA\"',	0,	1),
('4461122-3',	'WAFER',	0,	1),
('4461122-4',	'BRAZING PELL',	0,	1),
('4461122-8',	'BRAZE STRIP',	0,	1),
('50-0027',	'CARRIER,DIFF.\"',	1,	1),
('50-0455',	'10R60',	1,	1),
('50-0455-A',	'10R60 Plate',	1,	1),
('50-0455-B',	'10R60 Ped',	1,	1),
('50-0455-C',	'10R60 Braze',	1,	1),
('50-0455-FM',	'10R60 Bushing',	1,	1),
('50-0774',	NULL,	0,	7),
('50-0774-A',	'SUB PART,PLA\"		',	0,	1),
('50-0774-B',	'SUB PART,PEDES\"		',	0,	1),
('50-0774-C',	'SUB PART,WAFER\"		',	0,	1),
('50-0774-D',	'BRAZING PELLET		',	0,	1),
('50-0774M',	NULL,	0,	7),
('50-0786',	NULL,	1,	7),
('50-0786-A',	'SUB PART,PLA\"		',	1,	1),
('50-0786-B',	'SUB PART,PEDES\"		',	1,	1),
('50-0786-C',	'SUB PART,WAFER\"		',	0,	1),
('50-0786-D',	'BRAZING PELLET		',	0,	1),
('50-0786M',	NULL,	0,	7),
('50-0899-1',	'CARRIER, PLA\"',	0,	1),
('50-0899-2',	'CARRIER, PEDES\"',	0,	1),
('50-0899-3',	'BRAZING PELL',	0,	1),
('50-0901-1',	'CARRIER, PLA\"',	0,	1),
('50-0941',	'',	0,	1),
('50-1193',	'',	0,	1),
('50-1193-A',	'SUB PART,PLA\"',	0,	1),
('50-1193-B',	'SUB PART,PEDES\"',	0,	1),
('50-1193-C',	'WAFER',	0,	1),
('50-1193-D',	'BRAZING PELL',	0,	1),
('50-1193/1197',	'Combo Part',	0,	1),
('50-1197',	'',	1,	1),
('50-1197-A',	'',	1,	1),
('50-1197-B',	'SUB PART,PEDES\"',	1,	1),
('50-1197-C',	'',	0,	1),
('50-1197-D',	'',	0,	1),
('50-1238',	'CARRIER',	0,	1),
('50-1376',	'',	0,	2),
('50-1376-A',	'SUB PART,PLATE\"',	0,	2),
('50-1376-B',	'SUB PART,PLATE\"',	0,	2),
('50-1376-P',	'',	0,	2),
('50-1437',	NULL,	1,	1),
('50-1437-A',	NULL,	1,	1),
('50-1437-B',	NULL,	1,	1),
('50-1437/50-1467',	NULL,	0,	1),
('50-1448',	'currently 50-4865',	0,	2),
('50-1467',	NULL,	1,	1),
('50-1467A',	NULL,	1,	1),
('50-1467B',	NULL,	1,	1),
('50-1467C',	NULL,	1,	1),
('50-1713',	NULL,	1,	7),
('50-1713-A',	'SUB PART,PLA\"',	1,	1),
('50-1713-B',	'SUB PART,PEDES\"',	1,	1),
('50-1713-C',	'WAFER',	1,	1),
('50-1713-D',	'BRAZING PELLET',	0,	1),
('50-1731',	NULL,	1,	7),
('50-1731-A',	'SUB PART,PLA\"',	1,	1),
('50-1731-B',	'SUB PART,PEDES\"',	1,	1),
('50-1731-C',	'WAFER',	1,	1),
('50-1731-D',	'BRAZING PELLET',	0,	1),
('50-1858',	'',	1,	1),
('50-1858-A',	'SUB PART,PLA\"',	1,	1),
('50-1858-B',	'SUB PART,PEDES\"',	1,	1),
('50-1858-P',	'',	0,	1),
('50-2407',	'',	1,	7),
('50-2407-A',	'SUB PART,PLATE\"',	1,	7),
('50-2407-B',	'SUB PART,PEDESTAL\"',	1,	7),
('50-2407-C',	'BRAZING PELLET',	0,	7),
('50-2421',	'',	1,	7),
('50-2421-A',	'SUB PART,PLATE\"',	1,	7),
('50-2421-B',	'SUB PART,PEDESTAL\"',	1,	7),
('50-2421-P',	'BRAZING PELLET',	0,	7),
('50-2711',	'',	1,	1),
('50-2711-A',	'SUB PART, PLA\"',	0,	1),
('50-2711-B',	'SUB PART, PEDESTAL\"',	0,	1),
('50-2711-C',	'PELLET',	0,	1),
('50-2711-D',	'WAFER',	0,	1),
('50-2712',	'',	1,	1),
('50-2712-A',	'SUB PART, PLATE\"',	0,	1),
('50-2712-B',	'SUB PART, PEDE\"',	0,	1),
('50-2712-C',	'',	0,	1),
('50-2712-D1',	'WAFER',	0,	1),
('50-2712-D2',	'WAFER',	0,	1),
('50-3050',	NULL,	1,	1),
('50-3050-A',	NULL,	1,	1),
('50-3050-B',	NULL,	1,	1),
('50-3104',	'',	0,	1),
('50-3104-A',	'SUB PART,PLA\"',	0,	1),
('50-3104-B',	'SUB PART,PLA\"',	0,	1),
('50-3104-C',	'SUB PART,PLA\"',	0,	1),
('50-3104-D',	'SUB PART,PLA\"',	0,	1),
('50-3104-E',	'SUB PART,PLA\"',	0,	1),
('50-3214',	'10R140 Gas',	1,	2),
('50-3214-A',	'10R140 Gas',	1,	1),
('50-3214-B',	'10R140 Gas',	1,	1),
('50-3627',	'REACTION CARRIER X23F SD',	1,	7),
('50-3627-A',	'SUB PART,PLA\"',	1,	1),
('50-3627-B',	'SUB PART,PEDES\"',	1,	1),
('50-3627-C',	'WAFER',	1,	1),
('50-3627-D',	'BRAZING PELLET',	0,	1),
('50-3627/0774',	'Machining Combo',	0,	2),
('50-3627M',	'REACTION CARRIER X23F SD',	0,	7),
('50-3627M/0774M',	'Machining Combo',	0,	2),
('50-3632',	'INPUT CARRIER X23F SD',	1,	7),
('50-3632-A',	'SUB PART,PLA\"',	1,	1),
('50-3632-B',	'SUB PART,PEDES\"',	1,	1),
('50-3632-C',	'WAFER',	1,	1),
('50-3632-D',	'BRAZING PELLET',	0,	1),
('50-3632/0786',	'Machining Combo',	0,	2),
('50-3632M',	'INPUT CARRIER X23F SD',	0,	7),
('50-3632M/0786M',	'Machining Combo',	0,	2),
('50-3828-A',	'SUB PART,PLA\"',	0,	1),
('50-3828-B',	'SUB PART,PEDES\"',	0,	1),
('50-3828-C',	'WAFER',	0,	1),
('50-3828-D',	'BRAZING PELLET',	0,	1),
('50-3830-A',	'SUB PART,PLA\"',	0,	1),
('50-3830-B',	'SUB PART,PEDES\"',	0,	1),
('50-3830-C',	'WAFER',	0,	1),
('50-3830-D',	'BRAZING PELLET',	0,	1),
('50-3833',	'',	0,	1),
('50-3833-A',	'SUB PART,PLA\"',	0,	1),
('50-3833-B',	'SUB PART,PEDES\"',	0,	1),
('50-3833-C',	'WAFER (1102-1019-1)',	0,	1),
('50-3833-D',	'BRAZING PELLET (1102-1019-C)',	0,	1),
('50-3844-A',	'SUB PART,PLATE\"',	0,	1),
('50-3844-B',	'SUB PART,PEDESTAL\"',	0,	1),
('50-3844-D',	'BRAZING PELLET',	0,	1),
('50-4034',	'',	0,	1),
('50-4034-A',	'SUB PART,PLA\"',	0,	1),
('50-4034-B',	'SUB PART,PEDES\"',	0,	1),
('50-4034-C',	'BRAZING PELL',	0,	1),
('50-4034-D',	'WAFER',	0,	1),
('50-4059',	'',	0,	1),
('50-4059-A',	'SUB PART,PLA\"',	0,	1),
('50-4059-B',	'SUB PART,PEDES\"',	0,	1),
('50-4059-C',	'BRAZING PELL',	0,	1),
('50-4159',	'Differential ASM',	0,	1),
('50-4159-A',	'SUB PART, PLA\"50-4159\"',	0,	1),
('50-4159-B',	'SUB PART, PLA\"50-4159\"',	0,	1),
('50-4159-C',	'SUB PART, PLA \"50-4159\"',	0,	1),
('50-4159-D',	'SUB PART PLA \"50-4159\"',	0,	1),
('50-4159-E',	'SUB PART, PLA\"50-4159\"',	0,	1),
('50-4159/4239',	'Combo Part',	0,	1),
('50-4239',	NULL,	0,	1),
('50-4523-A',	'SUB PART,PLA\"',	0,	1),
('50-4523-B',	'SUB PART,PEDES\"',	0,	1),
('50-4523-C',	'BRAZING PELL',	0,	1),
('50-4747',	'CARRIER-OUTPUT/',	0,	1),
('50-4748',	'',	1,	2),
('50-4748-A',	NULL,	1,	1),
('50-4748-B',	NULL,	1,	1),
('50-4748-C',	NULL,	0,	1),
('50-4748-D',	NULL,	1,	1),
('50-4865',	'GFX',	1,	1),
('50-4865-A',	'GFX',	1,	1),
('50-4865-B',	'GFX',	1,	1),
('50-4865-C',	'GFX',	1,	1),
('50-4865-D',	'GFX',	1,	1),
('50-4900',	'',	1,	2),
('50-4900-A',	'SUB PART,PLATE\"',	1,	2),
('50-4900-B',	'SUB PART,BOT PEDESTAL\"',	1,	2),
('50-4900-D',	'SUB PART,BRAZING PELLET\"',	0,	2),
('50-4900-E',	'SUB PART,MID PEDESTAL\"',	1,	2),
('50-4900-P1',	'',	0,	2),
('50-4900-P2',	'',	0,	2),
('50-4901',	'Blank',	0,	2),
('50-4916',	'',	1,	7),
('50-4916-A',	'SUB PART,PLATE\"',	1,	7),
('50-4916-B',	'SUB PART,PEDESTAL\"',	1,	7),
('50-4916-C',	'SUB PART,PELLET #1\"',	0,	7),
('50-4916-P',	'',	0,	7),
('50-4917',	NULL,	0,	1),
('50-5128',	'AB1V Input Carrier',	0,	2),
('50-5128-A',	'AB1V Input Carrier',	0,	1),
('50-5128-B',	'AB1V Input Carrier',	0,	1),
('50-5132',	'AB1V Reaction',	0,	2),
('50-5132-A',	'AB1V Reaction',	0,	1),
('50-5132-B',	'AB1V Reaction',	0,	1),
('50-5145',	'AB1V Overdrive Carrier',	0,	2),
('50-5145-A',	'AB1V Overdrive Carrier Plate',	0,	1),
('50-5145-B',	'AB1V Overdrive Carrier Pedestal',	0,	1),
('50-5214',	'10R140 Deisel',	1,	2),
('50-5214-A',	'10R140 Deisel',	1,	1),
('50-5214-B',	'10R140 Deisel',	1,	1),
('50-5399',	'AB1V Reaction Carrier',	1,	2),
('50-5399-A',	'AB1V Reaction Carrier Plate',	1,	1),
('50-5399-B',	'AB1V Reaction Pedestal',	1,	1),
('50-5401',	'AB1V Input Carrier',	1,	2),
('50-5401-A',	'AB1V Input Carrier Plate',	1,	1),
('50-5401-B',	'AB1V Input Carrier Pedestal',	1,	1),
('50-5404',	'AB1V Overdrive Carrier',	1,	2),
('50-5404-A',	'AB1V Overdrive Carrier Plate',	1,	1),
('50-5404-B',	'AB1V Overdrive Carrier Pedestal',	1,	1),
('50-5547',	'CARRIER-OUTPUT/',	0,	1),
('50-5710',	'',	1,	3),
('50-5710-A',	'SUB PART,PLATE\"',	1,	3),
('50-5710-B',	'SUB PART,PEDESTAL\"',	1,	3),
('50-5710-C',	'WAFER',	0,	3),
('50-5710-D',	'BRAZING PELLET',	0,	3),
('50-5710/5810',	'Combo Part',	0,	3),
('50-5748',	'CARRIER,OUTPUT/\"',	0,	1),
('50-5810',	'',	1,	3),
('50-5810-A',	'SUB PART,PLATE\"',	1,	3),
('50-5810-B',	'SUB PART,PEDESTAL\"',	1,	3),
('50-5810-C',	'WAFER',	0,	3),
('50-5810-D',	'BRAZING PELLET',	0,	3),
('50-6284-1',	'WAFER',	0,	1),
('50-6549',	'',	1,	3),
('50-6549-A',	'PLATE',	1,	3),
('50-6549-B',	'PEDESTAL',	1,	3),
('50-6549-C',	'WAFER',	0,	3),
('50-6549-D',	'BRAZING PELLET',	1,	3),
('50-6549/7875',	'Combo Part',	0,	3),
('50-6686',	'',	1,	2),
('50-6686-A',	'SUB PART,PLATE\"',	1,	2),
('50-6686-B',	'SUB PART,PLA\"',	1,	2),
('50-6686-D',	'SUB PART,PELLET #1\"',	0,	2),
('50-6686-E',	'SUB PART,PED MIDDLE\"',	1,	2),
('50-6686-F',	'SUB PART,PELLET #2\"',	0,	2),
('50-6729',	'',	1,	2),
('50-6729-A',	'SUB PART,PLATE\"',	1,	2),
('50-6729-B',	'SUB PART,PEDES\"',	1,	2),
('50-6729-C',	'BRAZING PELL',	0,	2),
('50-6729-D',	'WAFER',	0,	2),
('50-6729-E',	'',	1,	2),
('50-6729-P1',	'',	0,	2),
('50-6729-P2',	'',	0,	2),
('50-6741',	'CARRIER,PLANET\"',	0,	1),
('50-6741-1',	'WAFER',	0,	1),
('50-7050',	'',	0,	2),
('50-7050-A',	'',	0,	2),
('50-7050-B',	'',	0,	2),
('50-7050-E',	'',	0,	2),
('50-7050-P1',	'',	0,	2),
('50-7050-P2',	'',	0,	2),
('50-7627',	'',	0,	1),
('50-7875',	'',	1,	3),
('50-7875-A',	'PLATE',	1,	3),
('50-8066-A',	'SUB PART, PLA\"',	0,	1),
('50-8066-B',	'SUB PART, PEDE\"',	0,	1),
('50-8066-C',	'WAFER',	0,	1),
('50-8066-D',	'PELLET',	0,	1),
('50-8438-A',	'SUB PART,PLA\"',	0,	1),
('50-8438-B',	'SUB PART,PEDES\"',	0,	1),
('50-8438-C',	'BRAZING PELL',	0,	1),
('50-8467-A',	'PLATE, GEAR\"',	0,	1),
('50-8467-B',	'MIDDLE PEDEST',	0,	1),
('50-8467-C',	'HUB PEDESTA',	0,	1),
('50-8467-D',	'WAFER',	0,	1),
('50-8467-E',	'BRAZING PELL',	0,	1),
('50-9252',	'CARRIER,DIFF.\"',	0,	1),
('50-9341',	'10R80 Rear Carrier',	1,	1),
('50-9341 A',	'10R80 SUB PART, PLATE\"',	1,	1),
('50-9341 B',	'10R80 SUB PART, PEDESTAL\"',	1,	1),
('50-9341 C',	'10R80 SUB PART, PELLET\"',	1,	1),
('50-9341-FM',	'10R80 Bushing',	1,	1),
('50-9615',	'',	1,	2),
('50-9615-A',	'SUB PART, PLATE\"',	1,	2),
('50-9615-B',	'SUB PART, PEDESTAL\"',	1,	2),
('50-9615-C',	'SUB PART, PELLET\"',	0,	2),
('50-9641',	'GFX',	1,	1),
('50-9641 A',	'GFX',	1,	1),
('50-9641 B',	'GFX',	1,	1),
('50-9641 C',	'GFX',	1,	1),
('50-9641 D',	'GFX',	1,	1),
('58-2099',	'X2T SYNCHRO HUB-CLUTCH',	0,	1),
('58-5656-7402',	'PMC Plate Low Rev',	0,	1),
('58-7194',	'PMC Pump',	0,	1),
('58-9116-16AB',	'PMC Pressure Plate Trans Clutch',	0,	1),
('58-9533-9533',	'PMC Plate Reaction 4th  Clutch',	0,	1),
('58-9667-9667',	'PMC Plate Clutch Reaction',	0,	1),
('58-9691-87AB',	'PMC Plate Reaction 2nd  Clutch',	0,	1),
('58-9902-9902',	'PMC Plate Reaction UD OD',	0,	1),
('6L',	'50-2407/2421/4916/6686/6729/4900',	0,	2),
('77-0324',	'Bloom',	0,	2),
('77-0492',	'Bloom',	0,	2),
('77-0983',	'Bloom',	0,	2),
('77-0984',	'Bloom',	0,	2),
('77-6849',	'Bloom',	0,	2),
('77-6865',	'Bloom',	0,	2),
('AB1V',	'50-5145/50-5132/50-5128',	0,	2),
('All Parts',	'All Parts inhouse',	0,	1),
('All Pump Gears',	'Pump Gears',	0,	1),
('Blount',	'All Blount Parts',	0,	1),
('EM-3335',	'SUB PART,FEED R\"',	0,	1),
('EM-3336-1',	'',	0,	1),
('Floor Sweepings',	'Unusable powder swept off the floor.',	0,	1),
('FN-10761',	'BUSHING,STEERING\"',	0,	1),
('GF6',	'50-3627M/50-3632M/50-0786M50-1713M/50-1731M',	0,	2),
('GF9',	'50-9641/50-1448',	0,	2),
('Mixer Scrap',	'Material screened off at Blending unloading.',	0,	1),
('Obsolete',	'Obsolete',	0,	1),
('Oily Overflow',	'Unuseable powder scrapped',	0,	1),
('Oily Overflow C1',	'Unusable powder',	1,	1),
('Oily Overflow C2',	'Unusable powder',	1,	2),
('PA-1184',	'BUSHING,SLEE\"',	0,	1),
('PEA-1007',	'BUSHING,STEER\"',	0,	1),
('PEF-1125',	'TRUNNION',	0,	1),
('PEM-1185',	'SPACER',	0,	1),
('PEM-2652',	'SEAL, EXHAUS\"',	0,	1),
('PEM-2790',	'SEAL, EXHAUS\"',	0,	1),
('PEM-6006',	'SUB PART, FEED ROLLER\"',	0,	1),
('PEM-6008',	'',	0,	1),
('PEM-6116-1',	'PISTON BLAN',	0,	1),
('PEM-6175',	'LOCK PAWL',	0,	1),
('PEM-6190',	'SLEEVE',	0,	1),
('PIM-6045',	'',	0,	1),
('PIM-6175',	'LOCK PAWL',	1,	1),
('PM-1575',	'FLANGE-SEAL',	0,	1),
('Powder (New)',	'Raw new Powder',	0,	1),
('Powder-1174',	'Green Scrap Reporting',	1,	2),
('Powder-1185',	'Green Scrap Reporting',	1,	2),
('Powder-1202',	'Green Scrap Reporting',	1,	2),
('PS2M-1338',	'SLEEVE',	0,	1),
('PS2M-1970',	'ECCENTRIC',	0,	1),
('PS2M-1995',	'BEVEL PINIO',	0,	1),
('PS2M-2360',	'CAM, PRESS WH\"',	0,	1),
('PS2M-2507',	'ROD GUIDE',	0,	1),
('PS2M-2640',	'VALVE HOUSIN',	0,	1),
('PS2M-3260',	'Yoke',	0,	1),
('PS2M-3333',	'SUB PART,FEED R\"',	0,	1),
('PS2M-6007',	'SUB PART FEED ROLLER',	0,	1),
('PS2M-6009',	'BLOCK',	0,	1),
('PS2M-6041',	'PISTON',	0,	1),
('PS2M-6117',	'BASE VALVE HOU',	0,	1),
('PS2M-6118',	'SHUT OFF BLO',	0,	1),
('PS2M-6119',	'THIMBLE',	0,	1),
('PS2M-6120',	'ROLL',	0,	1),
('PS2M-6151',	'BUSHING, F/\"',	0,	1),
('PS2M-864',	'BUSHING,FLAN\"',	0,	1),
('PS5M-2487',	'PISTON',	0,	1),
('PSM-6087',	'SHOE,CLUTCH\"',	0,	1),
('slugs',	'slugs measured and entered in 1 pound',	0,	1),
('SM-3334',	'WASHER INSER',	0,	1),
('Whirlpool - All',	'11-3337,11-3339,11-3903,11-3904,11-3905,11-3907,11-6526,11-7627',	0,	1),
('WR-6175',	'WAFER',	1,	1),
('X-Inputs',	'50-2407/2421/4916',	0,	2),
('X-Inputs/Outputs',	'50-2407/2421/4916/6686/6729/4900',	0,	2),
('X-Outputs',	'50-6686/6729/4900',	0,	2),
('X23',	'50-3627/50-3632/50-0774/50-0786',	0,	7),
('X23M',	'50-3627M/50-3632M/50-0774M/50-0786M',	0,	7),
('X24',	'50-1713/50-1731',	0,	7);

CREATE TABLE `tblPartsCustomer` (
  `PartCustID` int(11) NOT NULL AUTO_INCREMENT,
  `PartID` varchar(16) DEFAULT NULL,
  `CustID` int(11) DEFAULT '0',
  PRIMARY KEY (`PartCustID`),
  KEY `CustID` (`CustID`),
  KEY `PartID` (`PartID`)
) ENGINE=InnoDB DEFAULT CHARSET=utf8mb4;

INSERT INTO `tblPartsCustomer` (`PartCustID`, `PartID`, `CustID`) VALUES
(1,	'1102-3300',	4),
(2,	'1102-8235',	20),
(3,	'1102-8402',	20),
(4,	'1102-8482',	20),
(5,	'1102-8534',	20),
(6,	'1102-8536',	20),
(7,	'1102-8537',	20),
(8,	'1104-9859',	18),
(9,	'1108-7284',	1),
(10,	'11-3337',	22),
(11,	'11-3339',	22),
(12,	'11-3340',	22),
(13,	'11-3903',	22),
(14,	'11-3904',	22),
(15,	'11-3905',	22),
(16,	'11-3907',	22),
(17,	'11-6526',	22),
(18,	'11-6526-1',	22),
(19,	'11-7627',	22),
(20,	'35-0120',	12),
(21,	'35-0120',	6),
(22,	'35-0120',	11),
(23,	'35-0133',	12),
(24,	'35-0133',	6),
(25,	'35-0133',	11),
(26,	'35-0140',	12),
(27,	'35-0140',	6),
(28,	'35-0140',	11),
(29,	'35-0141',	12),
(30,	'35-0141',	6),
(31,	'35-0141',	11),
(32,	'35-0150',	12),
(33,	'35-0150',	6),
(34,	'35-0150',	11),
(35,	'35-0222',	12),
(36,	'35-0222',	6),
(37,	'35-0222',	11),
(38,	'35-0241',	12),
(39,	'35-0241',	6),
(40,	'35-0241',	11),
(41,	'35-0892',	23),
(42,	'35-0994',	16),
(43,	'35-2066',	20),
(44,	'35-2362',	2),
(45,	'35-2813',	23),
(46,	'35-2903',	12),
(47,	'35-2903',	6),
(48,	'35-2903',	11),
(49,	'35-4551',	12),
(50,	'35-4551',	6),
(51,	'35-4551',	11),
(52,	'35-0130',	15),
(53,	'35-0130',	9),
(54,	'35-0130',	13),
(55,	'35-5064',	12),
(56,	'35-5064',	6),
(57,	'35-5064',	11),
(58,	'35-7285',	1),
(59,	'35-7285S',	1),
(60,	'50-0027',	20),
(61,	'50-0941',	20),
(62,	'50-1193',	19),
(63,	'50-1197',	19),
(64,	'50-1238',	20),
(65,	'50-1858',	21),
(68,	'50-2711',	5),
(69,	'50-2712',	5),
(70,	'50-3104',	20),
(71,	'50-3627',	7),
(72,	'50-3627',	10),
(73,	'50-3632',	7),
(74,	'50-3632',	10),
(75,	'50-4747',	8),
(76,	'50-4748',	8),
(78,	'50-4901',	14),
(80,	'50-4917',	14),
(81,	'50-5547',	8),
(82,	'50-5710',	20),
(83,	'50-5748',	8),
(84,	'50-5810',	20),
(85,	'50-6549',	20),
(89,	'50-1376',	14),
(90,	'50-7875',	20),
(91,	'50-9615',	3),
(92,	'SM-3334',	18),
(95,	'PS2M-6041',	24),
(96,	'PS2M-1338',	24),
(97,	'PS2M-2640',	24),
(98,	'PS5M-2487',	24),
(99,	'PEM-6116-1',	24),
(100,	'PS2M-6117',	24),
(101,	'50-6549/7875',	20),
(102,	'35-0135',	12),
(103,	'35-0135',	6),
(104,	'35-0135',	11),
(105,	'50-4239',	20),
(106,	'50-4159',	20),
(107,	'50-4159/4239',	20),
(108,	'35-8834',	11),
(109,	'PIM-6175',	25),
(111,	'50-7050',	14),
(112,	'50-0774',	7),
(113,	'50-0786',	7),
(114,	'50-0774',	10),
(115,	'50-0786',	10),
(116,	'35-0183',	11),
(117,	'35-0186',	11),
(118,	'35-0203',	11),
(119,	'35-0247',	11),
(120,	'35-1003',	11),
(121,	'35-1033',	11),
(122,	'35-3703',	11),
(123,	'35-4130',	11),
(124,	'35-5009',	11),
(125,	'35-5016',	11),
(126,	'35-5017',	11),
(127,	'35-7037',	11),
(128,	'35-8013',	11),
(129,	'35-8703',	11),
(130,	'1102-8402',	8),
(131,	'1102-8402',	26),
(132,	'50-5710/5810',	20),
(133,	'50-1193/1197',	19),
(134,	'All Pump Gears',	6),
(135,	'All Pump Gears',	11),
(136,	'All Pump Gears',	12),
(137,	'50-6686',	27),
(138,	'50-6729',	27),
(139,	'50-4900',	27),
(140,	'50-2407',	27),
(141,	'50-2421',	27),
(142,	'50-4916',	27),
(143,	'X-Outputs',	27),
(152,	'X-Inputs',	27),
(155,	'50-6686',	28),
(156,	'50-6729',	28),
(157,	'50-4900',	28),
(158,	'50-2407',	28),
(159,	'50-2421',	28),
(160,	'50-4916',	28),
(161,	'X-Inputs',	28),
(162,	'X-Outputs',	28),
(163,	'X-Inputs/Outputs',	28),
(164,	'X-Inputs/Outputs',	27),
(166,	'50-3632',	29),
(167,	'50-3627',	29),
(168,	'50-0774',	29),
(169,	'50-0786',	29),
(170,	'X23',	29),
(171,	'50-6686',	30),
(172,	'50-6729',	30),
(173,	'50-4900',	30),
(174,	'50-2407',	30),
(175,	'50-2421',	30),
(176,	'50-4916',	30),
(177,	'X-Outputs',	30),
(178,	'X-Inputs',	30),
(179,	'X-Inputs/Outputs',	30),
(180,	'X23',	7),
(181,	'X23',	10),
(182,	'X23',	27),
(183,	'50-0774',	27),
(184,	'50-0786',	27),
(185,	'50-3627',	27),
(186,	'50-3632',	27),
(188,	'77-0492',	31),
(189,	'77-6849',	31),
(190,	'77-6865',	31),
(191,	'50-3632M/0786M',	27),
(192,	'58-7194',	32),
(194,	'58-2099',	32),
(196,	'58-2099',	33),
(197,	'50-1437',	34),
(198,	'50-1467',	34),
(199,	'50-1713',	27),
(200,	'50-1731',	27),
(201,	'50-3627',	13),
(202,	'50-3632',	13),
(203,	'50-0786',	13),
(204,	'77-0492',	33),
(205,	'50-9615',	35),
(209,	'50-5710',	19),
(210,	'50-4748',	23),
(211,	'50-4748',	36),
(212,	'50-4748',	3),
(213,	'35-0120',	39),
(214,	'35-0133',	39),
(215,	'35-0140',	39),
(216,	'35-0141',	39),
(217,	'35-0150',	39),
(218,	'35-0222',	39),
(219,	'35-0241',	39),
(220,	'35-2903',	39),
(221,	'35-4551',	39),
(222,	'35-5064',	39),
(223,	'35-0135',	39),
(224,	'35-8834',	39),
(225,	'35-0183',	39),
(226,	'35-0186',	39),
(227,	'35-0203',	39),
(228,	'35-0247',	39),
(229,	'35-1003',	39),
(230,	'35-1033',	39),
(231,	'35-3703',	39),
(232,	'35-4130',	39),
(233,	'35-5009',	39),
(234,	'35-5016',	39),
(235,	'35-5017',	39),
(236,	'35-7037',	39),
(237,	'35-8013',	39),
(238,	'35-8703',	39),
(239,	'All Pump Gears',	39),
(240,	'50-4748',	38),
(241,	'50-1858',	37),
(244,	'50-4865',	29),
(245,	'50-9341',	40),
(249,	'50-9341-FM',	41),
(250,	'50-9341',	42),
(251,	'50-4916',	43),
(252,	'Powder (New)',	44),
(255,	'50-9641',	29),
(256,	'50-4865',	40),
(257,	'50-3214',	45),
(258,	'50-5214',	45),
(259,	'50-4865',	27),
(260,	'50-5404',	27),
(261,	'50-5399',	27),
(262,	'50-5401',	27),
(263,	'50-5132',	27),
(264,	'50-5128',	27),
(265,	'50-5145',	27),
(266,	'50-9341',	45),
(267,	'50-9341',	28)
ON DUPLICATE KEY UPDATE `PartCustID` = VALUES(`PartCustID`), `PartID` = VALUES(`PartID`), `CustID` = VALUES(`CustID`);

DROP TABLE IF EXISTS `tblHtpcReasons`;
CREATE TABLE `tblHtpcReasons` (
  `ID` int(11) NOT NULL AUTO_INCREMENT,
  `Reason` varchar(20) DEFAULT NULL,
  PRIMARY KEY (`ID`)
) ENGINE=InnoDB AUTO_INCREMENT=23 DEFAULT CHARSET=utf8mb4;

INSERT INTO `tblHtpcReasons` (`ID`, `Reason`) VALUES
(1,	'Over Size'),
(2,	'Under Size'),
(3,	'Cracked'),
(4,	'Visual'),
(5,	'Density'),
(6,	'Tooling'),
(7,	'Label'),
(8,	'Powder'),
(9,	'Chips/Flakes'),
(10,	'Infiltrate'),
(11,	'Burr'),
(12,	'Hardness'),
(13,	'Quality'),
(14,	'Setup'),
(15,	'Missed Operation'),
(16,	'Rust'),
(17,	'Braze'),
(18,	'Damaged'),
(19,	'Other'),
(20,	'Incomplete Operation'),
(21,	'Blowout'),
(22,	'Contamination');

CREATE TABLE `tblPlantNames` (
  `PlantID` int(11) NOT NULL AUTO_INCREMENT,
  `PlantName` varchar(25) NOT NULL,
  `PlantDescrpition` varchar(50) DEFAULT NULL,
  `Area` int(11) DEFAULT '0',
  PRIMARY KEY (`PlantID`),
  KEY `PlantID` (`PlantID`)
) ENGINE=InnoDB DEFAULT CHARSET=utf8mb4;

INSERT INTO `tblPlantNames` (`PlantID`, `PlantName`, `PlantDescrpition`, `Area`) VALUES
(1,	'CSD1',	'Main older side',	101),
(2,	'CSD2',	'Main newer side',	102),
(3,	'NCL',	'New Carrier Line',	103),
(6,	'External',	'External Issues',	NULL),
(7,	'CrossPlt',	'Parts processed in all plants',	107),
(8,	'Customers',	'Customer Issues and Returns',	NULL),
(9,	'CSD1',	NULL,	0)
ON DUPLICATE KEY UPDATE `PlantID` = VALUES(`PlantID`), `PlantName` = VALUES(`PlantName`), `PlantDescrpition` = VALUES(`PlantDescrpition`), `Area` = VALUES(`Area`);

CREATE TABLE `tblCustomerDispositions` (
  `ID` int(11) NOT NULL AUTO_INCREMENT,
  `Disposition` varchar(30) DEFAULT NULL,
  PRIMARY KEY (`ID`)
) ENGINE=InnoDB DEFAULT CHARSET=utf8mb4;

INSERT INTO `tblCustomerDispositions` (`ID`, `Disposition`) VALUES
(1,	'Sort'),
(2,	'Return to Stackpole'),
(3,	'Use As Is'),
(4,	'Scrap'),
(5,	'Sort at Third Party'),
(6,	'Rework'),
(10,	'Return Parts-Authorized'),
(11,	'Return Parts-Received'),
(12,	'Administration Fee'),
(13,	'Warranty Cost-Estimate'),
(14,	'Warranty Cost-Invoiced'),
(15,	'Rework Cost-Estimate'),
(16,	'Rework Cost-Invoiced'),
(17,	'Sorting Cost-Estimate'),
(18,	'Sorting Cost-Invoiced'),
(19,	'Cost Recovery'),
(20,	'Freight Expedited'),
(21,	'Freight Return'),
(22,	'Transfer from Customer'),
(23,	'Transfer to Customer')
ON DUPLICATE KEY UPDATE `ID` = VALUES(`ID`), `Disposition` = VALUES(`Disposition`);

DROP TABLE IF EXISTS `tblQualityIssues`;
CREATE TABLE `tblQualityIssues` (
	`ID` INT(11) NOT NULL AUTO_INCREMENT,
	`ProblemType` VARCHAR(3) DEFAULT NULL,
	`Year` INT(11) DEFAULT NULL,
	`Date` DATETIME NOT NULL,
	`PartID` VARCHAR(16) NOT NULL,
	`IssuedBy` VARCHAR(20) NOT NULL,
	`OpertionHd` VARCHAR(50) DEFAULT NULL,
	`OpertionTp` VARCHAR(50) DEFAULT NULL,
	`OpertionSp` VARCHAR(50) DEFAULT NULL,
	`OpertionQA` VARCHAR(50) DEFAULT NULL,
	`Reason` VARCHAR(20) DEFAULT NULL,
	`ReasonNote` TEXT,
	`Feature` TEXT,
	`Changed` TEXT,
	`Comment` TEXT,
	`SpecialInst` TEXT,
	`QualityAlert` TEXT,
	`QualityAlertMemo` TEXT,
	`Cost` DECIMAL(9,2) DEFAULT '0',
	`NofPiecesQA` INT(11) DEFAULT '0',
	`NofPiecesHT` INT(11) DEFAULT '0',
	`MachineID` INT(11) DEFAULT '0',
	`CustomerID` INT(11) DEFAULT '0',
	`CustomerRefNum` VARCHAR(50) DEFAULT NULL,
	`DateIssued` DATETIME DEFAULT NULL,
	`DispositionCustomer` VARCHAR(30) DEFAULT NULL,
	`DispositionStackpole` VARCHAR(30) DEFAULT NULL,
	`LengthOfChange` DOUBLE NOT NULL DEFAULT '1',
	`OkdBy` VARCHAR(20) DEFAULT NULL,
	`ModWritten` TINYINT(1) DEFAULT NULL,
	`SpecialInstWritten` TINYINT(1) DEFAULT NULL,
	`HoldTag` TINYINT(1) DEFAULT NULL,
	`TpcTag` TINYINT(1) DEFAULT NULL,
	`CertTag` TINYINT(1) DEFAULT NULL,
	`QualityATag` TINYINT(1) DEFAULT NULL,
	`Closed` TINYINT(1) DEFAULT NULL,
	`SupplierIssue` TINYINT(1) DEFAULT NULL,
	`ControlPlan` TINYINT(1) DEFAULT NULL,
	`LayeredAudit` TINYINT(1) DEFAULT NULL,
	`QualityMemo` TINYINT(1) DEFAULT NULL,
	`FeatureNumber` VARCHAR(25) DEFAULT NULL,
	`CurrentMinSpec` DOUBLE DEFAULT NULL,
	`CurrentMaxSpec` DOUBLE DEFAULT NULL,
	`TpcMinSpec` DOUBLE DEFAULT NULL,
	`TpcMaxSpec` DOUBLE DEFAULT NULL,
	`OperationNumber` VARCHAR(255) DEFAULT NULL,
	`Body` TEXT,
	`Operation` VARCHAR(222) DEFAULT NULL,
	`Picture` LONGBLOB,
	`Picture01` INT(11) DEFAULT NULL,
	`Picture02` INT(11) DEFAULT NULL,
	`Attachments` INT(11) DEFAULT NULL,
	`Qty` INT(6) DEFAULT NULL,
	`ActiveStatus` INT(2) DEFAULT NULL,
	`CreatedBy` VARCHAR(85) DEFAULT NULL, -- track ID of user who made the tag (RD 17/03/2020)
    `UpdatedBy` VARCHAR(85) DEFAULT NULL, -- Note. key length MUST MATCH `AspNetUsers`.`Id`
	`UpdatedAt` DATETIME DEFAULT NULL,
	`CreatedAt` DATETIME DEFAULT NULL,
	PRIMARY KEY (`ID`),
	KEY `ProblemType` (`ProblemType`),
	KEY `Date` (`Date`),
	KEY `PartID` (`PartID`),
	KEY `IssuedBy` (`IssuedBy`),
	KEY `Operation` (`Operation`),
	KEY `Reason` (`Reason`),
	KEY `Cost` (`Cost`),
	KEY `NofPiecesHT` (`NofPiecesHT`),
	KEY `NofPiecesQA` (`NofPiecesQA`),
	KEY `MachineID` (`MachineID`),
	KEY `CustomerID` (`CustomerID`),
	KEY `CustomerRefNum` (`CustomerRefNum`),
	KEY `DispositionCustomer` (`DispositionCustomer`),
	KEY `DispositionStackpole` (`DispositionStackpole`),
	KEY `Closed` (`Closed`),
	KEY `Picture01` (`Picture01`),
	KEY `Picture02` (`Picture02`),
	KEY `Attachments` (`Attachments`),
	KEY `CreatedBy` (`CreatedBy`),
    KEY `UpdatedBy` (`UpdatedBy`)
)  ENGINE=INNODB AUTO_INCREMENT=19393 DEFAULT CHARSET=UTF8MB4;

INSERT INTO `tblQualityIssues` (`ID`, `ProblemType`, `Year`, `Date`, `PartID`, `IssuedBy`, `OpertionHd`, `OpertionTp`, `OpertionSp`, `OpertionQA`, `Reason`, `ReasonNote`, `Feature`, `Changed`, `Comment`, `SpecialInst`, `QualityAlert`, `QualityAlertMemo`, `Cost`, `NofPiecesQA`, `NofPiecesHT`, `MachineID`, `CustomerID`, `CustomerRefNum`, `DateIssued`, `DispositionCustomer`, `DispositionStackpole`, `Picture`, `LengthOfChange`, `OkdBy`, `ModWritten`, `SpecialInstWritten`, `HoldTag`, `TPCTag`, `CertTag`, `QualityATag`, `Closed`, `SupplierIssue`, `ControlPlan`, `LayeredAudit`, `QualityMemo`, `FeatureNumber`, `CurrentMinSpec`, `CurrentMaxSpec`, `TPCMinSpec`, `TPCMaxSpec`, `OperationNumber`, `Body`, `Operation`, `Qty`, `ActiveStatus`, `UpdatedAt`, `CreatedAt`) VALUES
(12199,	'IN',	15,	'2015-08-03 17:08:59',	'50-1467',	'TB',	'Sinter',	NULL,	NULL,	NULL,	'Under Size',	'FEATURE 58 WINDOW HIEGHT UNDERSIZE BY 0.007\". HOLD FOR QA EVALUATION',	NULL,	NULL,	NULL,	NULL,	NULL,	NULL,	0,	0,	960,	919,	0,	NULL,	NULL,	NULL,	NULL,	NULL,	1,	NULL,	0,	0,	1,	0,	0,	0,	1,	0,	0,	0,	0,	NULL,	NULL,	NULL,	NULL,	NULL,	NULL,	NULL,	NULL,	NULL,	NULL,	NULL,	NULL),
(12200,	'IN',	15,	'2015-08-03 22:55:02',	'50-1467',	'KF',	NULL,	'Sinter',	NULL,	NULL,	'Quality',	'Exceeds tolerance',	'69 Squareness (Spline Perp)',	'From a max of 0.001 to new max of 0.002',	NULL,	NULL,	NULL,	NULL,	0,	0,	0,	333,	0,	NULL,	NULL,	NULL,	NULL,	NULL,	20,	'MC',	0,	0,	0,	1,	0,	0,	0,	0,	0,	0,	0,	NULL,	NULL,	NULL,	NULL,	NULL,	NULL,	NULL,	NULL,	NULL,	NULL,	NULL,	NULL),
(12201,	'IN',	15,	'2015-08-04 04:16:51',	'50-3627-A',	'Mike C',	'Compact',	NULL,	NULL,	NULL,	'Cracked',	'suspect cracked hub, up to .090\"',	NULL,	NULL,	'2 bins',	NULL,	NULL,	NULL,	0,	0,	1180,	0,	0,	NULL,	NULL,	NULL,	NULL,	NULL,	1,	NULL,	0,	0,	1,	0,	0,	0,	1,	0,	0,	0,	0,	NULL,	NULL,	NULL,	NULL,	NULL,	NULL,	NULL,	NULL,	NULL,	NULL,	NULL,	NULL),
(12202,	'IN',	15,	'2015-08-04 10:07:18',	'50-1467',	'DB',	NULL,	NULL,	NULL,	'Secondary',	'Cracked',	NULL,	NULL,	NULL,	NULL,	NULL,	'Found at 100% inspection - crack in plate from handling',	NULL,	0,	0,	0,	5001,	0,	NULL,	NULL,	NULL,	NULL,	NULL,	7,	'BC',	0,	0,	0,	0,	0,	0,	0,	0,	0,	0,	1,	NULL,	NULL,	NULL,	NULL,	NULL,	NULL,	NULL,	NULL,	NULL,	NULL,	NULL,	NULL),
(12203,	'IN',	15,	'2015-08-05 10:17:20',	'50-4748',	'G Perrier',	'Care',	NULL,	NULL,	'Care',	'Cracked',	'Use a magnifier to visually sort for picking / flaking on plate by locator hole. Mark a green check mark in the corner of the master bar code label.',	NULL,	NULL,	NULL,	NULL,	'Part # 50-4748\r\n\r\nUse a magnifier to visually sort for picking / flaking on the plate by locator hole. Mark a green check mark in the corner of the master bar code label.',	'Cracked at the plate locating hole (X4).\r\nPicking / flaking at compacting.',	0,	0,	15000,	0,	0,	NULL,	NULL,	NULL,	NULL,	NULL,	60,	'Dave M',	0,	0,	1,	0,	0,	0,	1,	0,	0,	0,	1,	NULL,	NULL,	NULL,	NULL,	NULL,	NULL,	NULL,	NULL,	NULL,	NULL,	NULL,	NULL),
(18993,	'IN',	18,	'2019-07-25 13:50:35',	'50-5399-A',	'DB',	NULL,	NULL,	'Sinter',	NULL,	'Cracked',	NULL,	'Cracked or broken spline teeth',	NULL,	'This is a reissue of original SI #18702.',	'AB1V Reaction (also 50-5132)\r\nBefore assembling the plate at sinter load inspect the spline  for broken or cracked teeth.\r\n\r\nIf defective parts are found report this to the supervisor immediately.\r\n\r\nSupervisor will email the QA and Eng. department of the findings.',	NULL,	NULL,	0,	0,	0,	0,	0,	NULL,	NULL,	NULL,	NULL,	NULL,	30,	'JM',	0,	1,	0,	0,	0,	0,	0,	0,	0,	0,	0,	NULL,	NULL,	NULL,	NULL,	NULL,	NULL,	NULL,	NULL,	NULL,	NULL,	NULL,	NULL),
(18994,	'IN',	18,	'2019-07-26 10:21:42',	'50-5145',	'RZ',	'GP12',	NULL,	NULL,	NULL,	'Other',	'Scanner issue during barcode scanning of parts. Skid of parts will need to be re-scanned and erroneous database data removed (by Dave Clark).',	NULL,	NULL,	'8/6/19: Skid re-scanned and found to be OK. No duplicate serial numbers found. Released for shipment.',	NULL,	NULL,	NULL,	0,	0,	120,	5002,	0,	NULL,	NULL,	NULL,	NULL,	NULL,	1,	NULL,	0,	0,	1,	0,	0,	0,	1,	0,	0,	0,	0,	NULL,	NULL,	NULL,	NULL,	NULL,	NULL,	NULL,	NULL,	NULL,	NULL,	NULL,	NULL),
(18995,	'IN',	18,	'2019-07-26 11:31:34',	'50-9341',	'NK',	'Secondary',	NULL,	NULL,	NULL,	'Over Size',	'Ft. 45 is out of spec. These are the parts left from the previous sort done 2 weeks ago. Hold for review',	NULL,	NULL,	'Last op: OP 110',	NULL,	NULL,	NULL,	0,	0,	120,	1511,	0,	NULL,	NULL,	NULL,	NULL,	NULL,	1,	NULL,	0,	0,	1,	0,	0,	0,	1,	0,	0,	0,	0,	NULL,	NULL,	NULL,	NULL,	NULL,	NULL,	NULL,	NULL,	NULL,	NULL,	NULL,	NULL),
(18996,	'IN',	18,	'2019-07-26 11:38:01',	'50-9341',	'NK',	'Secondary',	NULL,	NULL,	NULL,	'Over Size',	'Feature 45 out of spec. These are the parts  from the previous sort done 2 weeks ago. Hold for review',	NULL,	NULL,	'Last op: OP 60',	NULL,	NULL,	NULL,	0,	0,	350,	1509,	0,	NULL,	NULL,	NULL,	NULL,	NULL,	1,	NULL,	0,	0,	1,	0,	0,	0,	1,	0,	0,	0,	0,	NULL,	NULL,	NULL,	NULL,	NULL,	NULL,	NULL,	NULL,	NULL,	NULL,	NULL,	NULL),
(18997,	'IN',	18,	'2019-07-26 14:56:51',	'50-9641',	'cs',	'Care',	NULL,	NULL,	NULL,	'Rust',	' Rust',	NULL,	NULL,	'hold for evaluation\r\n7/30: Parts reinspected. Rusty parts scrapped, balance released to production',	NULL,	NULL,	NULL,	0,	0,	0,	5002,	0,	NULL,	NULL,	NULL,	NULL,	NULL,	1,	NULL,	0,	0,	1,	0,	0,	0,	1,	0,	0,	0,	0,	NULL,	NULL,	NULL,	NULL,	NULL,	NULL,	NULL,	NULL,	NULL,	NULL,	NULL,	NULL),
(18998,	'IN',	18,	'2019-07-26 16:02:45',	'50-1731',	'ST',	NULL,	NULL,	NULL,	'All Processes',	'Cracked',	NULL,	NULL,	NULL,	NULL,	NULL,	'Parts found out to be having cracks in the Pedestal pinion holes (on the Inside of the windows).\r\n\r\nLook out visually for the cracks in all the processes and if any parts found with cracks, handover the part and report it out to the supervisor immediately.',	NULL,	0,	0,	0,	0,	0,	NULL,	NULL,	NULL,	NULL,	NULL,	20,	'ST',	0,	0,	0,	0,	0,	0,	0,	0,	0,	0,	1,	NULL,	NULL,	NULL,	NULL,	NULL,	NULL,	NULL,	NULL,	NULL,	NULL,	NULL,	NULL),
(18999,	'IN',	18,	'2019-07-26 22:17:58',	'50-9341',	'jb',	'Sinter',	NULL,	NULL,	NULL,	'Powder',	'Powder on face around small hub on plate',	NULL,	NULL,	'Do not process\r\n7/30: Parts re-evaluated. Meet all customer requirements. Released to production',	NULL,	NULL,	NULL,	0,	0,	20800,	280,	0,	NULL,	NULL,	NULL,	NULL,	NULL,	1,	NULL,	0,	0,	1,	0,	0,	0,	1,	0,	0,	0,	0,	NULL,	NULL,	NULL,	NULL,	NULL,	NULL,	NULL,	NULL,	NULL,	NULL,	NULL,	NULL),
(19001,	'IN',	18,	'2019-07-27 00:46:42',	'50-1467',	'DT',	'Secondary',	NULL,	NULL,	NULL,	'Over Size',	'Oversized pinion holes from machine number 6. Check 100% for oversized Pinion holes.',	NULL,	NULL,	'All parts were inspected for hole diameter. All parts were conforming and released for production.',	NULL,	NULL,	NULL,	0,	0,	280,	600,	0,	NULL,	NULL,	NULL,	NULL,	NULL,	1,	NULL,	0,	0,	1,	0,	0,	0,	1,	0,	0,	0,	0,	NULL,	NULL,	NULL,	NULL,	NULL,	NULL,	NULL,	NULL,	NULL,	NULL,	NULL,	NULL),
(19002,	'IN',	18,	'2019-07-27 00:48:55',	'50-1467',	'DT',	'Sinter',	NULL,	NULL,	NULL,	'Cracked',	'Crack found at unload. Mag 100% for crack in pedestal',	NULL,	NULL,	'All parts were magged and no defects found. All parts released for production.',	NULL,	NULL,	NULL,	0,	0,	1920,	331,	0,	NULL,	NULL,	NULL,	NULL,	NULL,	1,	NULL,	0,	0,	1,	0,	0,	0,	1,	0,	0,	0,	0,	NULL,	NULL,	NULL,	NULL,	NULL,	NULL,	NULL,	NULL,	NULL,	NULL,	NULL,	NULL),
(19003,	'IN',	18,	'2019-07-27 05:00:10',	'50-5132-A',	'GH',	'Compact',	NULL,	NULL,	NULL,	'Visual',	'Parts look to have poor structure & stressed on outside of teeth. Parts have passed mid and top crack detects.',	NULL,	NULL,	'Hold for further evaluation and checks.',	NULL,	NULL,	NULL,	0,	0,	1960,	273,	0,	NULL,	NULL,	NULL,	NULL,	NULL,	1,	NULL,	0,	0,	1,	0,	0,	0,	1,	0,	0,	0,	0,	NULL,	NULL,	NULL,	NULL,	NULL,	NULL,	NULL,	NULL,	NULL,	NULL,	NULL,	NULL),
(19004,	'IN',	18,	'2019-07-27 08:27:49',	'50-9341 A',	'SB',	NULL,	NULL,	'Compact',	NULL,	'Powder',	NULL,	'VISUAL',	NULL,	NULL,	'AFTER EVERY LAYER PRODUCED USE THE AIR GUN PROVIDED TO BLOW THE EXCESS POWDER OFF OF THE PARTS BEFORE PUTTING THE NEXT EMPTY DIVIDER INTO THE BIN',	NULL,	NULL,	0,	0,	0,	280,	0,	NULL,	NULL,	NULL,	NULL,	NULL,	30,	'SB',	0,	1,	0,	0,	0,	0,	0,	0,	0,	0,	0,	NULL,	NULL,	NULL,	NULL,	NULL,	NULL,	NULL,	NULL,	NULL,	NULL,	NULL,	NULL),
(19005,	'IN',	18,	'2019-07-27 18:07:15',	'50-1467',	'Bonnie R.',	NULL,	NULL,	'Sinter',	NULL,	'Powder',	NULL,	NULL,	NULL,	NULL,	'Watch carefully at unloading end of furnaces for powder on side of pedestal leg.',	NULL,	NULL,	0,	0,	0,	0,	0,	NULL,	NULL,	NULL,	NULL,	NULL,	1,	'Bonnie R',	0,	1,	0,	0,	0,	0,	0,	0,	0,	0,	0,	NULL,	NULL,	NULL,	NULL,	NULL,	NULL,	NULL,	NULL,	NULL,	NULL,	NULL,	NULL),
(19006,	'IN',	18,	'2019-07-28 11:20:56',	'50-5128',	'SD',	NULL,	'Secondary',	NULL,	NULL,	'Other',	'Undersize',	'CH',	'Feature Ch from 48.704mm - 48.796mm to 48.66048.796',	'This is a re-issue of TPC 18620',	NULL,	NULL,	NULL,	0,	0,	0,	0,	0,	NULL,	NULL,	NULL,	NULL,	NULL,	1,	'JM',	0,	0,	0,	1,	0,	0,	0,	0,	0,	0,	0,	NULL,	NULL,	NULL,	NULL,	NULL,	NULL,	NULL,	NULL,	NULL,	NULL,	NULL,	NULL),
(19007,	'IN',	18,	'2019-07-29 05:19:31',	'50-5132',	'GH',	NULL,	'Sinter',	NULL,	NULL,	'Quality',	'Tooling',	'114A Spline Major OD Win\r\n116A Spline Minor Diameter',	'114A change Max from 248.900mm to 248.950mm\r\n116A change Max from 242.800mm to 242.850mm',	NULL,	NULL,	NULL,	NULL,	0,	0,	0,	341,	0,	NULL,	NULL,	NULL,	NULL,	NULL,	30,	'MO',	0,	0,	0,	1,	0,	0,	0,	0,	0,	0,	0,	NULL,	NULL,	NULL,	NULL,	NULL,	NULL,	NULL,	NULL,	NULL,	NULL,	NULL,	NULL),
(19008,	'IN',	18,	'2019-07-29 08:29:41',	'50-3050',	'TB',	'Sinter',	NULL,	NULL,	NULL,	'Cracked',	'suspect for cracks on inside of leg on the keyway\r\nnext operation magnaflux 100% and hold for QA evaluation',	NULL,	NULL,	'All the parts were cracked and were scrapped.',	NULL,	NULL,	NULL,	0,	0,	218,	919,	0,	NULL,	NULL,	NULL,	NULL,	NULL,	1,	NULL,	0,	0,	1,	0,	0,	0,	1,	0,	0,	0,	0,	NULL,	NULL,	NULL,	NULL,	NULL,	NULL,	NULL,	NULL,	NULL,	NULL,	NULL,	NULL),
(19009,	'IN',	18,	'2019-07-29 08:46:54',	'50-3050',	'TB',	'Secondary',	NULL,	NULL,	NULL,	'Cracked',	'suspect for cracks on inside of leg on the keyway.\r\nNext operation 100% magnaflux and hold for QA evaluation',	NULL,	NULL,	'Parts were magged and 394 parts were cracked and scrapped. Remaining parts released to production for next operations.',	NULL,	NULL,	NULL,	0,	0,	1759,	770,	0,	NULL,	NULL,	NULL,	NULL,	NULL,	1,	NULL,	0,	0,	1,	0,	0,	0,	1,	0,	0,	0,	0,	NULL,	NULL,	NULL,	NULL,	NULL,	NULL,	NULL,	NULL,	NULL,	NULL,	NULL,	NULL),
(19010,	'IN',	18,	'2019-07-29 09:02:08',	'50-3050',	'TB',	'Sinter',	NULL,	NULL,	NULL,	'Cracked',	'mag op ask by supervisor to recheck magged parts for cracks on inside of leg by keyway. Mag op. found cracked flange across pinion hole. Bin but on hold for magnaflux recheck. Hold for QA evaluation',	NULL,	NULL,	'Magged the whole skid of 698 pcs. , 44 found to be cracked and scrapped. Remaining 654 parts are released for production.',	NULL,	NULL,	NULL,	0,	0,	698,	919,	0,	NULL,	NULL,	NULL,	NULL,	NULL,	1,	NULL,	0,	0,	1,	0,	0,	0,	1,	0,	0,	0,	0,	NULL,	NULL,	NULL,	NULL,	NULL,	NULL,	NULL,	NULL,	NULL,	NULL,	NULL,	NULL),
(19011,	'IN',	18,	'2019-07-29 09:48:10',	'50-5128',	'RSR',	'Finished',	NULL,	NULL,	NULL,	'Other',	'Suspect for duplicate laser mark (reported by scanner)\r\n\r\nPart Serial Number 1920810220',	NULL,	NULL,	'No access to records of scans - unable to determine if this is a legitimate failure. Parts placed on hold pending Dave Clarke review.\r\n8/9/19: Parts were re-scanned and no duplicate laser marks were found. Released back to production.',	NULL,	NULL,	NULL,	0,	0,	144,	5002,	0,	NULL,	NULL,	NULL,	NULL,	NULL,	1,	NULL,	0,	0,	1,	0,	0,	0,	1,	0,	0,	0,	0,	NULL,	NULL,	NULL,	NULL,	NULL,	NULL,	NULL,	NULL,	NULL,	NULL,	NULL,	NULL),
(19012,	'IN',	18,	'2019-07-29 10:51:19',	'50-4865',	'CS',	NULL,	'Secondary',	NULL,	NULL,	'Other',	NULL,	'A face flatnees',	'from max .020 mm to .025 mm',	'Process change pending',	NULL,	NULL,	NULL,	0,	0,	0,	1601,	0,	NULL,	NULL,	NULL,	NULL,	NULL,	30,	'Jan M',	0,	0,	0,	1,	0,	0,	0,	0,	0,	0,	0,	NULL,	NULL,	NULL,	NULL,	NULL,	NULL,	NULL,	NULL,	NULL,	NULL,	NULL,	NULL),
(19013,	'IN',	18,	'2019-07-29 10:54:19',	'50-9641',	'CS',	NULL,	'Secondary',	NULL,	NULL,	'Quality',	NULL,	'A Face Flatness',	'Max .020 changed to max .025mm',	'Process change pending',	NULL,	NULL,	NULL,	0,	0,	0,	772,	0,	NULL,	NULL,	NULL,	NULL,	NULL,	30,	'Jan M',	0,	0,	0,	1,	0,	0,	0,	0,	0,	0,	0,	NULL,	NULL,	NULL,	NULL,	NULL,	NULL,	NULL,	NULL,	NULL,	NULL,	NULL,	NULL),
(19014,	'IN',	18,	'2019-07-29 12:05:20',	'50-5710',	'682',	'Secondary',	NULL,	NULL,	NULL,	'Other',	'Parts not magged. Hold for evaluation',	NULL,	NULL,	'Parts were magged and no issues found. Parts released to production for further processing.',	NULL,	NULL,	NULL,	0,	0,	315,	625,	0,	NULL,	NULL,	NULL,	NULL,	NULL,	1,	NULL,	0,	0,	1,	0,	0,	0,	1,	0,	0,	0,	0,	NULL,	NULL,	NULL,	NULL,	NULL,	NULL,	NULL,	NULL,	NULL,	NULL,	NULL,	NULL),
(19015,	'IN',	18,	'2019-07-29 15:21:07',	'50-9341 A',	'SB',	NULL,	'Compact',	NULL,	NULL,	'Over Size',	NULL,	'11B  PEDESTAL O.D. AT LOBES\r\n94A  PLATE INNER HUB O.D. RUNOUT TO SPLINE MAJOR O.D.',	'CHANGE 11B TO A NEW MAX. OF 141.889 FROM THE ORIGINAL MAX OF 141.850\r\nCHANGE 94A TO A NEW MAX OF 0.205 FROM THE ORIGINAL MAX. OF 0.140',	NULL,	NULL,	NULL,	NULL,	0,	0,	0,	280,	0,	NULL,	NULL,	NULL,	NULL,	NULL,	30,	'SB',	0,	0,	0,	1,	0,	0,	0,	0,	0,	0,	0,	NULL,	NULL,	NULL,	NULL,	NULL,	NULL,	NULL,	NULL,	NULL,	NULL,	NULL,	NULL),
(19016,	'IN',	18,	'2019-07-29 15:46:33',	'50-3050',	'TB',	NULL,	NULL,	'Secondary',	NULL,	'Missed Operation',	NULL,	'N\\A',	NULL,	NULL,	'bin had no traceability after hardening. Suspect for crack on inside of leg by keyway. Next op, 100% mag',	NULL,	NULL,	0,	0,	0,	0,	0,	NULL,	NULL,	NULL,	NULL,	NULL,	1,	'SB',	0,	1,	0,	0,	0,	0,	0,	0,	0,	0,	0,	NULL,	NULL,	NULL,	NULL,	NULL,	NULL,	NULL,	NULL,	NULL,	NULL,	NULL,	NULL),
(19017,	'IN',	18,	'2019-07-30 04:43:07',	'50-6686',	'GH',	NULL,	'Sinter',	NULL,	'Compact',	'Over Size',	'Dimensions on the high to O/S on compact OIS checks.',	'#21 - Spline major diameter \r\n#22 - Spline minor diameter',	'Feature #21 change Max from 150.40mm to 150.45mm.\r\nFeature #22 change Max from 144.10mm to 144.15mm',	'Funrace techs tried to change belt speed to no improvement.\r\nThis TPC also includes furnace 345',	NULL,	NULL,	NULL,	0,	0,	0,	344,	0,	NULL,	NULL,	NULL,	NULL,	NULL,	15,	NULL,	0,	0,	0,	1,	0,	0,	0,	0,	0,	0,	0,	NULL,	NULL,	NULL,	NULL,	NULL,	NULL,	NULL,	NULL,	NULL,	NULL,	NULL,	NULL),
(19018,	'IN',	18,	'2019-07-30 05:15:06',	'50-0455-A',	'GH',	NULL,	'Compact',	NULL,	NULL,	'Tooling',	'Undersized.',	'#49 - Inner hub diameter\r\n#181 - Flange O/D Minor Diameter',	'#49 from 65.263mm min to 65.200mm min\r\n#181 from 100.00mm min to 99.950mm min',	NULL,	NULL,	NULL,	NULL,	0,	0,	0,	277,	0,	NULL,	NULL,	NULL,	NULL,	NULL,	15,	'KB',	0,	0,	0,	1,	0,	0,	0,	0,	0,	0,	0,	NULL,	NULL,	NULL,	NULL,	NULL,	NULL,	NULL,	NULL,	NULL,	NULL,	NULL,	NULL),
(19019,	'IN',	18,	'2019-07-30 10:35:02',	'50-4865',	'RSR',	'Finished',	NULL,	NULL,	'Finished',	'Tooling',	'6 skids of parts not verified for machining defect on plate recess face.\r\n\r\nVisually inspect for nonconforming parts. \r\n\r\nMark completed skids with a GREEN checkmark on the shipping label and trace tag.',	NULL,	NULL,	'7/30: parts reinspected. Nonconforming parts scrapped out, balance released to production',	NULL,	'Visually inspect for this condition at 100% and 200% inspection.\r\n\r\nParts with this defect are to be labelled MX and placed in the reject cart for disposition.',	'Parts have been found with poor machining/raised material on the plate recess. See photo and reject sample part',	0,	0,	1152,	5002,	0,	NULL,	NULL,	NULL,	NULL,	NULL,	30,	'RSR',	0,	0,	1,	0,	0,	0,	1,	0,	0,	0,	1,	NULL,	NULL,	NULL,	NULL,	NULL,	NULL,	NULL,	NULL,	NULL,	NULL,	NULL,	NULL),
(19022,	'IN',	18,	'2019-07-31 07:00:14',	'50-6686',	'GH',	'Sinter',	NULL,	NULL,	NULL,	'Quality',	'Furnace failure Cooling combustion blower motor burnt out lost gas and temp.',	NULL,	NULL,	'126pcs discouloured and potential structure issue hold for further evaluation All 126 ;parts scraped out',	NULL,	NULL,	NULL,	0,	0,	126,	344,	0,	NULL,	NULL,	NULL,	NULL,	NULL,	1,	NULL,	0,	0,	1,	0,	0,	0,	1,	0,	0,	0,	0,	NULL,	NULL,	NULL,	NULL,	NULL,	NULL,	NULL,	NULL,	NULL,	NULL,	NULL,	NULL),
(19023,	'EX',	18,	'2019-07-31 15:17:39',	'50-5401',	'G Perrier',	'GP12',	NULL,	'Care',	NULL,	'Visual',	'Double Laser Mark / Braze in the window',	'Double laser mark / Braze in the Window',	NULL,	'Refer to AB1V Tagging and Marking Requirements List\r\n\r\n7/31/19: One part found in sort with braze in the window. Part removed and scrapped. Good part added to skid following part replacement procedure.',	'50-5128 (50-5401)\r\n\r\nAT GP-12 INSPECTION:\r\nVisually inspect all parts for Double laser mark and braze in the windows. \r\n\r\nOn acceptable parts, place a \"Blue\" sharpie dot 180 degrees from the 2D Matrix beside the green dot from the barcode scanning operation.',	'50-5128 (50-5401)\r\n\r\nDouble laser mark / Braze in the window',	NULL,	0,	2,	576,	0,	27,	NULL,	'2019-07-31 00:00:00',	'Use As Is',	'Sort',	NULL,	60,	'Dave M',	0,	1,	1,	0,	1,	1,	1,	0,	0,	0,	0,	NULL,	NULL,	NULL,	NULL,	NULL,	NULL,	NULL,	NULL,	NULL,	NULL,	NULL,	NULL),
(19024,	'IN',	18,	'2019-08-01 01:38:45',	'50-3632-B',	'RS',	NULL,	'Compact',	NULL,	NULL,	'Over Size',	'change from 2.185 to 2.186',	'66 pedestal id',	NULL,	'Until August 31st',	NULL,	NULL,	NULL,	0,	0,	0,	242,	0,	NULL,	NULL,	NULL,	NULL,	NULL,	1,	'RS',	0,	0,	0,	1,	0,	0,	0,	0,	0,	0,	0,	NULL,	NULL,	NULL,	NULL,	NULL,	NULL,	NULL,	NULL,	NULL,	NULL,	NULL,	NULL),
(19025,	'IN',	18,	'2019-08-01 10:40:54',	'50-1467A',	'S K',	NULL,	'Compact',	NULL,	NULL,	'Other',	NULL,	'59  Parallelism',	'Change from .002 to .003',	NULL,	NULL,	NULL,	NULL,	0,	0,	0,	262,	0,	NULL,	NULL,	NULL,	NULL,	NULL,	10,	'S K',	0,	0,	0,	1,	0,	0,	0,	0,	0,	0,	0,	NULL,	NULL,	NULL,	NULL,	NULL,	NULL,	NULL,	NULL,	NULL,	NULL,	NULL,	NULL),
(19027,	'IN',	18,	'2019-08-02 10:24:31',	'50-5145',	'SD',	NULL,	'Secondary',	NULL,	NULL,	'Other',	NULL,	'OP50 - 215',	'Increase Tolerance from 0.035mm to 0.045mm',	'This is a re-issue of TPC 18890',	NULL,	NULL,	NULL,	0,	0,	0,	0,	0,	NULL,	NULL,	NULL,	NULL,	NULL,	60,	'DC',	0,	0,	0,	1,	0,	0,	0,	0,	0,	0,	0,	NULL,	NULL,	NULL,	NULL,	NULL,	NULL,	NULL,	NULL,	NULL,	NULL,	NULL,	NULL),
(19028,	'IN',	18,	'2019-08-02 11:02:03',	'50-0455',	'NK',	NULL,	'Secondary',	NULL,	NULL,	'Quality',	'Window height  gauge in the Automated cell has been bypassed because  it is rejecting all parts',	'57-Window Height',	'100% inspect all windows  with a window height gauge at 100% inspection Prior to packing.',	NULL,	NULL,	NULL,	NULL,	0,	0,	0,	1533,	0,	NULL,	NULL,	NULL,	NULL,	NULL,	1,	'SB',	0,	0,	0,	1,	0,	0,	0,	0,	0,	0,	0,	NULL,	NULL,	NULL,	NULL,	NULL,	NULL,	NULL,	NULL,	NULL,	NULL,	NULL,	NULL),
(19029,	'IN',	18,	'2019-08-02 13:16:11',	'50-0455',	'NK',	NULL,	'Secondary',	NULL,	NULL,	'Quality',	'Parts are being rejected by auto gauge for spline hole presence',	'Spline lube hole presence',	'Visually check for presence of spline holes at 100%inspection prior to final pack.',	NULL,	NULL,	NULL,	NULL,	0,	0,	0,	1533,	0,	NULL,	NULL,	NULL,	NULL,	NULL,	1,	'SB',	0,	0,	0,	1,	0,	0,	0,	0,	0,	0,	0,	NULL,	NULL,	NULL,	NULL,	NULL,	NULL,	NULL,	NULL,	NULL,	NULL,	NULL,	NULL),
(19030,	'EX',	18,	'2019-08-02 13:34:07',	'50-5399',	'G Perrier',	'Care',	NULL,	'Care',	NULL,	'Tooling',	'Machined Step on the Bearing ID',	'#84- Pedestal Thrust Bearing face ID',	NULL,	'280 parts ( 7 Skids ).\r\n8/2/19: All parts verified 100% for no step on bearing ID. No defects found. Parts released to shipping.',	'Part found with a machined step on the Bearing ID Surface at Customer site (GM-Toledo- See picture). \r\n\r\nAT GP12 INSPECTION: \r\n\r\nSort all parts visually under a magnifier looking for a Step in the Pedestal Thrust Bearing Face (feature #84) caused by a broken Insert at the machining process (see photo of bad part).  \r\n\r\nPlace a \"Black\" sharpie dot on acceptable parts on the bearing face (see photo of good part). \r\n\r\nIf a machined step is found in a part, segregate and give the part to a Supervisor, Team Leader or QA Engineer.',	NULL,	NULL,	0,	0,	280,	0,	27,	NULL,	NULL,	NULL,	NULL,	NULL,	60,	'ST',	0,	1,	1,	0,	0,	0,	1,	0,	0,	0,	0,	NULL,	NULL,	NULL,	NULL,	NULL,	NULL,	NULL,	NULL,	NULL,	NULL,	NULL,	NULL),
(19031,	'IN',	18,	'2019-08-02 14:08:49',	'35-7037',	'RL',	NULL,	NULL,	'Sinter',	NULL,	'Chips/Flakes',	NULL,	NULL,	NULL,	NULL,	'Parts have been found at sinter load with chips and crack on teeth.\r\n\r\nCHECK PARTS - TOP AND BOTTOM -BEFORE LOADING TO ENSURE PARTS ARE CLEAR OF ALL CHIPS/FLAKES and CRACKS',	NULL,	NULL,	0,	0,	0,	0,	0,	NULL,	NULL,	NULL,	NULL,	NULL,	7,	'SB',	0,	1,	0,	0,	0,	0,	0,	0,	0,	0,	0,	NULL,	NULL,	NULL,	NULL,	NULL,	NULL,	NULL,	NULL,	NULL,	NULL,	NULL,	NULL),
(19034,	'IN',	18,	'2019-08-02 22:39:21',	'50-9341',	'RS',	NULL,	'Finished',	NULL,	NULL,	'Missed Operation',	'Unable to calibrate auto gauge',	'Window height and cross hole',	'Verify window height with window gauge\r\nverify cross oil holes visually for presence',	'No gauge tech available',	NULL,	NULL,	NULL,	0,	0,	0,	1533,	0,	NULL,	NULL,	NULL,	NULL,	NULL,	3,	'RS',	0,	0,	0,	1,	0,	0,	0,	0,	0,	0,	0,	NULL,	NULL,	NULL,	NULL,	NULL,	NULL,	NULL,	NULL,	NULL,	NULL,	NULL,	NULL),
(19035,	'IN',	18,	'2019-08-03 07:54:35',	'50-5132-A',	'GH',	NULL,	'Compact',	NULL,	NULL,	'Setup',	'Parts cracking when produced at current specification',	'HD - Tooth density',	'#HD tooth density max was 6.95g/cc change to 7.05g/cc',	NULL,	NULL,	NULL,	NULL,	0,	0,	0,	273,	0,	NULL,	NULL,	NULL,	NULL,	NULL,	15,	'GH',	0,	0,	0,	1,	0,	0,	0,	0,	0,	0,	0,	NULL,	NULL,	NULL,	NULL,	NULL,	NULL,	NULL,	NULL,	NULL,	NULL,	NULL,	NULL),
(19036,	'IN',	18,	'2019-08-03 17:15:30',	'50-3627',	'SD',	'Final Audit',	NULL,	NULL,	NULL,	'Over Size',	'Feature #124 (Plate Gear Inner Diameter) is measuring Over Size on the CMM by 0.250mm \r\nTolerance is 117.370mm +/- 0.130mm\r\nPart is measuring as high as 117.750mm\r\n\r\nHold for further evaluation',	NULL,	NULL,	'Parts were measured on the CMM for the feature #124, only 2 parts found to be non-conforming and scrapped. Remaining 158 parts were released to shipping.',	NULL,	NULL,	NULL,	0,	0,	160,	0,	0,	NULL,	NULL,	NULL,	NULL,	NULL,	1,	NULL,	0,	0,	1,	0,	0,	0,	1,	0,	0,	0,	0,	NULL,	NULL,	NULL,	NULL,	NULL,	NULL,	NULL,	NULL,	NULL,	NULL,	NULL,	NULL),
(19037,	'IN',	18,	'2019-08-05 03:48:25',	'50-1467',	'PM',	'Sinter',	NULL,	NULL,	NULL,	'Visual',	'Parts are dis-coloured, very dark.\r\nHold for QA review. Only one bin, 663 pieces.',	NULL,	NULL,	'Parts were re-sintered as per SWI. All parts were good after that and USE AS IS.',	NULL,	NULL,	NULL,	0,	0,	663,	332,	0,	NULL,	NULL,	NULL,	NULL,	NULL,	1,	NULL,	0,	0,	1,	0,	0,	0,	1,	0,	0,	0,	0,	NULL,	NULL,	NULL,	NULL,	NULL,	NULL,	NULL,	NULL,	NULL,	NULL,	NULL,	NULL),
(19038,	'IN',	18,	'2019-08-05 08:28:38',	'50-6729',	'SH',	'Secondary',	NULL,	NULL,	NULL,	'Quality',	'167 Counterbore Undercut Radius Depth out by up to 0.426\r\nRH Runout Mid Spider Step to J,Y out by up to 0.102\r\n150 Spider 1 Step Inner Diameter out by up to -0.155\r\n164 Counterbore Undercut Radius out by up to 1.053',	NULL,	NULL,	'Hold For Evaluation\r\n120 scrapped out after sort.',	NULL,	NULL,	NULL,	0,	0,	420,	604,	0,	NULL,	NULL,	NULL,	NULL,	NULL,	1,	NULL,	0,	0,	1,	0,	0,	0,	1,	0,	0,	0,	0,	NULL,	NULL,	NULL,	NULL,	NULL,	NULL,	NULL,	NULL,	NULL,	NULL,	NULL,	NULL),
(19039,	'IN',	18,	'2019-08-05 09:00:35',	'50-5132',	'SH',	NULL,	'Secondary',	NULL,	NULL,	'Other',	'John Bull gauge is broken\r\nGauge # JB-004',	'Feature 125',	'Instead of checking OIS checks every hour with John Bull gauge \r\ncheck every hour in QA lab on the cmm',	NULL,	NULL,	NULL,	NULL,	0,	0,	0,	0,	0,	NULL,	NULL,	NULL,	NULL,	NULL,	5,	'SH',	0,	0,	0,	1,	0,	0,	0,	0,	0,	0,	0,	NULL,	NULL,	NULL,	NULL,	NULL,	NULL,	NULL,	NULL,	NULL,	NULL,	NULL,	NULL),
(19040,	'IN',	18,	'2019-08-06 03:17:55',	'50-5132',	'GH',	'Secondary',	NULL,	NULL,	NULL,	'Tooling',	'Wrong insert was used in op 10 in both 1703 and 1704.  Hold for further evaluation.',	NULL,	NULL,	'8/6/19: Parts evaluated 100% and found to be within specification. Parts were released back to production.',	NULL,	NULL,	NULL,	0,	0,	150,	1703,	0,	NULL,	NULL,	NULL,	NULL,	NULL,	1,	NULL,	0,	0,	1,	0,	0,	0,	1,	0,	0,	0,	0,	NULL,	NULL,	NULL,	NULL,	NULL,	NULL,	NULL,	NULL,	NULL,	NULL,	NULL,	NULL),
(19041,	'IN',	18,	'2019-08-06 04:50:02',	'50-1467',	'DT',	'Sinter',	NULL,	NULL,	NULL,	'Cracked',	'Crack on B pedestal\r\nMAG 100%. \r\n\r\nCracks caused by flipper unit on press 263. Issue was found by press operator but not early enough.',	NULL,	NULL,	'Parts were magged and 3 parts found with cracks. Remaining 957 parts are released for production.',	NULL,	NULL,	NULL,	0,	0,	960,	263,	0,	NULL,	NULL,	NULL,	NULL,	NULL,	1,	NULL,	0,	0,	1,	0,	0,	0,	1,	0,	0,	0,	0,	NULL,	NULL,	NULL,	NULL,	NULL,	NULL,	NULL,	NULL,	NULL,	NULL,	NULL,	NULL),
(19042,	'IN',	18,	'2019-08-06 11:03:57',	'50-5399',	'RZ',	'Shipping',	NULL,	'Care',	NULL,	'Other',	'Duplicate serial number found at customer location (GM Toledo).\r\n\r\nAll parts to be verified for duplicate serial numbers with barcode scanner prior to shipment.',	'Laser Mark',	NULL,	'8/7/19: All parts verified with scanner - zero duplicate serial numbers found. Parts released for shipment.',	'AT GP-12 INSPECTION:\r\n\r\n1. Scan each part with barcode scanner to verify PUN # is unique.\r\n2. After scanning each part with the barcode scanner place a \"Blue\" sharpie dot under the human readable characters (ref. photo).\r\n3. When skid is complete mark trace tag with;\r\n Scanned by: (enter your clock number)\r\n Date: (enter current date)\r\n Shift: (enter shift material was scanned on)\r\n4. Attach a pink cert tag to verified containers when complete.',	NULL,	NULL,	0,	0,	480,	5002,	0,	NULL,	NULL,	NULL,	NULL,	NULL,	60,	'DB',	0,	1,	1,	0,	0,	0,	1,	0,	0,	0,	0,	NULL,	NULL,	NULL,	NULL,	NULL,	NULL,	NULL,	NULL,	NULL,	NULL,	NULL,	NULL),
(19043,	'EX',	18,	'2019-08-06 11:16:08',	'50-5399',	'RZ',	NULL,	NULL,	NULL,	NULL,	'Other',	NULL,	NULL,	NULL,	NULL,	NULL,	'Customer has found parts with duplicate serial numbers (total of 4 parts)',	NULL,	5000,	4,	0,	NULL,	27,	'Kevin Tracy Email dated 8/6/19',	'2019-08-06 00:00:00',	'Scrap',	'Sort',	NULL,	1,	NULL,	0,	0,	0,	0,	1,	1,	0,	0,	0,	0,	0,	NULL,	NULL,	NULL,	NULL,	NULL,	NULL,	NULL,	NULL,	NULL,	NULL,	NULL,	NULL),
(19044,	'IN',	18,	'2019-08-06 14:33:20',	'50-9341 A',	'AS',	NULL,	'Compact',	NULL,	NULL,	'Other',	NULL,	'PK - Measurement over two pins',	'Tolerance 109.720 - 109.905\r\nChanged to 109.720 - 109.925',	NULL,	NULL,	NULL,	NULL,	0,	0,	0,	280,	0,	NULL,	NULL,	NULL,	NULL,	NULL,	5,	'AS',	0,	0,	0,	1,	0,	0,	0,	0,	0,	0,	0,	NULL,	NULL,	NULL,	NULL,	NULL,	NULL,	NULL,	NULL,	NULL,	NULL,	NULL,	NULL),
(19045,	'EX',	18,	'2019-08-06 15:50:38',	'50-3627',	'ST',	NULL,	NULL,	NULL,	NULL,	'Quality',	NULL,	NULL,	NULL,	NULL,	NULL,	'Rescinded.  Part belong to a different supplier',	NULL,	12,	0,	0,	0,	13,	'16812',	'2019-08-06 00:00:00',	'Sort at Third Party',	'Sort',	NULL,	1,	NULL,	0,	0,	0,	0,	1,	0,	1,	0,	0,	0,	0,	NULL,	NULL,	NULL,	NULL,	NULL,	NULL,	NULL,	NULL,	NULL,	NULL,	NULL,	NULL),
(19046,	'IN',	18,	'2019-08-07 01:00:16',	'50-4865-A',	'JBC',	'Compact',	NULL,	NULL,	NULL,	'Tooling',	'WRONG tooling  put in Inner upper punch\r\nOIL GROOVE MISSING',	NULL,	NULL,	'DO NOT PROCESS',	NULL,	NULL,	NULL,	0,	0,	6200,	242,	0,	NULL,	NULL,	NULL,	NULL,	NULL,	1,	NULL,	0,	0,	1,	0,	0,	0,	1,	0,	0,	0,	0,	NULL,	NULL,	NULL,	NULL,	NULL,	NULL,	NULL,	NULL,	NULL,	NULL,	NULL,	NULL),
(19047,	'IN',	18,	'2019-08-07 01:06:20',	'50-5132',	'4406',	'Secondary',	NULL,	NULL,	NULL,	'Over Size',	'feature 208 - Plate Notch 1 Profile 1 oversized 0.278mm',	NULL,	NULL,	'Hold for further evaluation.\r\n8/8/19: Parts evaluated on another CMM and found to be within tolerance. Parts released back to production.',	NULL,	NULL,	NULL,	0,	0,	40,	0,	0,	NULL,	NULL,	NULL,	NULL,	NULL,	1,	NULL,	0,	0,	1,	0,	0,	0,	1,	0,	0,	0,	0,	NULL,	NULL,	NULL,	NULL,	NULL,	NULL,	NULL,	NULL,	NULL,	NULL,	NULL,	NULL),
(19048,	'IN',	18,	'2019-08-07 01:10:15',	'50-4865',	'GH',	NULL,	NULL,	'Secondary',	NULL,	'Quality',	NULL,	'PLATE OIL GROOVE MISSING',	NULL,	NULL,	'INCORRECT PLATE PUNCH WAS USED AT SETUP.\r\nINSPECT 100% FOR MISSING OIL GROOVE.\r\nSEE PICTURES FOR DETAILS',	NULL,	NULL,	0,	0,	0,	1617,	0,	NULL,	NULL,	NULL,	NULL,	NULL,	10,	'GH',	0,	1,	0,	0,	0,	0,	0,	0,	0,	0,	0,	NULL,	NULL,	NULL,	NULL,	NULL,	NULL,	NULL,	NULL,	NULL,	NULL,	NULL,	NULL),
(19049,	'IN',	18,	'2019-08-07 01:21:59',	'50-4865',	'GH',	'Sinter',	NULL,	NULL,	NULL,	'Tooling',	'Parts made with incorrect \"A\" plate oil groove form. Incorrect inner upper punch tooling used.',	NULL,	NULL,	'4 bins total on hold prior to machining operation.',	NULL,	NULL,	NULL,	0,	0,	4400,	242,	0,	NULL,	NULL,	NULL,	NULL,	NULL,	1,	NULL,	0,	0,	1,	0,	0,	0,	1,	0,	0,	0,	0,	NULL,	NULL,	NULL,	NULL,	NULL,	NULL,	NULL,	NULL,	NULL,	NULL,	NULL,	NULL),
(19050,	'IN',	18,	'2019-08-07 01:52:53',	'50-4865-A',	'GPH',	'Sinter',	NULL,	NULL,	NULL,	'Setup',	'4865A\'s made on or after 08-03-19 through 08-07-19 had incorrect tooling without the oil groove.',	NULL,	NULL,	'100% sort post sinter',	NULL,	NULL,	NULL,	0,	0,	10000,	314,	0,	NULL,	NULL,	NULL,	NULL,	NULL,	1,	NULL,	0,	0,	1,	0,	0,	0,	1,	0,	0,	0,	0,	NULL,	NULL,	NULL,	NULL,	NULL,	NULL,	NULL,	NULL,	NULL,	NULL,	NULL,	NULL),
(19051,	'IN',	18,	'2019-08-07 08:06:49',	'50-5145-A',	'Karl',	'Compact',	NULL,	NULL,	NULL,	'Cracked',	'Parts are cracked at the base of the spline',	NULL,	NULL,	'RO40, GO21',	NULL,	NULL,	NULL,	0,	0,	690,	277,	0,	NULL,	NULL,	NULL,	NULL,	NULL,	1,	NULL,	0,	0,	1,	0,	0,	0,	1,	0,	0,	0,	0,	NULL,	NULL,	NULL,	NULL,	NULL,	NULL,	NULL,	NULL,	NULL,	NULL,	NULL,	NULL),
(19052,	'IN',	18,	'2019-08-07 09:22:20',	'50-5145-A',	'Karl',	'Sinter',	NULL,	NULL,	NULL,	'Cracked',	'Crack detect shows crack at base of spline.',	NULL,	NULL,	'Bin#037',	NULL,	NULL,	NULL,	0,	0,	277,	345,	0,	NULL,	NULL,	NULL,	NULL,	NULL,	1,	NULL,	0,	0,	1,	0,	0,	0,	1,	0,	0,	0,	0,	NULL,	NULL,	NULL,	NULL,	NULL,	NULL,	NULL,	NULL,	NULL,	NULL,	NULL,	NULL),
(19055,	'IN',	18,	'2019-08-07 11:08:32',	'50-0455',	'RSR',	NULL,	NULL,	'Compact',	NULL,	'Other',	NULL,	'TEST - IGNORE THIS SI',	NULL,	'IGNORE',	'IGNORE',	NULL,	NULL,	0,	0,	0,	101,	0,	NULL,	NULL,	NULL,	NULL,	NULL,	1,	'RSR',	0,	1,	0,	0,	0,	0,	0,	0,	0,	0,	0,	NULL,	NULL,	NULL,	NULL,	NULL,	NULL,	NULL,	NULL,	NULL,	NULL,	NULL,	NULL),
(19056,	'IN',	18,	'2019-08-07 11:32:55',	'50-9641',	'RSR',	NULL,	'Finished',	NULL,	NULL,	'Other',	'Red Rabbit for 9641 U/S holes check is not failing as holes are worn.\r\n\r\nPending replacement by Laundau Gauge',	'Red rabbit check Stn 40',	'OK to run with Stn 40 in bypass',	'Original TPC 18765 expired',	NULL,	NULL,	NULL,	0,	0,	0,	0,	0,	NULL,	NULL,	NULL,	NULL,	NULL,	60,	'RSR',	0,	0,	0,	1,	0,	0,	0,	0,	0,	0,	0,	NULL,	NULL,	NULL,	NULL,	NULL,	NULL,	NULL,	NULL,	NULL,	NULL,	NULL,	NULL),
(19057,	'IN',	18,	'2019-08-07 12:36:45',	'50-9641',	'RSR',	NULL,	'Finished',	NULL,	NULL,	'Other',	'Stn 40 gauge not working properly.',	'#107 (Plate ID)',	'Manually inspect 100% using GO/NOGO gauges provided.',	'Landau Gauge to correct.',	NULL,	NULL,	NULL,	0,	0,	0,	0,	0,	NULL,	NULL,	NULL,	NULL,	NULL,	60,	'RSR',	0,	0,	0,	1,	0,	0,	0,	0,	0,	0,	0,	NULL,	NULL,	NULL,	NULL,	NULL,	NULL,	NULL,	NULL,	NULL,	NULL,	NULL,	NULL),
(19058,	'IN',	18,	'2019-08-07 13:31:31',	'50-5145',	'RZ',	NULL,	NULL,	NULL,	'Secondary',	'Cracked',	NULL,	NULL,	NULL,	NULL,	NULL,	'Parts are being found at GP-12 and 100% inspection with cracks in the pedestal (see photos).\r\n\r\nAT MAG OPERATION:\r\nInspect the pedestal face first. Pay close attention to the pedestal face when inspecting for cracks (see photo and reference the crack sample at the mag tent for visual aid).',	NULL,	0,	0,	0,	0,	0,	NULL,	NULL,	NULL,	NULL,	NULL,	30,	'DB',	0,	0,	0,	0,	0,	0,	0,	0,	0,	0,	1,	NULL,	NULL,	NULL,	NULL,	NULL,	NULL,	NULL,	NULL,	NULL,	NULL,	NULL,	NULL),
(19059,	'IN',	18,	'2019-08-07 13:59:28',	'50-4900-A',	'Karl',	NULL,	'Compact',	NULL,	NULL,	'Other',	'tooling',	'21 Spline Major Diameter Position\r\n44-Cutout Diameter 1 Hub End',	'Change feature 21 pos. from 0.125mm to a pos tol of 0.235mm\r\nChange Feature 44 pos. tol. From 0.150mm to a tol. Pos. 0.200',	NULL,	NULL,	NULL,	NULL,	0,	0,	0,	272,	0,	NULL,	NULL,	NULL,	NULL,	NULL,	31,	'Karl',	0,	0,	0,	1,	0,	0,	0,	0,	0,	0,	0,	NULL,	NULL,	NULL,	NULL,	NULL,	NULL,	NULL,	NULL,	NULL,	NULL,	NULL,	NULL),
(19060,	'IN',	18,	'2019-08-08 00:52:33',	'50-1858',	'jbc',	'Final Audit',	NULL,	NULL,	NULL,	'Over Size',	'Plate Hole 1 position is out of spec.',	NULL,	NULL,	'Parts reinspected. Rejected parts scrapped, remainder released to production',	NULL,	NULL,	NULL,	0,	0,	450,	0,	0,	NULL,	NULL,	NULL,	NULL,	NULL,	1,	NULL,	0,	0,	1,	0,	0,	0,	1,	0,	0,	0,	0,	NULL,	NULL,	NULL,	NULL,	NULL,	NULL,	NULL,	NULL,	NULL,	NULL,	NULL,	NULL),
(19061,	'IN',	18,	'2019-08-08 02:32:41',	'50-6686',	'JP',	NULL,	'Secondary',	NULL,	NULL,	'Incomplete Operation',	'6L Op-10 Sterling Gauge contact is broken preventing the mastering of gauge - ALSO UNSAFE ELECTRICAL OUTLETS MIRED IN OIL',	'Feature 111, 119, L4, V4, 135',	'Measure the above features on CMM until proper electrical outlet are installed and Sterling gauge is repaired',	'I sent an email to Kim Gates about the electrical outlet',	NULL,	NULL,	NULL,	0,	0,	0,	0,	0,	NULL,	NULL,	NULL,	NULL,	NULL,	60,	'JP',	0,	0,	0,	1,	0,	0,	0,	0,	0,	0,	0,	NULL,	NULL,	NULL,	NULL,	NULL,	NULL,	NULL,	NULL,	NULL,	NULL,	NULL,	NULL),
(19062,	'IN',	18,	'2019-08-08 06:30:16',	'50-5145',	'PM',	'Secondary',	NULL,	NULL,	NULL,	'Quality',	'Feature 198 is out of process tolerance (undersize).',	NULL,	NULL,	'8/8/19: Several parts were evaluated and found to be within customer print tolerance for feature 198. All parts released back to production.',	NULL,	NULL,	NULL,	0,	0,	200,	1705,	0,	NULL,	NULL,	NULL,	NULL,	NULL,	1,	NULL,	0,	0,	1,	0,	0,	0,	1,	0,	0,	0,	0,	NULL,	NULL,	NULL,	NULL,	NULL,	NULL,	NULL,	NULL,	NULL,	NULL,	NULL,	NULL),
(19063,	'IN',	18,	'2019-08-08 08:40:59',	'50-5399',	'AS',	'Secondary',	NULL,	NULL,	NULL,	'Incomplete Operation',	'Feature 62 staking pocket depth',	NULL,	NULL,	'This feature is U/S, Hold for further evaluation.\r\n8/26/19: Material scrapped (scrap authorization per D. Milne 8/21/19).',	NULL,	NULL,	NULL,	0,	0,	38,	1704,	0,	NULL,	NULL,	NULL,	NULL,	NULL,	1,	NULL,	0,	0,	1,	0,	0,	0,	1,	0,	0,	0,	0,	NULL,	NULL,	NULL,	NULL,	NULL,	NULL,	NULL,	NULL,	NULL,	NULL,	NULL,	NULL),
(19064,	'IN',	18,	'2019-08-08 10:11:39',	'50-5399',	'RZ',	NULL,	NULL,	NULL,	'Secondary',	'Incomplete Operation',	NULL,	NULL,	NULL,	NULL,	NULL,	'Parts being found with incomplete staking slots (see photos). Pay close attention to the staking slots to ensure they are fully machined.',	NULL,	0,	0,	0,	0,	0,	NULL,	NULL,	NULL,	NULL,	NULL,	30,	'RZ/DB',	0,	0,	0,	0,	0,	0,	0,	0,	0,	0,	1,	NULL,	NULL,	NULL,	NULL,	NULL,	NULL,	NULL,	NULL,	NULL,	NULL,	NULL,	NULL),
(19066,	'IN',	18,	'2019-08-08 17:14:02',	'50-5145',	'TB',	'Secondary',	NULL,	NULL,	NULL,	'Cracked',	'Suspect cracked A plate teeth. Hold for QA evaluation',	NULL,	NULL,	'Sent part to met lab.',	NULL,	NULL,	NULL,	0,	0,	672,	551,	0,	NULL,	NULL,	NULL,	NULL,	NULL,	1,	NULL,	0,	0,	1,	0,	0,	0,	1,	0,	0,	0,	0,	NULL,	NULL,	NULL,	NULL,	NULL,	NULL,	NULL,	NULL,	NULL,	NULL,	NULL,	NULL),
(19067,	'IN',	18,	'2019-08-09 10:28:26',	'50-6729-A',	'Karl',	NULL,	'Sinter',	NULL,	NULL,	'Over Size',	'Oversized',	'22-Spline Minor Diameter',	'Change Pos Tol. From 0.100mm to 0.110mm',	NULL,	NULL,	NULL,	NULL,	0,	0,	0,	272,	0,	NULL,	NULL,	NULL,	NULL,	NULL,	31,	'Karl',	0,	0,	0,	1,	0,	0,	0,	0,	0,	0,	0,	NULL,	NULL,	NULL,	NULL,	NULL,	NULL,	NULL,	NULL,	NULL,	NULL,	NULL,	NULL),
(19068,	'IN',	18,	'2019-08-09 10:53:50',	'35-3001',	'RZ',	NULL,	NULL,	NULL,	'Secondary',	'Missed Operation',	NULL,	NULL,	NULL,	NULL,	NULL,	'Our customer (Stackpole Mississauga) has found one part with a double broach and two parts missing the broaching operation in our most recent shipment to them (see photos).\r\n\r\nThese defects are being missed by the broaching operation and by GP-12 inspection. Pay close attention to the broached spline when producing and inspecting parts to ensure the part is broached and also NOT double broached (see photos).',	'Broaching Operation',	0,	0,	0,	611,	0,	NULL,	NULL,	NULL,	NULL,	NULL,	60,	'DB',	0,	0,	0,	0,	0,	0,	0,	0,	0,	0,	1,	NULL,	NULL,	NULL,	NULL,	NULL,	NULL,	NULL,	NULL,	NULL,	NULL,	NULL,	NULL),
(19069,	'IN',	18,	'2019-08-09 17:06:48',	'50-9341 A',	'wc',	'Compact',	NULL,	NULL,	NULL,	'Cracked',	'Crack',	NULL,	NULL,	'Do Not Process',	NULL,	NULL,	NULL,	0,	0,	1386,	0,	0,	NULL,	NULL,	NULL,	NULL,	NULL,	1,	NULL,	0,	0,	1,	0,	0,	0,	1,	0,	0,	0,	0,	NULL,	NULL,	NULL,	NULL,	NULL,	NULL,	NULL,	NULL,	NULL,	NULL,	NULL,	NULL),
(19071,	'IN',	18,	'2019-08-09 18:21:40',	'50-5132-B',	'SM',	NULL,	'Compact',	NULL,	NULL,	'Under Size',	'Tooling',	'SG- Leg ID\r\n#74 Leg OD',	'SG Pedestal Leg ID From 110.40mm max to 110.56mm max\r\n74  Leg OD from 171.9mm min to 171.45mm min',	'Re-issue of TPC',	NULL,	NULL,	NULL,	0,	0,	0,	273,	0,	NULL,	NULL,	NULL,	NULL,	NULL,	60,	'SM',	0,	0,	0,	1,	0,	0,	0,	0,	0,	0,	0,	NULL,	NULL,	NULL,	NULL,	NULL,	NULL,	NULL,	NULL,	NULL,	NULL,	NULL,	NULL),
(19072,	'IN',	18,	'2019-08-09 18:40:41',	'50-1467',	'wc',	'Secondary',	NULL,	'Finished',	NULL,	'Rust',	'Rust',	'Rust',	NULL,	NULL,	'1. In a container, prepare a solution adding 50% of Eco-Industrial 50 (Degreaser- find it by the wall of 314 furnace unload end) and 50% water to it and mix well.\r\n2. Prepare another solution on a container with 7-10% of Coolant fluid (Hocut 795-H) mixed with water ( Fluid tech can help). \r\n3. Dip the parts into degreaser solution and scrub it with Scotch Brite to remove the rust spots.\r\n4. After that, dip the parts in the coolant container and transfer it into the bins. \r\n5. Wash the parts in the Tesma wash cell and move this bin to the 200%% inspection station. \r\n6. After that follow the regular process of 200% inspection with plug gauge, CS1 & Oil & pack inspecting visually for rust along all these inspections.',	NULL,	NULL,	0,	0,	1250,	0,	0,	NULL,	NULL,	NULL,	NULL,	NULL,	30,	'ST',	0,	1,	1,	0,	0,	0,	0,	0,	0,	0,	0,	NULL,	NULL,	NULL,	NULL,	NULL,	NULL,	NULL,	NULL,	NULL,	NULL,	NULL,	NULL),
(19257,	'IN',	18,	'2019-09-10 15:31:13',	'10R140',	'RSR',	NULL,	NULL,	NULL,	'Finished',	'Other',	NULL,	NULL,	NULL,	NULL,	NULL,	'When verifying Bushing ID on 50-3214 and 50-5214, if part fails, set aside any parts which are rejected.\r\nAt end of shift, these parts are to be remeasured using the OP90 Stirling Gauge.',	'Feature 6  Bushing ID',	0,	0,	0,	5002,	0,	NULL,	NULL,	NULL,	NULL,	NULL,	30,	'RSR',	0,	0,	0,	0,	0,	0,	0,	0,	0,	0,	1,	NULL,	NULL,	NULL,	NULL,	NULL,	NULL,	NULL,	NULL,	NULL,	NULL,	NULL,	NULL),
(19258,	'IN',	18,	'2019-09-10 16:18:40',	'50-1467',	'TB',	'Sinter',	NULL,	NULL,	NULL,	'Cracked',	'cracked pedestal found at unload in-between bins. As per supervisor, 2 bins put on hold. Next op 100% magnaflux',	NULL,	NULL,	NULL,	NULL,	NULL,	NULL,	0,	0,	1920,	919,	0,	NULL,	NULL,	NULL,	NULL,	NULL,	1,	NULL,	0,	0,	1,	0,	0,	0,	0,	0,	0,	0,	0,	NULL,	NULL,	NULL,	NULL,	NULL,	NULL,	NULL,	NULL,	NULL,	NULL,	NULL,	NULL),
(19259,	'IN',	18,	'2019-09-10 20:02:32',	'50-9341 B',	'YL',	'Sinter',	NULL,	NULL,	NULL,	'Quality',	'suspected for crack and damage \r\nthese parts are on hold due to robot crushing and dropping on them',	NULL,	NULL,	'To be evaluated by QA',	NULL,	NULL,	NULL,	0,	0,	198,	349,	0,	NULL,	NULL,	NULL,	NULL,	NULL,	1,	NULL,	0,	0,	1,	0,	0,	0,	1,	0,	0,	0,	0,	NULL,	NULL,	NULL,	NULL,	NULL,	NULL,	NULL,	NULL,	NULL,	NULL,	NULL,	NULL),
(19260,	'IN',	18,	'2019-09-11 02:16:57',	'50-3627-B',	'RS',	NULL,	'Compact',	NULL,	NULL,	'Tooling',	NULL,	'#110 Flange Inner Diameter',	'Change from 2.2060 to 2.2063',	NULL,	NULL,	NULL,	NULL,	0,	0,	0,	261,	0,	NULL,	NULL,	NULL,	NULL,	NULL,	10,	'RS',	0,	0,	0,	1,	0,	0,	0,	0,	0,	0,	0,	NULL,	NULL,	NULL,	NULL,	NULL,	NULL,	NULL,	NULL,	NULL,	NULL,	NULL,	NULL),
(19261,	'IN',	18,	'2019-09-11 04:26:09',	'50-4748',	'GH',	'Secondary',	NULL,	NULL,	NULL,	'Incomplete Operation',	'Furnace failure: Belt blown on tempering furnace temperatures dropped low causing possible tensile strength issue.',	NULL,	NULL,	'1 bin mixed possible good and failed components. Required checks for tensile strength hold for further evaluation\r\n\r\nPast all lab tests',	NULL,	NULL,	NULL,	0,	0,	1067,	347,	0,	NULL,	NULL,	NULL,	NULL,	NULL,	1,	NULL,	0,	0,	1,	0,	0,	0,	1,	0,	0,	0,	0,	NULL,	NULL,	NULL,	NULL,	NULL,	NULL,	NULL,	NULL,	NULL,	NULL,	NULL,	NULL),
(19262,	'IN',	18,	'2019-09-11 07:35:52',	'50-5401-A',	'KB',	NULL,	'Compact',	NULL,	NULL,	'Tooling',	NULL,	'FM DISTANCE-DATUM A FACE TO BOSS\r\nDB DENSITY AROUND LEG FLANGE',	'FM FROM 3.0MM MAX TO 3.O5MM MAX\r\nDB FROM 6.95G/CC MAX TO 7.05G/CC MAX',	NULL,	NULL,	NULL,	NULL,	0,	0,	0,	277,	0,	NULL,	NULL,	NULL,	NULL,	NULL,	15,	'KB',	0,	0,	0,	1,	0,	0,	0,	0,	0,	0,	0,	NULL,	NULL,	NULL,	NULL,	NULL,	NULL,	NULL,	NULL,	NULL,	NULL,	NULL,	NULL),
(19263,	'IN',	18,	'2019-09-11 15:16:14',	'50-9341 A',	'YL',	'Sinter',	NULL,	NULL,	NULL,	'Damaged',	'Parts are on hold due to robot crushing down on the trays',	NULL,	NULL,	'To be taken to Danly room and scrapped out',	NULL,	NULL,	NULL,	0,	0,	198,	1516,	0,	NULL,	NULL,	NULL,	NULL,	NULL,	1,	NULL,	0,	0,	1,	0,	0,	0,	1,	0,	0,	0,	0,	NULL,	NULL,	NULL,	NULL,	NULL,	NULL,	NULL,	NULL,	NULL,	NULL,	NULL,	NULL),
(19264,	'IN',	18,	'2019-09-11 15:19:02',	'50-9341',	'NK',	NULL,	'Secondary',	NULL,	NULL,	'Under Size',	NULL,	'114-2:A face  TP\r\n114-4: Sun gear face TP',	'print spec for both features is 20% minimum.\r\nChanged to 10% minimum on 1527 ONLY',	NULL,	NULL,	NULL,	NULL,	0,	0,	0,	1527,	0,	NULL,	NULL,	NULL,	NULL,	NULL,	30,	'MM',	0,	0,	0,	1,	0,	0,	0,	0,	0,	0,	0,	NULL,	NULL,	NULL,	NULL,	NULL,	NULL,	NULL,	NULL,	NULL,	NULL,	NULL,	NULL),
(19265,	'IN',	18,	'2019-09-11 16:57:40',	'50-9341 A',	'682',	'Compact',	NULL,	NULL,	NULL,	'Other',	'Lamination observed at bottom and is undectectable with MPI',	NULL,	NULL,	'Hold for evaluation',	NULL,	NULL,	NULL,	0,	0,	2145,	280,	0,	NULL,	NULL,	NULL,	NULL,	NULL,	1,	NULL,	0,	0,	1,	0,	0,	0,	1,	0,	0,	0,	0,	NULL,	NULL,	NULL,	NULL,	NULL,	NULL,	NULL,	NULL,	NULL,	NULL,	NULL,	NULL),
(19266,	'IN',	18,	'2019-09-12 09:35:15',	'50-5404-B',	'S K',	NULL,	'Compact',	NULL,	NULL,	'Tooling',	NULL,	'154 leg O.D',	'Change from 141.050 target  to 141.100 target',	NULL,	NULL,	NULL,	NULL,	0,	0,	0,	245,	0,	NULL,	NULL,	NULL,	NULL,	NULL,	5,	'S K',	0,	0,	0,	1,	0,	0,	0,	0,	0,	0,	0,	NULL,	NULL,	NULL,	NULL,	NULL,	NULL,	NULL,	NULL,	NULL,	NULL,	NULL,	NULL),
(19267,	'IN',	18,	'2019-09-12 10:15:41',	'50-5710',	'Bonnie R.',	'Sinter',	NULL,	'Sinter',	'Sinter',	'Burr',	'Burr in pedestal ID keyway (3 Bins)',	NULL,	NULL,	NULL,	'File the burr away on all the 3 keyways placing it sideways in a flat surface and don\'t leave any burrs on the part. \r\n\r\nSquare File\'s are provided to the supervisor (Scott Brownlee) and also available in stores. \r\n\r\nAfter sorting, keep the special instruction on the bins so that at 100% inspection & GP12 stations, they can take extra look on the keyways for burrs.',	NULL,	NULL,	0,	0,	2880,	333,	0,	NULL,	NULL,	NULL,	NULL,	NULL,	30,	'ST',	0,	1,	1,	0,	0,	0,	0,	0,	0,	0,	0,	NULL,	NULL,	NULL,	NULL,	NULL,	NULL,	NULL,	NULL,	NULL,	NULL,	NULL,	NULL),
(19268,	'IN',	18,	'2019-09-12 10:38:57',	'50-4865',	'TS',	NULL,	'Sinter',	NULL,	NULL,	NULL,	NULL,	NULL,	NULL,	NULL,	NULL,	NULL,	NULL,	0,	0,	0,	0,	0,	NULL,	NULL,	NULL,	NULL,	NULL,	60,	'JM',	0,	0,	0,	1,	0,	0,	0,	0,	0,	0,	0,	NULL,	NULL,	NULL,	NULL,	NULL,	NULL,	NULL,	NULL,	NULL,	NULL,	NULL,	NULL),
(19269,	'IN',	18,	'2019-09-12 11:19:34',	'50-5399',	'RZ',	NULL,	NULL,	NULL,	'Secondary',	'Damaged',	NULL,	NULL,	NULL,	NULL,	NULL,	'Parts found (41 pcs) at 100% inspection with dings on the ID of the bushing. At each process, DO NOT hang parts on the corners of the steel bins as this can cause damage to the bushing ID.',	NULL,	0,	0,	0,	0,	0,	NULL,	NULL,	NULL,	NULL,	NULL,	30,	'DM/RZ',	0,	0,	0,	0,	0,	0,	0,	0,	0,	0,	1,	NULL,	NULL,	NULL,	NULL,	NULL,	NULL,	NULL,	NULL,	NULL,	NULL,	NULL,	NULL),
(19270,	'IN',	18,	'2019-09-12 11:50:11',	'35-4551',	'120',	'Sinter',	NULL,	NULL,	NULL,	'Over Size',	'O/S over pins up to .0008\" Parts were scrapped',	NULL,	NULL,	'Scrapped.',	NULL,	NULL,	NULL,	0,	0,	2500,	NULL,	0,	NULL,	NULL,	NULL,	NULL,	NULL,	1,	NULL,	0,	0,	1,	0,	0,	0,	1,	0,	0,	0,	0,	NULL,	NULL,	NULL,	NULL,	NULL,	NULL,	NULL,	NULL,	NULL,	NULL,	NULL,	NULL),
(19271,	'IN',	18,	'2019-09-12 13:08:23',	'10R80',	'TC',	NULL,	'Finished',	NULL,	NULL,	'Quality',	'PINION HOLES IN BYPASS',	'STATION 40 AUTOGAUGE',	'USE MANUAL INSPECTION 100% ON PINION HOLES ONLY',	NULL,	NULL,	NULL,	NULL,	0,	0,	0,	0,	0,	NULL,	NULL,	NULL,	NULL,	NULL,	10,	'TC',	0,	0,	0,	1,	0,	0,	1,	0,	0,	0,	0,	NULL,	NULL,	NULL,	NULL,	NULL,	NULL,	NULL,	NULL,	NULL,	NULL,	NULL,	NULL),
(19272,	'EX',	18,	'2019-09-12 14:26:01',	'50-4900',	'G Perrier',	NULL,	NULL,	NULL,	NULL,	'Missed Operation',	NULL,	NULL,	NULL,	NULL,	NULL,	'One part found with an Oversized hub.\r\n\r\nPink Sticker on Silao only.',	NULL,	0,	1,	0,	0,	28,	NULL,	'2019-09-12 00:00:00',	'Return to Stackpole',	'Sort',	NULL,	1,	NULL,	0,	0,	0,	0,	1,	1,	0,	0,	0,	0,	0,	NULL,	NULL,	NULL,	NULL,	NULL,	NULL,	NULL,	NULL,	NULL,	NULL,	NULL,	NULL),
(19273,	'IN',	18,	'2019-09-12 18:05:36',	'50-5710',	'Bonnie R.',	'Sinter',	NULL,	'Sinter',	NULL,	'Burr',	'Burr in pedestal keyway. Changed upper this morning but there was still a small burr present and burr deteriorate over the run.',	NULL,	NULL,	NULL,	'File the burr away on all the 3 keyways placing it sideways in a flat surface and don\'t leave any burrs on the part. \r\n\r\nSquare File\'s are provided to the supervisor (Scott Brownlee) and also available in stores. \r\n\r\nAfter sorting, keep the special instruction on the bins so that at 100% inspection & GP12 stations, they can take extra look on the keyways for burrs.',	NULL,	NULL,	0,	0,	1920,	333,	0,	NULL,	NULL,	NULL,	NULL,	NULL,	30,	'ST',	0,	1,	1,	0,	0,	0,	0,	0,	0,	0,	1,	NULL,	NULL,	NULL,	NULL,	NULL,	NULL,	NULL,	NULL,	NULL,	NULL,	NULL,	NULL),
(19275,	'IN',	18,	'2019-09-13 06:33:18',	'50-5710',	'DT',	'Sinter',	NULL,	NULL,	NULL,	'Other',	'Incorrect wafer used at sinter. 50-1437 wafer used\r\n7 grams difference',	NULL,	NULL,	'Weight excess. Use as is as per metallurgist.',	NULL,	NULL,	NULL,	0,	0,	925,	333,	0,	NULL,	NULL,	NULL,	NULL,	NULL,	1,	NULL,	0,	0,	1,	0,	0,	0,	1,	0,	0,	0,	0,	NULL,	NULL,	NULL,	NULL,	NULL,	NULL,	NULL,	NULL,	NULL,	NULL,	NULL,	NULL),
(19276,	'IN',	18,	'2019-09-13 08:20:46',	'50-5145',	'Karl',	'Sinter',	NULL,	NULL,	NULL,	'Cracked',	'Cracked inside base of spline (push through crack).',	NULL,	NULL,	'9/16/19: Parts magged 100%. 195 pcs were scrapped and the balance of 2107 pcs were released back to production.',	NULL,	NULL,	NULL,	0,	0,	2302,	344,	0,	NULL,	NULL,	NULL,	NULL,	NULL,	1,	NULL,	0,	0,	1,	0,	0,	0,	1,	0,	0,	0,	0,	NULL,	NULL,	NULL,	NULL,	NULL,	NULL,	NULL,	NULL,	NULL,	NULL,	NULL,	NULL),
(19277,	'IN',	18,	'2019-09-13 08:25:54',	'50-0455',	'Karl',	NULL,	'Sinter',	NULL,	NULL,	'Incomplete Operation',	NULL,	'QA',	'Change CMM check from 2 parts every 2 hour to 1 part every 2 hours',	'Not enough CMM time available',	NULL,	NULL,	NULL,	0,	0,	0,	341,	0,	NULL,	NULL,	NULL,	NULL,	NULL,	30,	'Karl',	0,	0,	0,	1,	0,	0,	0,	0,	0,	0,	0,	NULL,	NULL,	NULL,	NULL,	NULL,	NULL,	NULL,	NULL,	NULL,	NULL,	NULL,	NULL),
(19278,	'IN',	18,	'2019-09-14 02:24:16',	'50-3627',	'4406',	'Secondary',	NULL,	NULL,	NULL,	'Over Size',	'feature 103- pinion hole diameter oversized 0.014mm',	NULL,	NULL,	'BURNT PINION HOLES\r\nhold for further evaluation',	NULL,	NULL,	NULL,	0,	0,	160,	0,	0,	NULL,	NULL,	NULL,	NULL,	NULL,	1,	NULL,	0,	0,	1,	0,	0,	0,	0,	0,	0,	0,	0,	NULL,	NULL,	NULL,	NULL,	NULL,	NULL,	NULL,	NULL,	NULL,	NULL,	NULL,	NULL),
(19279,	'IN',	18,	'2019-09-14 06:01:51',	'50-5399',	'JP',	NULL,	'Secondary',	NULL,	NULL,	'Quality',	'Id tip is broken off and wouldn\'t master without it - Currently in Bypass on Lower 30  Id only & Squareness won\'t be working either',	'50-5132 /5399 Op-10 Sterling Gauge Feature # 30 Lower is not working',	'Use CMM or turn part upside down to obtain Lower #30 size',	'Gauge will require disassembly to remove broken tip \r\nNew Tip may be required to purchase',	NULL,	NULL,	NULL,	0,	0,	0,	1703,	0,	NULL,	NULL,	NULL,	NULL,	NULL,	60,	NULL,	0,	0,	0,	1,	0,	0,	0,	0,	0,	0,	0,	NULL,	NULL,	NULL,	NULL,	NULL,	NULL,	NULL,	NULL,	NULL,	NULL,	NULL,	NULL),
(19280,	'IN',	18,	'2019-09-16 02:36:10',	'50-9341 A',	'GPH',	'Sinter',	NULL,	NULL,	NULL,	'Damaged',	'Impact with bin robot.  Parts need to be inspected for damage',	NULL,	NULL,	NULL,	NULL,	NULL,	NULL,	0,	0,	500,	1516,	0,	NULL,	NULL,	NULL,	NULL,	NULL,	1,	NULL,	0,	0,	1,	0,	0,	0,	1,	0,	0,	0,	0,	NULL,	NULL,	NULL,	NULL,	NULL,	NULL,	NULL,	NULL,	NULL,	NULL,	NULL,	NULL),
(19281,	'IN',	18,	'2019-09-16 08:22:43',	'50-6686',	'Karl',	'Sinter',	NULL,	NULL,	NULL,	'Under Size',	'Under sized large windows off the end of the furnaces',	NULL,	NULL,	NULL,	NULL,	NULL,	NULL,	0,	0,	280,	343,	0,	NULL,	NULL,	NULL,	NULL,	NULL,	1,	NULL,	0,	0,	1,	0,	0,	0,	1,	0,	0,	0,	0,	NULL,	NULL,	NULL,	NULL,	NULL,	NULL,	NULL,	NULL,	NULL,	NULL,	NULL,	NULL),
(19282,	'IN',	18,	'2019-09-16 10:07:09',	'50-0455',	'RSR',	NULL,	NULL,	NULL,	'Finished',	'Quality',	NULL,	NULL,	NULL,	NULL,	NULL,	'Use extra care when inspecting parts for missing pellets and for cracks.\r\n\r\nNotify the Quality Engineer or your supervisor if ANY parts with missing pellets or with cracks are found at 100% visual inspection or at GP12',	'This alert applies to 50-0455 and 50-9341 at Final Inspection and at GP12 inspection',	0,	0,	0,	5002,	0,	NULL,	NULL,	NULL,	NULL,	NULL,	30,	'RSR',	0,	0,	0,	0,	0,	0,	0,	0,	0,	0,	1,	NULL,	NULL,	NULL,	NULL,	NULL,	NULL,	NULL,	NULL,	NULL,	NULL,	NULL,	NULL),
(19283,	'IN',	18,	'2019-09-16 10:21:22',	'50-5401',	'RZ',	NULL,	'Secondary',	NULL,	NULL,	'Other',	'Reduce Magnaflux requirement after receiving inspection.',	'MPI Inspection',	'Change Magnaflux requirement to ONLY the top 2 layers of each container returned from Metex (was 100% of parts).\r\nNote: If no cracks are detected in the top 2 layers then release parts for oiling. If cracks are detected then ENTIRE LOT of parts must be magged 100%.',	NULL,	NULL,	NULL,	NULL,	0,	0,	0,	0,	0,	NULL,	NULL,	NULL,	NULL,	NULL,	30,	'J. Mis',	0,	0,	0,	1,	0,	0,	0,	0,	0,	0,	0,	NULL,	NULL,	NULL,	NULL,	NULL,	NULL,	NULL,	NULL,	NULL,	NULL,	NULL,	NULL),
(19284,	'IN',	18,	'2019-09-16 11:38:21',	'50-6686-B',	'G Perrier',	NULL,	'Compact',	NULL,	NULL,	'Quality',	NULL,	'A- AUTOMATED WEIGH SCALE NOT AVAILABLE.\r\n\r\nREISSUE',	'6686-B / 6729-B / 4900-B\r\n\r\nA - MANUALLY CHECK PART WEIGHT. Weigh two parts every 50 parts.',	NULL,	NULL,	NULL,	NULL,	0,	0,	0,	273,	0,	NULL,	NULL,	NULL,	NULL,	NULL,	60,	'Dan B',	0,	0,	0,	1,	0,	0,	0,	0,	0,	0,	0,	NULL,	NULL,	NULL,	NULL,	NULL,	NULL,	NULL,	NULL,	NULL,	NULL,	NULL,	NULL),
(19285,	'IN',	18,	'2019-09-16 11:38:28',	'50-5401',	'RZ',	NULL,	NULL,	NULL,	'Secondary',	'Damaged',	NULL,	NULL,	NULL,	NULL,	NULL,	'At OP 60: Carefully and gently load parts onto the collet on the left hand fixture to ensure no damage is created on the spline hub face (reference photos for examples of damage).',	'Dings & Dents being found on the spline hub face at 100% inspection.',	0,	0,	0,	1702,	0,	NULL,	NULL,	NULL,	NULL,	NULL,	30,	'RZ',	0,	0,	0,	0,	0,	0,	0,	0,	0,	0,	1,	NULL,	NULL,	NULL,	NULL,	NULL,	NULL,	NULL,	NULL,	NULL,	NULL,	NULL,	NULL),
(19286,	'IN',	18,	'2019-09-16 13:38:00',	'50-1467B',	'S K',	NULL,	'Compact',	NULL,	'Compact',	'Tooling',	NULL,	'BP Window Face Profile',	'Change from .003 to .004',	NULL,	NULL,	NULL,	NULL,	0,	0,	0,	263,	0,	NULL,	NULL,	NULL,	NULL,	NULL,	10,	'S T',	0,	0,	0,	1,	0,	0,	0,	0,	0,	0,	0,	NULL,	NULL,	NULL,	NULL,	NULL,	NULL,	NULL,	NULL,	NULL,	NULL,	NULL,	NULL),
(19287,	'IN',	18,	'2019-09-16 22:24:06',	'50-5404',	'SM',	'Sinter',	NULL,	NULL,	NULL,	'Cracked',	'Crack detect sample found to be cracked. Part cut show\'s cracked from outer hub to inner hub from top of flange to bottom of flange.',	NULL,	NULL,	NULL,	NULL,	NULL,	NULL,	0,	0,	500,	343,	0,	NULL,	NULL,	NULL,	NULL,	NULL,	1,	NULL,	0,	0,	1,	1,	0,	0,	0,	0,	0,	0,	0,	NULL,	NULL,	NULL,	NULL,	NULL,	NULL,	NULL,	NULL,	NULL,	NULL,	NULL,	NULL),
(19288,	'IN',	18,	'2019-09-17 04:48:56',	'50-0455',	'GH',	NULL,	'Sinter',	NULL,	NULL,	'Quality',	'Check 1 part every 2 hours for the cmm ois inspection',	'CMM OIS inspection',	NULL,	NULL,	NULL,	NULL,	NULL,	0,	0,	0,	0,	0,	NULL,	NULL,	NULL,	NULL,	NULL,	60,	'GH',	0,	0,	0,	1,	0,	0,	0,	0,	0,	0,	0,	NULL,	NULL,	NULL,	NULL,	NULL,	NULL,	NULL,	NULL,	NULL,	NULL,	NULL,	NULL),
(19289,	'IN',	18,	'2019-09-17 09:04:24',	'50-0455',	'NK',	NULL,	'Secondary',	NULL,	NULL,	'Burr',	'Burrs being left on holes',	'FT 94- Spider pinion hole diameter (x3)\r\nFt. 81 Plate pinion hole diameter (x3)',	'Check all 3 plate and spider holes with a plug gauge every 30 minutes',	NULL,	NULL,	NULL,	NULL,	0,	0,	0,	0,	0,	NULL,	NULL,	NULL,	NULL,	NULL,	30,	'RR',	0,	0,	0,	1,	0,	0,	0,	0,	0,	0,	0,	NULL,	NULL,	NULL,	NULL,	NULL,	NULL,	NULL,	NULL,	NULL,	NULL,	NULL,	NULL),
(19290,	'IN',	18,	'2019-09-17 18:24:50',	'50-9341 B',	'TS',	'Compact',	NULL,	NULL,	NULL,	'Cracked',	'cracked parts found in top two layers',	NULL,	NULL,	'hold for inspection by QA',	NULL,	NULL,	NULL,	0,	0,	400,	240,	0,	NULL,	NULL,	NULL,	NULL,	NULL,	1,	NULL,	0,	0,	1,	0,	0,	0,	1,	0,	0,	0,	0,	NULL,	NULL,	NULL,	NULL,	NULL,	NULL,	NULL,	NULL,	NULL,	NULL,	NULL,	NULL),
(19291,	'IN',	18,	'2019-09-18 08:40:18',	'50-1731-A',	'S K',	NULL,	'Compact',	NULL,	NULL,	'Tooling',	NULL,	'11  Flange Gear Major Diameter',	'Change from 4.5550 to 4.5565',	NULL,	NULL,	NULL,	NULL,	0,	0,	0,	242,	0,	NULL,	NULL,	NULL,	NULL,	NULL,	2,	'S K',	0,	0,	0,	1,	0,	0,	0,	0,	0,	0,	0,	NULL,	NULL,	NULL,	NULL,	NULL,	NULL,	NULL,	NULL,	NULL,	NULL,	NULL,	NULL),
(19292,	'IN',	18,	'2019-09-18 09:19:18',	'50-4748',	'SD',	'Final Audit',	NULL,	NULL,	NULL,	'Over Size',	'Feature #30 (Gear Minor Concentricity to A-) is measuring over size on the CMM up to 0.138mm\r\nTolerance is 0.100mm Max and is measuring 0.238mm',	NULL,	NULL,	'Hold for further evaluation',	NULL,	NULL,	NULL,	0,	0,	576,	0,	0,	NULL,	NULL,	NULL,	NULL,	NULL,	1,	NULL,	0,	0,	1,	0,	0,	0,	0,	0,	0,	0,	0,	NULL,	NULL,	NULL,	NULL,	NULL,	NULL,	NULL,	NULL,	NULL,	NULL,	NULL,	NULL),
(19293,	'IN',	18,	'2019-09-18 10:01:45',	'50-9641',	'SD',	'Final Audit',	NULL,	NULL,	NULL,	'Rust',	'Rust on the machining surface',	NULL,	NULL,	'Sort visually 100%',	NULL,	NULL,	NULL,	0,	0,	192,	0,	0,	NULL,	NULL,	NULL,	NULL,	NULL,	1,	NULL,	0,	0,	1,	0,	0,	0,	0,	0,	0,	0,	0,	NULL,	NULL,	NULL,	NULL,	NULL,	NULL,	NULL,	NULL,	NULL,	NULL,	NULL,	NULL),
(19294,	'IN',	18,	'2019-09-18 13:31:47',	'50-9341',	'NK',	'Secondary',	NULL,	NULL,	NULL,	'Quality',	'Ford Rework parts are in this skid. Scan parts 100% to ensure there are no GM parts in this skid',	NULL,	NULL,	'All parts verified for correct laser mark and released.',	NULL,	NULL,	NULL,	0,	0,	266,	5002,	0,	NULL,	NULL,	NULL,	NULL,	NULL,	1,	NULL,	0,	0,	1,	0,	0,	0,	1,	0,	0,	0,	0,	NULL,	NULL,	NULL,	NULL,	NULL,	NULL,	NULL,	NULL,	NULL,	NULL,	NULL,	NULL),
(19295,	'IN',	18,	'2019-09-19 03:41:34',	'50-3627',	'Al Day',	'Sinter',	NULL,	NULL,	NULL,	'Incomplete Operation',	'failed Red Rabbit for Braze in Window. need 100% Window Gauge',	NULL,	NULL,	'Voided. Wrong part no. See #19297 for details',	NULL,	NULL,	NULL,	0,	0,	1920,	332,	0,	NULL,	NULL,	NULL,	NULL,	NULL,	1,	NULL,	0,	0,	1,	0,	0,	0,	1,	0,	0,	0,	0,	NULL,	NULL,	NULL,	NULL,	NULL,	NULL,	NULL,	NULL,	NULL,	NULL,	NULL,	NULL),
(19296,	'IN',	18,	'2019-09-19 04:04:33',	'50-5128',	'PM',	'Secondary',	NULL,	NULL,	NULL,	'Quality',	'Plate side window flatness is out on one window.',	NULL,	NULL,	'Appears to be from compacting.\r\nBin 1 of 1\r\n9/20/19: No sample left for review so five (5) random parts from bin were measured on the CMM and measured well within specified tolerances. Parts released back to Production.',	NULL,	NULL,	NULL,	0,	0,	150,	1701,	0,	NULL,	NULL,	NULL,	NULL,	NULL,	1,	NULL,	0,	0,	1,	0,	0,	0,	1,	0,	0,	0,	0,	NULL,	NULL,	NULL,	NULL,	NULL,	NULL,	NULL,	NULL,	NULL,	NULL,	NULL,	NULL),
(19297,	'IN',	18,	'2019-09-19 04:08:12',	'50-1467',	'Al Day',	'Sinter',	NULL,	NULL,	NULL,	'Incomplete Operation',	'Failed 3AM  Red Rabbit check for Braze in Window. 100%  hand window gauge',	NULL,	NULL,	'All parts were verified with Go/No go window gauge and no defects found. USE AS IS',	NULL,	NULL,	NULL,	0,	0,	1920,	332,	0,	NULL,	NULL,	NULL,	NULL,	NULL,	1,	NULL,	0,	0,	1,	0,	0,	0,	1,	0,	0,	0,	0,	NULL,	NULL,	NULL,	NULL,	NULL,	NULL,	NULL,	NULL,	NULL,	NULL,	NULL,	NULL),
(19298,	'IN',	18,	'2019-09-19 06:57:15',	'50-4748',	'GH',	'Sinter',	NULL,	NULL,	NULL,	'Incomplete Operation',	'Both sprocket drive belts broken. Furnace was down for 1 hour whilst being repaired',	NULL,	NULL,	'Met Lab checks required for further analysis prior to processing\r\nLab report passed all specifications.',	NULL,	NULL,	NULL,	0,	0,	288,	342,	0,	NULL,	NULL,	NULL,	NULL,	NULL,	1,	NULL,	0,	0,	1,	0,	0,	0,	1,	0,	0,	0,	0,	NULL,	NULL,	NULL,	NULL,	NULL,	NULL,	NULL,	NULL,	NULL,	NULL,	NULL,	NULL),
(19299,	'IN',	18,	'2019-09-19 08:50:27',	'50-6686',	'AS',	'Secondary',	'Secondary',	NULL,	NULL,	'Other',	'Comtor gauge CT-12-2 out of service due to broken pins',	'Feature 15 Measurement between 1.5mm pins.',	NULL,	'Use form gauge and minor diameter gauge until fixed',	NULL,	NULL,	NULL,	0,	0,	0,	662,	0,	NULL,	NULL,	NULL,	NULL,	NULL,	30,	'AS',	0,	0,	0,	1,	0,	0,	0,	0,	0,	0,	0,	NULL,	NULL,	NULL,	NULL,	NULL,	NULL,	NULL,	NULL,	NULL,	NULL,	NULL,	NULL),
(19300,	'IN',	18,	'2019-09-19 08:56:40',	'50-6686',	'AS',	NULL,	'Secondary',	NULL,	NULL,	'Other',	'Comtor gauge CT-12-2 out of service due to broken pins',	'Feature 15 Measurement between 1.5mm pins.',	'Use form gauge and minor diameter gauge until fixed',	NULL,	NULL,	NULL,	NULL,	0,	0,	0,	662,	0,	NULL,	NULL,	NULL,	NULL,	NULL,	30,	'AS',	0,	0,	0,	1,	0,	0,	0,	0,	0,	0,	0,	NULL,	NULL,	NULL,	NULL,	NULL,	NULL,	NULL,	NULL,	NULL,	NULL,	NULL,	NULL),
(19301,	'IN',	18,	'2019-09-19 09:05:21',	'50-6729',	'AS',	NULL,	'Secondary',	NULL,	NULL,	'Other',	'Comtor gauge CT-12-2 out of service due to broken pins',	'Feaure 15 Measurement between 1.5mm pins',	'Use form gauge and minor diameter gauge until fixed',	NULL,	NULL,	NULL,	NULL,	0,	0,	0,	662,	0,	NULL,	NULL,	NULL,	NULL,	NULL,	30,	'AS',	0,	0,	0,	1,	0,	0,	0,	0,	0,	0,	0,	NULL,	NULL,	NULL,	NULL,	NULL,	NULL,	NULL,	NULL,	NULL,	NULL,	NULL,	NULL),
(19302,	'IN',	18,	'2019-09-19 10:30:27',	'50-1731-B',	'120',	'Compact',	NULL,	NULL,	NULL,	'Under Size',	'Legs were improperly measured causing window height to be U/S after assembly and sinter',	NULL,	NULL,	'All parts were Scrapped',	NULL,	NULL,	NULL,	0,	0,	4680,	0,	0,	NULL,	NULL,	NULL,	NULL,	NULL,	1,	NULL,	0,	0,	1,	0,	0,	0,	1,	0,	0,	0,	0,	NULL,	NULL,	NULL,	NULL,	NULL,	NULL,	NULL,	NULL,	NULL,	NULL,	NULL,	NULL),
(19304,	'IN',	18,	'2019-09-19 14:02:31',	'50-1731',	'TS',	'Sinter',	NULL,	NULL,	NULL,	'Under Size',	'undersized windows',	NULL,	NULL,	'pedestal legs undersized',	NULL,	NULL,	NULL,	0,	0,	555,	316,	0,	NULL,	NULL,	NULL,	NULL,	NULL,	1,	NULL,	0,	0,	1,	0,	0,	0,	0,	0,	0,	0,	0,	NULL,	NULL,	NULL,	NULL,	NULL,	NULL,	NULL,	NULL,	NULL,	NULL,	NULL,	NULL),
(19305,	'IN',	18,	'2019-09-19 18:55:04',	'50-5399-B',	'SM',	NULL,	'Compact',	NULL,	NULL,	'Tooling',	'Tooling',	'Feature SG-Leg ID\r\nFeature 74- Leg OD',	'Feature SG from 110.4mm max to 110.46mm max\r\nFeature 74 from 171.85mm min to 171.5mm min',	'RE occuring TPC',	NULL,	NULL,	NULL,	0,	0,	0,	272,	0,	NULL,	NULL,	NULL,	NULL,	NULL,	15,	'SM',	0,	0,	0,	1,	0,	0,	0,	0,	0,	0,	0,	NULL,	NULL,	NULL,	NULL,	NULL,	NULL,	NULL,	NULL,	NULL,	NULL,	NULL,	NULL),
(19306,	'IN',	18,	'2019-09-20 05:55:38',	'50-1467',	'Al Day',	'Sinter',	NULL,	NULL,	NULL,	'Incomplete Operation',	'Failed 3 AM Red Rabbit Checkfor Braze in Window',	NULL,	NULL,	'Needs to be 100% hand Window Gauged',	NULL,	NULL,	NULL,	0,	0,	960,	954,	0,	NULL,	NULL,	NULL,	NULL,	NULL,	1,	NULL,	0,	0,	1,	0,	0,	0,	0,	0,	0,	0,	0,	NULL,	NULL,	NULL,	NULL,	NULL,	NULL,	NULL,	NULL,	NULL,	NULL,	NULL,	NULL),
(19307,	'IN',	18,	'2019-09-20 06:50:08',	'50-3632',	'4406',	'Secondary',	NULL,	NULL,	NULL,	'Over Size',	'feature 91-1 Plate gear top face profile  oversized 0.123mm. hold for further evaluation',	NULL,	NULL,	'Parts were sorted and 3 parts were found to be non-conforming and scrapped. Remaining 157 parts USE AS IS.',	NULL,	NULL,	NULL,	0,	0,	160,	0,	0,	NULL,	NULL,	NULL,	NULL,	NULL,	1,	NULL,	0,	0,	1,	0,	0,	0,	1,	0,	0,	0,	0,	NULL,	NULL,	NULL,	NULL,	NULL,	NULL,	NULL,	NULL,	NULL,	NULL,	NULL,	NULL),
(19308,	'IN',	18,	'2019-09-20 09:37:56',	'50-4865',	'SD',	'Final Audit',	NULL,	NULL,	NULL,	'Over Size',	'Feature 95 (Plate Window Face Profile to A-) is measuring over size up to 0.093mm\r\nTolerance is 0.400mm Max and is measuring as high as 0.493mm',	NULL,	NULL,	'Hold for further evaluation',	NULL,	NULL,	NULL,	0,	0,	192,	0,	0,	NULL,	NULL,	NULL,	NULL,	NULL,	1,	NULL,	0,	0,	1,	0,	0,	0,	0,	0,	0,	0,	0,	NULL,	NULL,	NULL,	NULL,	NULL,	NULL,	NULL,	NULL,	NULL,	NULL,	NULL,	NULL),
(19309,	'IN',	18,	'2019-09-20 14:15:49',	'50-5399',	'karl',	'Compact',	NULL,	NULL,	NULL,	'Over Size',	'Oversized windows',	NULL,	NULL,	'Parts waiting to be cooled down and checked on the CMM.\r\n9/25/19: Parts verified on CMM and found to be OK. Released back to production.',	NULL,	NULL,	NULL,	0,	0,	120,	341,	0,	NULL,	NULL,	NULL,	NULL,	NULL,	1,	NULL,	0,	0,	1,	0,	0,	0,	1,	0,	0,	0,	0,	NULL,	NULL,	NULL,	NULL,	NULL,	NULL,	NULL,	NULL,	NULL,	NULL,	NULL,	NULL),
(19310,	'IN',	18,	'2019-09-20 20:27:08',	'50-5399',	'as',	NULL,	'Sinter',	NULL,	NULL,	'Over Size',	NULL,	'114a- spline major OD win\r\n116a- spline minor diameter\r\nBH spline major roundness OPP\r\nBI spline major roundness WIN',	'114a- change max from 248.900mm to 248.960mm\r\n116a- change max from 242.800mm to 242.860mm\r\nBH- change max from .100mm to .225mm \r\nBI- change max from .100mm to .225mm',	NULL,	NULL,	NULL,	NULL,	0,	0,	0,	341,	0,	NULL,	NULL,	NULL,	NULL,	NULL,	60,	'sm',	0,	0,	0,	1,	0,	0,	0,	0,	0,	0,	0,	NULL,	NULL,	NULL,	NULL,	NULL,	NULL,	NULL,	NULL,	NULL,	NULL,	NULL,	NULL),
(19311,	'IN',	18,	'2019-09-20 22:03:51',	'50-9341 A',	'YL',	'Sinter',	NULL,	NULL,	NULL,	'Damaged',	'Top tray has been damaged due to robot crushing on it',	NULL,	NULL,	'These green suspect A plate for 9341\'s are on hold for further evaluation',	NULL,	NULL,	NULL,	0,	0,	264,	349,	0,	NULL,	NULL,	NULL,	NULL,	NULL,	1,	NULL,	0,	0,	1,	0,	0,	0,	1,	0,	0,	0,	0,	NULL,	NULL,	NULL,	NULL,	NULL,	NULL,	NULL,	NULL,	NULL,	NULL,	NULL,	NULL),
(19312,	'IN',	18,	'2019-09-20 22:07:32',	'50-9341 A',	'YL',	'Sinter',	NULL,	NULL,	NULL,	'Damaged',	'top tray has been damaged due to robot crushing down on it',	NULL,	NULL,	'These green suspect A plates for 9341\'s are on hold for further evaluation',	NULL,	NULL,	NULL,	0,	0,	360,	349,	0,	NULL,	NULL,	NULL,	NULL,	NULL,	1,	NULL,	0,	0,	1,	0,	0,	0,	1,	0,	0,	0,	0,	NULL,	NULL,	NULL,	NULL,	NULL,	NULL,	NULL,	NULL,	NULL,	NULL,	NULL,	NULL),
(19313,	'IN',	18,	'2019-09-20 22:09:27',	'50-9341 A',	'YL',	'Sinter',	NULL,	NULL,	NULL,	'Damaged',	'top tray has been damaged due to robot crushing',	NULL,	NULL,	'These parts are on hold for further evaluation by QA',	NULL,	NULL,	NULL,	0,	0,	360,	349,	0,	NULL,	NULL,	NULL,	NULL,	NULL,	1,	NULL,	0,	0,	1,	0,	0,	0,	1,	0,	0,	0,	0,	NULL,	NULL,	NULL,	NULL,	NULL,	NULL,	NULL,	NULL,	NULL,	NULL,	NULL,	NULL),
(19314,	'IN',	18,	'2019-09-21 04:13:18',	'50-2407-B',	'GH',	'Compact',	'Compact',	NULL,	NULL,	'Over Size',	'Tooling',	'#63 pedestal inner face flatness',	'Max from 0.060mm to 0.070mm',	'Previous first off also out on same by upto 0.020mm change dies out for next run.',	NULL,	NULL,	NULL,	0,	0,	0,	271,	0,	NULL,	NULL,	NULL,	NULL,	NULL,	15,	NULL,	0,	0,	0,	1,	0,	0,	0,	0,	0,	0,	0,	NULL,	NULL,	NULL,	NULL,	NULL,	NULL,	NULL,	NULL,	NULL,	NULL,	NULL,	NULL),
(19315,	'IN',	18,	'2019-09-21 04:43:03',	'50-9341',	'GH',	NULL,	'Secondary',	NULL,	NULL,	'Over Size',	NULL,	'FT #71 - Window face parallelism. Current spec max .090mm',	'FT # 71 - Max was 0.090mm now 0.120mm',	NULL,	NULL,	NULL,	NULL,	0,	0,	0,	0,	0,	NULL,	NULL,	NULL,	NULL,	NULL,	30,	'RR',	0,	0,	0,	1,	0,	0,	0,	0,	0,	0,	0,	NULL,	NULL,	NULL,	NULL,	NULL,	NULL,	NULL,	NULL,	NULL,	NULL,	NULL,	NULL),
(19316,	'IN',	18,	'2019-09-21 08:38:00',	'50-1467',	'Bonnie R.',	NULL,	'Sinter',	NULL,	NULL,	'Missed Operation',	NULL,	'Vision is in by pass.  Hand gauging 100 percent.',	NULL,	'Red rabbits passed in automatic randomly, failed in manual , A-230 ..A231..A232\r\nService Call made to Systematics.',	NULL,	NULL,	NULL,	0,	0,	0,	919,	0,	NULL,	NULL,	NULL,	NULL,	NULL,	30,	'Bonnie R.',	0,	0,	0,	1,	0,	0,	0,	0,	0,	0,	0,	NULL,	NULL,	NULL,	NULL,	NULL,	NULL,	NULL,	NULL,	NULL,	NULL,	NULL,	NULL),
(19317,	'IN',	18,	'2019-09-21 08:52:26',	'50-5401',	'SD',	'Final Audit',	NULL,	NULL,	NULL,	'Over Size',	'Feature #34 (Pedestal Hole Diameter) is measuring over size on the CMM by 0.005mm\r\nTolerance is 13.777mm +/- 0.013mm and is measuring as high as 13.795mm',	NULL,	NULL,	'Hold for further evaluation',	NULL,	NULL,	NULL,	0,	0,	144,	0,	0,	NULL,	NULL,	NULL,	NULL,	NULL,	1,	NULL,	0,	0,	1,	0,	0,	0,	1,	0,	0,	0,	0,	NULL,	NULL,	NULL,	NULL,	NULL,	NULL,	NULL,	NULL,	NULL,	NULL,	NULL,	NULL),
(19318,	'IN',	18,	'2019-09-23 06:30:38',	'50-9341 A',	'GPH',	'Sinter',	NULL,	NULL,	NULL,	'Damaged',	'Bin robot forcefully impacted downward into the bin.',	NULL,	NULL,	'Hold for QA review.  Possibility of microcracks',	NULL,	NULL,	NULL,	0,	0,	200,	1516,	0,	NULL,	NULL,	NULL,	NULL,	NULL,	1,	'GPH',	0,	0,	1,	0,	0,	0,	0,	0,	0,	0,	0,	NULL,	NULL,	NULL,	NULL,	NULL,	NULL,	NULL,	NULL,	NULL,	NULL,	NULL,	NULL),
(19320,	'IN',	18,	'2019-09-23 09:15:53',	'All Parts',	'SB',	NULL,	NULL,	'Sinter',	NULL,	'Hardness',	NULL,	'DEW POINT',	NULL,	NULL,	'DUE TO FLUCTUATIONS IN THE DEWPOINT PLEASE CHECK DEWPOINT HOURLY UNTIL FURTHER NOTICE',	NULL,	NULL,	0,	0,	0,	925,	0,	NULL,	NULL,	NULL,	NULL,	NULL,	30,	'SB',	0,	1,	0,	0,	0,	0,	0,	0,	0,	0,	0,	NULL,	NULL,	NULL,	NULL,	NULL,	NULL,	NULL,	NULL,	NULL,	NULL,	NULL,	NULL),
(19321,	'IN',	18,	'2019-09-23 10:03:24',	'10R80',	'RSR',	NULL,	'Finished',	NULL,	NULL,	'Other',	'Sensor pockets to be relocated by Maintenance dept.',	'Stn 40 Red Rabbits  \r\nApplies to 50-0455 and 50-9341',	'Ok to continue running with these red rabbits in bypass.',	'Reissue of TPC 19-18922',	NULL,	NULL,	NULL,	0,	0,	0,	0,	0,	NULL,	NULL,	NULL,	NULL,	NULL,	60,	'EAE',	0,	0,	0,	1,	0,	0,	0,	0,	0,	0,	0,	NULL,	NULL,	NULL,	NULL,	NULL,	NULL,	NULL,	NULL,	NULL,	NULL,	NULL,	NULL),
(19322,	'IN',	18,	'2019-09-23 12:43:34',	'50-5399',	'RZ',	NULL,	NULL,	'Care',	NULL,	'Other',	NULL,	'Laser Mark',	NULL,	'Note: This is a re-issue of Special Instruction #19042 which has expired.',	'AT GP-12 INSPECTION:\r\n\r\n1. Scan each part with barcode scanner to verify PUN # is unique.\r\n2. After scanning each part with the barcode scanner place a \"Blue\" sharpie dot under the human readable characters (ref. photo).\r\n3. When skid is complete mark trace tag with;\r\n Scanned by: (enter your clock number)\r\n Date: (enter current date)\r\n Shift: (enter shift material was scanned on)\r\n4. Attach a pink cert tag to verified containers when complete.',	NULL,	NULL,	0,	0,	0,	5002,	0,	NULL,	NULL,	NULL,	NULL,	NULL,	30,	'DB',	0,	1,	0,	0,	0,	0,	0,	0,	0,	0,	0,	NULL,	NULL,	NULL,	NULL,	NULL,	NULL,	NULL,	NULL,	NULL,	NULL,	NULL,	NULL),
(19323,	'IN',	18,	'2019-09-23 12:51:24',	'50-5399',	'RZ',	NULL,	NULL,	'Care',	NULL,	'Tooling',	NULL,	'#84- Pedestal Thrust Bearing Face ID',	NULL,	'Note: This is a re-issue of Special Instruction #19030 which has expired.',	'Part found with a machined step on the Bearing ID Surface at Customer site (GM-Toledo- See picture). \r\n\r\nAT GP12 INSPECTION: \r\n\r\nSort all parts visually under a magnifier looking for a Step in the Pedestal Thrust Bearing Face (feature #84) caused by a broken Insert at the machining process (see photo of bad part).',	NULL,	NULL,	0,	0,	0,	5002,	0,	NULL,	NULL,	NULL,	NULL,	NULL,	30,	'ST',	0,	1,	0,	0,	0,	0,	0,	0,	0,	0,	0,	NULL,	NULL,	NULL,	NULL,	NULL,	NULL,	NULL,	NULL,	NULL,	NULL,	NULL,	NULL),
(19327,	'IN',	18,	'2019-09-23 14:37:56',	'6L',	'G Perrier',	NULL,	NULL,	NULL,	'Sinter',	'Visual',	NULL,	NULL,	NULL,	NULL,	NULL,	'50-4900 / 50-6686 / 50-6729\r\n\r\nB-Component face must sit flat and center on the carbon dish as shown in the Digital pictures below.',	'Parts are being loaded improper at sinter load.',	0,	0,	0,	0,	0,	NULL,	NULL,	NULL,	NULL,	NULL,	60,	'Dan B',	0,	0,	0,	0,	0,	0,	0,	0,	0,	0,	1,	NULL,	NULL,	NULL,	NULL,	NULL,	NULL,	NULL,	NULL,	NULL,	NULL,	NULL,	NULL),
(19328,	'IN',	18,	'2019-09-23 14:44:32',	'50-5399',	'RZ',	NULL,	'Secondary',	NULL,	NULL,	'Quality',	'Tighten process tolerance to aid in reducing O/S bushing ID condition.',	'209 Bushing ID',	'Change feature #209 Bushing ID\r\nFrom: 82.295 - 82.333 mm\r\nTo: 82.301 - 82.327mm\r\nChange Feature #209 OIS requirement\r\nFrom: 1 part every hour \r\nTo: 1 part every 0.5 hours',	NULL,	NULL,	NULL,	NULL,	0,	0,	0,	659,	0,	NULL,	NULL,	NULL,	NULL,	NULL,	15,	'JM/DB',	0,	0,	0,	1,	0,	0,	0,	0,	0,	0,	0,	NULL,	NULL,	NULL,	NULL,	NULL,	NULL,	NULL,	NULL,	NULL,	NULL,	NULL,	NULL),
(19329,	'IN',	18,	'2019-09-23 16:05:45',	'50-5404-A',	'RZ',	NULL,	'Compact',	NULL,	NULL,	'Cracked',	'Push Through Cracks found after sinter operation',	'AJ Crack Detect',	'At Set-Up / First-Off:\r\nCrack detect samples at first-off must be sectioned through the hub and checked for push through cracks if any indication is noted during crack detect inspection process. Send suspect parts to the Met Lab for analysis.',	NULL,	NULL,	NULL,	NULL,	0,	0,	0,	0,	0,	NULL,	NULL,	NULL,	NULL,	NULL,	30,	'DB',	0,	0,	0,	1,	0,	0,	0,	0,	0,	0,	0,	NULL,	NULL,	NULL,	NULL,	NULL,	NULL,	NULL,	NULL,	NULL,	NULL,	NULL,	NULL),
(19330,	'IN',	18,	'2019-09-23 18:52:58',	'50-3627-A',	'682',	'Compact',	NULL,	NULL,	NULL,	'Cracked',	'Cracked Hub 3mm+ \r\nBin 1049',	NULL,	NULL,	'All parts were Scrapped',	NULL,	NULL,	NULL,	0,	0,	735,	245,	0,	NULL,	NULL,	NULL,	NULL,	NULL,	1,	NULL,	0,	0,	1,	0,	0,	0,	1,	0,	0,	0,	0,	NULL,	NULL,	NULL,	NULL,	NULL,	NULL,	NULL,	NULL,	NULL,	NULL,	NULL,	NULL),
(19331,	'IN',	18,	'2019-09-23 21:53:12',	'50-3627-A',	'682',	'Compact',	NULL,	NULL,	NULL,	'Cracked',	'Cracked hub 3mm+',	NULL,	NULL,	'All parts were Scrapped',	NULL,	NULL,	NULL,	0,	0,	670,	245,	0,	NULL,	NULL,	NULL,	NULL,	NULL,	1,	NULL,	0,	0,	1,	0,	0,	0,	1,	0,	0,	0,	1,	NULL,	NULL,	NULL,	NULL,	NULL,	NULL,	NULL,	NULL,	NULL,	NULL,	NULL,	NULL),
(19332,	'IN',	18,	'2019-09-24 07:59:50',	'50-5399',	'AS',	'Secondary',	NULL,	NULL,	NULL,	'Missed Operation',	'Parts were machined without going through sizing or MPI',	NULL,	NULL,	'Save for evaluation / disposition\r\n9/25/19: Parts not salvagable. Scrapped 30 pcs at 100% inspection and 13 pcs at OP 60.',	NULL,	NULL,	NULL,	0,	0,	43,	0,	0,	NULL,	NULL,	NULL,	NULL,	NULL,	1,	NULL,	0,	0,	1,	0,	0,	0,	1,	0,	0,	0,	0,	NULL,	NULL,	NULL,	NULL,	NULL,	NULL,	NULL,	NULL,	NULL,	NULL,	NULL,	NULL),
(19333,	'IN',	18,	'2019-09-24 08:05:25',	'50-2407',	'DC',	NULL,	'Secondary',	NULL,	NULL,	'Other',	NULL,	'Feature #71 & #132\r\nPinion hole to hole deviation',	'Tolerance changed from  0.025 to a new tolerance of 0.050 MAX \r\nThis TPC applies to #668 / #669 and final audit.',	NULL,	NULL,	NULL,	NULL,	0,	0,	0,	0,	0,	NULL,	NULL,	NULL,	NULL,	NULL,	60,	'DC',	0,	0,	0,	1,	0,	0,	0,	0,	0,	0,	0,	NULL,	NULL,	NULL,	NULL,	NULL,	NULL,	NULL,	NULL,	NULL,	NULL,	NULL,	NULL),
(19335,	'IN',	18,	'2019-09-24 08:25:57',	'50-3627-B',	'S K',	NULL,	'Compact',	NULL,	'Compact',	'Tooling',	NULL,	'# 110   Pedestal ID',	'Change from 2.202 (target) to 2.203 (target)',	NULL,	NULL,	NULL,	NULL,	0,	0,	0,	261,	0,	NULL,	NULL,	NULL,	NULL,	NULL,	2,	'S K',	0,	0,	0,	1,	0,	0,	0,	0,	0,	0,	0,	NULL,	NULL,	NULL,	NULL,	NULL,	NULL,	NULL,	NULL,	NULL,	NULL,	NULL,	NULL),
(19336,	'IN',	18,	'2019-09-24 09:17:07',	'GF9',	'CS',	NULL,	'Secondary',	NULL,	NULL,	'Quality',	'Pending Process Change',	'Feature 90 - Use Contracer Not CMM F/O L/O only (no ois)\r\nFeature 65 - Do not measure on CMM (Measure Feature Z on contracer) F/O L/O OIS\r\nFeature Z Measure on Contracer 0.7 +/- 0.05 mm',	NULL,	NULL,	NULL,	NULL,	NULL,	0,	0,	0,	1601,	0,	NULL,	NULL,	NULL,	NULL,	NULL,	60,	'Jan Mis',	0,	0,	0,	1,	0,	0,	0,	0,	0,	0,	0,	NULL,	NULL,	NULL,	NULL,	NULL,	NULL,	NULL,	NULL,	NULL,	NULL,	NULL,	NULL),
(19337,	'IN',	18,	'2019-09-24 09:31:32',	'GF9',	'cs',	NULL,	'Secondary',	NULL,	NULL,	'Quality',	'Pending Process Change',	'Feature 90\r\nFeature 65\r\nFeature Z',	'Remove Feature 65 and 90 from CMM for F/O L/O and OIS\r\nAdd feature 90 to contrace F/O L/O only\r\nAdd feature Z to contrace F/O L/O 0.75 +/- 0.05 mm F/O L/O only',	NULL,	NULL,	NULL,	NULL,	0,	0,	0,	1601,	0,	NULL,	NULL,	NULL,	NULL,	NULL,	60,	'Jan Mis',	0,	0,	0,	1,	0,	0,	0,	0,	0,	0,	0,	NULL,	NULL,	NULL,	NULL,	NULL,	NULL,	NULL,	NULL,	NULL,	NULL,	NULL,	NULL),
(19339,	'IN',	18,	'2019-09-24 13:42:18',	'50-1731-A',	'S K',	NULL,	'Compact',	NULL,	NULL,	'Tooling',	NULL,	'#21 Distance Over Pins',	'Change from 5.0789(target ) to 5.0790',	NULL,	NULL,	NULL,	NULL,	0,	0,	0,	242,	0,	NULL,	NULL,	NULL,	NULL,	NULL,	10,	'S K',	0,	0,	0,	1,	0,	0,	0,	0,	0,	0,	0,	NULL,	NULL,	NULL,	NULL,	NULL,	NULL,	NULL,	NULL,	NULL,	NULL,	NULL,	NULL),
(19340,	'IN',	18,	'2019-09-24 13:49:30',	'35-3001',	'RZ',	'Shipping',	NULL,	NULL,	NULL,	'Quality',	'Parts being returned from PM-M for measurement on the CMM for feature #120 Runout Major Dia. To Minor Dia. (Datum - B -).',	NULL,	NULL,	NULL,	NULL,	NULL,	NULL,	0,	0,	504,	5002,	0,	NULL,	NULL,	NULL,	NULL,	NULL,	1,	NULL,	0,	0,	1,	0,	0,	0,	0,	0,	0,	0,	0,	NULL,	NULL,	NULL,	NULL,	NULL,	NULL,	NULL,	NULL,	NULL,	NULL,	NULL,	NULL),
(19341,	'IN',	18,	'2019-09-24 18:34:44',	'50-6729-A',	'SM',	'Compact',	NULL,	NULL,	NULL,	'Cracked',	'Top crack detect shows crack/indication around the base of the teeth on about 8 teeth.',	NULL,	NULL,	'Hold for disposition.',	NULL,	NULL,	NULL,	0,	0,	1200,	272,	0,	NULL,	NULL,	NULL,	NULL,	NULL,	1,	NULL,	0,	0,	1,	0,	0,	0,	0,	0,	0,	0,	0,	NULL,	NULL,	NULL,	NULL,	NULL,	NULL,	NULL,	NULL,	NULL,	NULL,	NULL,	NULL),
(19342,	'IN',	18,	'2019-09-25 08:28:36',	'50-9341',	'NK',	NULL,	'Secondary',	NULL,	NULL,	'Cracked',	'High  amount of cracks being found throughout the cell.',	NULL,	'At op 10 ring test all parts prior to loading them into the machine',	NULL,	NULL,	NULL,	NULL,	0,	0,	0,	0,	0,	NULL,	NULL,	NULL,	NULL,	NULL,	30,	'DC',	0,	0,	0,	1,	0,	0,	0,	0,	0,	0,	0,	NULL,	NULL,	NULL,	NULL,	NULL,	NULL,	NULL,	NULL,	NULL,	NULL,	NULL,	NULL),
(19343,	'IN',	18,	'2019-09-25 08:34:08',	'50-9341',	'NK',	NULL,	'Secondary',	NULL,	NULL,	'Other',	'station 10 and 20 of the auto gauge are down',	NULL,	'1) with a window gauge  check all windows.\r\n2)Visually inspect for presence of  BRAZE PELLETS, SPLINE HOLES,\r\n3)  With a plug gauge check for  3 oil holes on each part.',	NULL,	NULL,	NULL,	NULL,	0,	0,	0,	1533,	0,	NULL,	NULL,	NULL,	NULL,	NULL,	1,	'RR',	0,	0,	0,	1,	0,	0,	1,	0,	0,	0,	0,	NULL,	NULL,	NULL,	NULL,	NULL,	NULL,	NULL,	NULL,	NULL,	NULL,	NULL,	NULL),
(19346,	'IN',	18,	'2019-09-25 13:33:54',	'50-4748',	'Karl',	NULL,	'Sinter',	NULL,	NULL,	'Over Size',	'Oversized',	'128 Plate Inner Diameter',	'Change pos. tolerance from 0.100mm to a pos. tolerance of 0.135mm',	NULL,	NULL,	NULL,	NULL,	0,	0,	0,	342,	0,	NULL,	NULL,	NULL,	NULL,	NULL,	31,	'Karl',	0,	0,	0,	1,	0,	0,	0,	0,	0,	0,	0,	NULL,	NULL,	NULL,	NULL,	NULL,	NULL,	NULL,	NULL,	NULL,	NULL,	NULL,	NULL),
(19347,	'IN',	18,	'2019-09-25 14:41:36',	'50-3214-B',	'S K',	NULL,	'Compact',	NULL,	NULL,	'Tooling',	NULL,	'#25 Pedestal ID at legs',	'Change from 4.1726 to 4.1730',	NULL,	NULL,	NULL,	NULL,	0,	0,	0,	245,	0,	NULL,	NULL,	NULL,	NULL,	NULL,	3,	'S K',	0,	0,	0,	1,	0,	0,	0,	0,	0,	0,	0,	NULL,	NULL,	NULL,	NULL,	NULL,	NULL,	NULL,	NULL,	NULL,	NULL,	NULL,	NULL),
(19349,	'IN',	18,	'2019-09-25 18:11:14',	'50-5214-A',	'SM',	NULL,	'Compact',	NULL,	NULL,	'Tooling',	'Tooling',	'147- Spline Hub ID\r\n34a- Inner Hub ID\r\n131 Inner Hub OD at datum A\r\n137 Inner Hub ID at sun gear',	'Feature 147 from 99.06mm max to 99.2mm max\r\nFeature 34a from 61.862mm min to 61.8mm min\r\nFeature 131 from 72.9mm min to 72.88mm min\r\nFeature 137 from 73.5mm min to 73.47mm min',	NULL,	NULL,	NULL,	NULL,	0,	0,	0,	277,	0,	NULL,	NULL,	NULL,	NULL,	NULL,	30,	'DB',	0,	0,	0,	1,	0,	0,	0,	0,	0,	0,	0,	NULL,	NULL,	NULL,	NULL,	NULL,	NULL,	NULL,	NULL,	NULL,	NULL,	NULL,	NULL),
(19350,	'IN',	18,	'2019-09-25 22:24:30',	'50-5399',	'anthony',	'Sinter',	NULL,	NULL,	NULL,	'Over Size',	'Over size large window',	NULL,	NULL,	NULL,	NULL,	NULL,	NULL,	0,	0,	0,	341,	0,	NULL,	NULL,	NULL,	NULL,	NULL,	1,	NULL,	0,	0,	1,	0,	0,	0,	0,	0,	0,	0,	0,	NULL,	NULL,	NULL,	NULL,	NULL,	NULL,	NULL,	NULL,	NULL,	NULL,	NULL,	NULL),
(19351,	'IN',	18,	'2019-09-26 11:20:38',	'50-5404',	'RZ',	NULL,	NULL,	NULL,	'Secondary',	'Cracked',	NULL,	NULL,	NULL,	NULL,	NULL,	'Pay close attention to the pedestal face for the presence of cracks prior to loading parts into the machines (see photo). Segregate any cracked parts found and notify supervisor immediately.',	'Part found at OP 25 with a crack in the pedestal (see photo).',	0,	0,	0,	629,	0,	NULL,	NULL,	NULL,	NULL,	NULL,	30,	'DB/JM',	0,	0,	0,	0,	0,	0,	0,	0,	0,	0,	1,	NULL,	NULL,	NULL,	NULL,	NULL,	NULL,	NULL,	NULL,	NULL,	NULL,	NULL,	NULL),
(19352,	'IN',	18,	'2019-09-26 12:16:11',	'50-9341 A',	'KB',	NULL,	'Compact',	NULL,	NULL,	'Tooling',	NULL,	'94A INNER HUB OD RUNOUT',	'FROM .14MM MAX TO ..21MM MAX',	NULL,	NULL,	NULL,	NULL,	0,	0,	0,	280,	0,	NULL,	NULL,	NULL,	NULL,	NULL,	10,	'MMA',	0,	0,	0,	1,	0,	0,	0,	0,	0,	0,	0,	NULL,	NULL,	NULL,	NULL,	NULL,	NULL,	NULL,	NULL,	NULL,	NULL,	NULL,	NULL),
(19354,	'IN',	18,	'2019-09-27 11:11:16',	'50-9341',	'RSR',	'Secondary',	NULL,	NULL,	NULL,	'Burr',	'Burr in crosshole, also interferes in pinion hole.\r\n\r\nParts have been processed through OP40\r\n\r\nHold for further investigation and disposition',	NULL,	NULL,	NULL,	NULL,	NULL,	NULL,	0,	0,	600,	0,	0,	NULL,	NULL,	NULL,	NULL,	NULL,	1,	NULL,	0,	0,	1,	0,	0,	0,	0,	0,	0,	0,	0,	NULL,	NULL,	NULL,	NULL,	NULL,	NULL,	NULL,	NULL,	NULL,	NULL,	NULL,	NULL),
(19355,	'IN',	18,	'2019-09-27 12:56:07',	'50-4916',	'AS',	'Sinter',	NULL,	NULL,	NULL,	'Cracked',	'Crack on pedestal through pinion hole',	NULL,	NULL,	'Parts will need to be magged 100% until break point is found',	NULL,	NULL,	NULL,	0,	0,	2200,	346,	0,	NULL,	NULL,	NULL,	NULL,	NULL,	1,	NULL,	0,	0,	1,	0,	0,	0,	0,	0,	0,	0,	0,	NULL,	NULL,	NULL,	NULL,	NULL,	NULL,	NULL,	NULL,	NULL,	NULL,	NULL,	NULL),
(19357,	'IN',	18,	'2019-09-28 07:38:48',	'50-9341',	'AS',	'Secondary',	NULL,	NULL,	NULL,	'Missed Operation',	'Incomplete Machining',	NULL,	NULL,	'Missing an insert on tool # 1',	NULL,	NULL,	NULL,	0,	0,	216,	1522,	0,	NULL,	NULL,	NULL,	NULL,	NULL,	1,	NULL,	0,	0,	1,	0,	0,	0,	0,	0,	0,	0,	0,	NULL,	NULL,	NULL,	NULL,	NULL,	NULL,	NULL,	NULL,	NULL,	NULL,	NULL,	NULL),
(19358,	'IN',	18,	'2019-09-28 10:34:49',	'50-5399',	'RSR',	'Finished',	NULL,	NULL,	NULL,	'Cracked',	'2 parts have been found at GP12 with cracks. \r\n\r\nAll parts to be reinspected for cracking. \r\n\r\nIdentify inspected skids with a green checkmark on the shipping label',	NULL,	NULL,	NULL,	NULL,	NULL,	NULL,	0,	0,	960,	5002,	0,	NULL,	NULL,	NULL,	NULL,	NULL,	1,	NULL,	0,	0,	1,	0,	0,	0,	0,	0,	0,	0,	0,	NULL,	NULL,	NULL,	NULL,	NULL,	NULL,	NULL,	NULL,	NULL,	NULL,	NULL,	NULL),
(19359,	'IN',	18,	'2019-09-29 01:05:40',	'50-1467',	'Al Day',	'Sinter',	NULL,	NULL,	NULL,	'Cracked',	'Crack found on Pedestal Flange',	NULL,	NULL,	'Parts from when Brush Unit down \\ 2 bins\r\nNeed to be 100% Mag Checked',	NULL,	NULL,	NULL,	0,	0,	1920,	954,	0,	NULL,	NULL,	NULL,	NULL,	NULL,	1,	NULL,	0,	0,	1,	0,	0,	0,	0,	0,	0,	0,	0,	NULL,	NULL,	NULL,	NULL,	NULL,	NULL,	NULL,	NULL,	NULL,	NULL,	NULL,	NULL),
(19360,	'IN',	18,	'2019-09-29 04:28:17',	'50-9341',	'Al Day',	'Sinter',	NULL,	NULL,	NULL,	'Cracked',	'Cracks in Pedestal',	NULL,	NULL,	'Need 100% Mag Check then Oiled',	NULL,	NULL,	NULL,	0,	0,	750,	349,	0,	NULL,	NULL,	NULL,	NULL,	NULL,	1,	NULL,	0,	0,	1,	0,	0,	0,	0,	0,	0,	0,	0,	NULL,	NULL,	NULL,	NULL,	NULL,	NULL,	NULL,	NULL,	NULL,	NULL,	NULL,	NULL),
(19361,	'IN',	18,	'2019-09-30 00:07:41',	'50-1713',	'PM',	'Secondary',	NULL,	NULL,	NULL,	'Quality',	'Parts were ran over the weekend, first off specs bad on Sunday night.',	NULL,	NULL,	'Measure and sort required.',	NULL,	NULL,	NULL,	0,	0,	200,	773,	0,	NULL,	NULL,	NULL,	NULL,	NULL,	1,	NULL,	0,	0,	1,	0,	0,	0,	0,	0,	0,	0,	0,	NULL,	NULL,	NULL,	NULL,	NULL,	NULL,	NULL,	NULL,	NULL,	NULL,	NULL,	NULL),
(19362,	'IN',	18,	'2019-09-30 00:08:31',	'35-0222',	'RS',	NULL,	'Compact',	NULL,	NULL,	'Over Size',	'Oversize',	'LH 017c OD Chamfer Flat ( Both ends )',	'From 0.01 to 0.015',	NULL,	NULL,	NULL,	NULL,	0,	0,	0,	230,	0,	NULL,	NULL,	NULL,	NULL,	NULL,	5,	'RS',	0,	0,	0,	1,	0,	0,	0,	0,	0,	0,	0,	NULL,	NULL,	NULL,	NULL,	NULL,	NULL,	NULL,	NULL,	NULL,	NULL,	NULL,	NULL),
(19363,	'IN',	18,	'2019-09-30 06:36:01',	'50-4865',	'4406',	'Secondary',	NULL,	NULL,	NULL,	'Under Size',	'feature 76 plate recess height to chamfer undersized -0.122mm\r\nfeature 57 plate recess chamfer diameter oversized 0.057mm',	NULL,	NULL,	'hold for further evaluation',	NULL,	NULL,	NULL,	0,	0,	192,	0,	0,	NULL,	NULL,	NULL,	NULL,	NULL,	1,	NULL,	0,	0,	1,	0,	0,	0,	0,	0,	0,	0,	0,	NULL,	NULL,	NULL,	NULL,	NULL,	NULL,	NULL,	NULL,	NULL,	NULL,	NULL,	NULL),
(19364,	'IN',	18,	'2019-09-30 10:39:29',	'50-1467',	'Bonnie R.',	NULL,	'Sinter',	NULL,	NULL,	'Other',	NULL,	'Red rabbits passed.  A-230 A-231 A-232\r\nUNTIL FURTHER NOTICE VISION NEEDS TO BE IN BYPASS AND CHECK PARTS WITH WINDOW GAUGE 100%',	NULL,	NULL,	NULL,	NULL,	NULL,	0,	0,	0,	919,	0,	NULL,	NULL,	NULL,	NULL,	NULL,	30,	'Dan B',	0,	0,	0,	1,	0,	0,	0,	0,	0,	0,	0,	NULL,	NULL,	NULL,	NULL,	NULL,	NULL,	NULL,	NULL,	NULL,	NULL,	NULL,	NULL),
(19365,	'IN',	18,	'2019-09-30 10:51:30',	'50-1713-B',	'S K',	NULL,	'Compact',	NULL,	NULL,	'Other',	NULL,	'242 Flatness- each window Separately',	'Change from .0024 to .0038',	NULL,	NULL,	NULL,	NULL,	0,	0,	0,	261,	0,	NULL,	NULL,	NULL,	NULL,	NULL,	5,	'S K',	0,	0,	0,	1,	0,	0,	0,	0,	0,	0,	0,	NULL,	NULL,	NULL,	NULL,	NULL,	NULL,	NULL,	NULL,	NULL,	NULL,	NULL,	NULL),
(19366,	'IN',	18,	'2019-09-30 16:43:06',	'50-5401',	'RZ',	'Finished',	NULL,	NULL,	'Finished',	'Chips/Flakes',	'Parts found at 100% inspection and sinter with picking on the plate near the ID of the pedestal leg (see photos).',	NULL,	NULL,	NULL,	NULL,	'Parts found at 100% inspection and sinter with picking on the plate near the ID of the pedestal leg (see photos). \r\nNote: Check parts at all operations from sintering through GP-12 inspection for this condition and segregate any defects found. Segregated parts are to be scrapped.',	'Picking on the plate found at 100% inspection and sinter.',	0,	0,	432,	5002,	0,	NULL,	NULL,	NULL,	NULL,	NULL,	15,	'DB/RZ',	0,	0,	1,	0,	0,	0,	1,	0,	0,	0,	1,	NULL,	NULL,	NULL,	NULL,	NULL,	NULL,	NULL,	NULL,	NULL,	NULL,	NULL,	NULL),
(19367,	'IN',	18,	'2019-09-30 18:42:43',	'50-5401',	'SM',	'Sinter',	NULL,	NULL,	NULL,	'Cracked',	'Crack from picking at front of leg pocket.  Hold for disposition.',	NULL,	NULL,	NULL,	NULL,	NULL,	NULL,	0,	0,	294,	341,	0,	NULL,	NULL,	NULL,	NULL,	NULL,	1,	NULL,	0,	0,	1,	0,	0,	0,	0,	0,	0,	0,	0,	NULL,	NULL,	NULL,	NULL,	NULL,	NULL,	NULL,	NULL,	NULL,	NULL,	NULL,	NULL),
(19368,	'IN',	18,	'2019-10-01 00:37:27',	'50-0455-A',	'GH',	NULL,	'Compact',	NULL,	NULL,	'Under Size',	'Undersized',	'49 - Inner Hub Diameter\r\n47A - Spline Hub Inner Diameter.',	'49 - Change spec from 65.263mm minimum to 65.240mm.\r\n47A - Change spec from 80.256mm minimum to 80.245mm minimum.',	'This is a re - issue of previous TPC IN 18-18751 from June',	NULL,	NULL,	NULL,	0,	0,	0,	277,	0,	NULL,	NULL,	NULL,	NULL,	NULL,	30,	'GH',	0,	0,	0,	1,	0,	0,	0,	0,	0,	0,	0,	NULL,	NULL,	NULL,	NULL,	NULL,	NULL,	NULL,	NULL,	NULL,	NULL,	NULL,	NULL),
(19369,	'IN',	18,	'2019-10-01 05:17:38',	'50-6686-B',	'GH',	'Compact',	NULL,	NULL,	NULL,	'Cracked',	'Cracks at inside of hub.',	NULL,	NULL,	'hold for evaluation / scrap off.',	NULL,	NULL,	NULL,	0,	0,	500,	273,	0,	NULL,	NULL,	NULL,	NULL,	NULL,	1,	NULL,	0,	0,	1,	0,	0,	0,	0,	0,	0,	0,	0,	NULL,	NULL,	NULL,	NULL,	NULL,	NULL,	NULL,	NULL,	NULL,	NULL,	NULL,	NULL),
(19370,	'IN',	18,	'2019-10-01 08:01:46',	'50-4900',	'jb',	NULL,	'Secondary',	NULL,	NULL,	'Other',	'CT-22 broken pins new gauge ordered',	'#14 Measurement between 1.5mm',	'use go- no-go form gauges',	'new gauge on order',	'Use go-no-go form gauge',	NULL,	NULL,	0,	0,	0,	662,	0,	NULL,	NULL,	NULL,	NULL,	NULL,	60,	'jb',	0,	0,	0,	1,	0,	0,	0,	0,	0,	0,	0,	NULL,	NULL,	NULL,	NULL,	NULL,	NULL,	NULL,	NULL,	NULL,	NULL,	NULL,	NULL),
(19371,	'IN',	18,	'2019-10-01 12:03:23',	'50-5401-A',	'DB',	'Compact',	NULL,	NULL,	NULL,	'Chips/Flakes',	'Picking at the ID of the leg pocket',	NULL,	NULL,	'SCRAP',	NULL,	NULL,	NULL,	0,	0,	3000,	0,	0,	NULL,	NULL,	NULL,	NULL,	NULL,	1,	NULL,	0,	0,	1,	0,	0,	0,	0,	0,	0,	0,	0,	NULL,	NULL,	NULL,	NULL,	NULL,	NULL,	NULL,	NULL,	NULL,	NULL,	NULL,	NULL),
(19372,	'IN',	18,	'2019-10-01 12:51:53',	'50-9341',	'NK',	'Secondary',	NULL,	NULL,	NULL,	'Quality',	'Various rejects from 100% inspection to be evaluated by the Team Leader and Quality Engineer',	NULL,	NULL,	NULL,	NULL,	NULL,	NULL,	0,	0,	400,	5002,	0,	NULL,	NULL,	NULL,	NULL,	NULL,	1,	NULL,	0,	0,	1,	0,	0,	0,	0,	0,	0,	0,	0,	NULL,	NULL,	NULL,	NULL,	NULL,	NULL,	NULL,	NULL,	NULL,	NULL,	NULL,	NULL),
(19373,	'IN',	18,	'2019-10-01 15:32:08',	'50-5401',	'DB',	NULL,	NULL,	'Finished',	NULL,	'Chips/Flakes',	NULL,	'Window height',	NULL,	NULL,	'Use the GO-NOGO window gauge at 100%.  Ensure the gauge is fully inserted as shown to ensure picking in the window can be detected.',	NULL,	NULL,	0,	0,	0,	0,	0,	NULL,	NULL,	NULL,	NULL,	NULL,	15,	'DB',	0,	1,	0,	0,	0,	0,	0,	0,	0,	0,	0,	NULL,	NULL,	NULL,	NULL,	NULL,	NULL,	NULL,	NULL,	NULL,	NULL,	NULL,	NULL),
(19374,	'IN',	18,	'2019-10-01 15:34:52',	'50-1858',	'ST',	NULL,	NULL,	NULL,	'Finished',	'Damaged',	NULL,	NULL,	NULL,	NULL,	NULL,	'Parts found with damages (ding/ chipping) on the spline area which are received from external provider \'Vibrafinish\' by their slurry/ deburring process. \r\n\r\nAt washing station and at 100% inspection station, pay close attention to severe damage on the parts (see attached picture for reference) and keep them segregated in bins/cart for QA to review.',	NULL,	0,	0,	0,	0,	0,	NULL,	NULL,	NULL,	NULL,	NULL,	30,	'ST',	0,	0,	0,	0,	0,	0,	0,	0,	0,	0,	1,	NULL,	NULL,	NULL,	NULL,	NULL,	NULL,	NULL,	NULL,	NULL,	NULL,	NULL,	NULL),
(19378,	'IN',	18,	'2019-10-02 12:54:31',	'50-5401',	'RZ',	NULL,	NULL,	'Care',	NULL,	'Visual',	NULL,	'Double laser mark / Braze in the Window',	NULL,	'This is a re-issue of special instruction #19023 which expired on 9/29/19.',	'AT GP-12 INSPECTION:\r\nVisually inspect all parts for Double laser mark and braze in the windows. \r\n\r\nOn acceptable parts, place a \"Blue\" sharpie dot 180 degrees from the 2D Matrix beside the green dot from the barcode scanning operation.\r\n\r\nRefer to AB1V Tagging and Marking Requirements List',	NULL,	NULL,	0,	0,	0,	0,	0,	NULL,	NULL,	NULL,	NULL,	NULL,	30,	'DB',	0,	1,	0,	0,	0,	0,	0,	0,	0,	0,	0,	NULL,	NULL,	NULL,	NULL,	NULL,	NULL,	NULL,	NULL,	NULL,	NULL,	NULL,	NULL),
(19379,	'IN',	18,	'2019-10-02 13:18:58',	'50-5401',	'RZ',	NULL,	NULL,	'Secondary',	NULL,	'Under Size',	NULL,	'Pedestal Pinion Hole Diameter',	NULL,	'This is a re-issue of SI #18992.',	'At 100% Inspection:\r\nVerify all 5 pedestal pinion holes 100% with a go plug gauge to verify pinion hole diameter. Place a black sharpie check mark on the trace tag of completed container to indicate the container has been verified.\r\n\r\nAt Machining (OP #70) First Off and OIS Checks\r\nVerify all 5 pedestal pinion holes 100% with a go plug gauge to verify pinion hole diameter.',	NULL,	NULL,	0,	0,	0,	5002,	0,	NULL,	NULL,	NULL,	NULL,	NULL,	30,	'DB',	0,	1,	0,	0,	0,	0,	0,	0,	0,	0,	0,	NULL,	NULL,	NULL,	NULL,	NULL,	NULL,	NULL,	NULL,	NULL,	NULL,	NULL,	NULL),
(19380,	'IN',	18,	'2019-10-02 13:23:46',	'35-3001',	'RZ',	NULL,	NULL,	'Secondary',	NULL,	'Damaged',	NULL,	'-A- Datum Surface and ID',	NULL,	'This is a re-issue of SI #18985.',	'When placing a part on the loading nest;\r\n\r\na.) Ensure that the part is placed on the load nest gently. Do not slam the part onto the loading nest.\r\nb.) Place the part squarely on the loading nest, not on an angle. \r\n\r\nDoing these steps will aid in preventing damage to the -A- Datum ID (reference photo of damage).\r\n\r\nIf you notice damage to the -A- Datum ID before loading the part onto the nest, then do not broach the part. Place it into a separate container to be returned to PM-M.',	NULL,	NULL,	0,	0,	0,	611,	0,	NULL,	NULL,	NULL,	NULL,	NULL,	30,	'DB/DM',	0,	1,	0,	0,	0,	0,	0,	0,	0,	0,	0,	NULL,	NULL,	NULL,	NULL,	NULL,	NULL,	NULL,	NULL,	NULL,	NULL,	NULL,	NULL),
(19381,	'IN',	18,	'2019-10-02 13:30:06',	'35-3001',	'RZ',	NULL,	NULL,	'Secondary',	NULL,	'Other',	NULL,	'Broaching',	NULL,	'This is a re-issue of SI #18884 which had expired.',	'At Machine 611:\r\n\r\nPrior to loading the unbroached part on the broach nest place a \"BLACK\" sharpie mark on the ID surface as shown in the picture. This is used as an aid to identify parts that have not yet been through the broaching process.',	NULL,	NULL,	0,	0,	0,	611,	0,	NULL,	NULL,	NULL,	NULL,	NULL,	30,	'DB',	0,	1,	0,	0,	0,	0,	0,	0,	0,	0,	0,	NULL,	NULL,	NULL,	NULL,	NULL,	NULL,	NULL,	NULL,	NULL,	NULL,	NULL,	NULL),
(19382,	'IN',	18,	'2019-10-02 22:31:09',	'50-9341',	'Y.L',	NULL,	NULL,	'Sinter',	NULL,	'Other',	NULL,	NULL,	NULL,	'This will apply to both 9341\'s and 0455\'s effective immediately',	' When hand assembling 9341\'s well as 0455\'s we must line up and match the X mark on Pedestals with the X mark on the Plates',	NULL,	NULL,	0,	0,	0,	349,	0,	NULL,	NULL,	NULL,	NULL,	NULL,	30,	'M.C',	0,	1,	0,	0,	0,	0,	0,	0,	0,	0,	0,	NULL,	NULL,	NULL,	NULL,	NULL,	NULL,	NULL,	NULL,	NULL,	NULL,	NULL,	NULL),
(19383,	'IN',	18,	'2019-10-03 00:12:43',	'50-1713',	'PM',	'Secondary',	NULL,	NULL,	NULL,	'Quality',	'Feature 165A (pedestal flange recess distance C-bore) out of spec.\r\n#774 left side, \'D\' stamp',	NULL,	NULL,	'Sort and measure required.\r\nApproximately 300 parts to go through.',	NULL,	NULL,	NULL,	0,	0,	300,	774,	0,	NULL,	NULL,	NULL,	NULL,	NULL,	1,	NULL,	0,	0,	1,	0,	0,	0,	0,	0,	0,	0,	0,	NULL,	NULL,	NULL,	NULL,	NULL,	NULL,	NULL,	NULL,	NULL,	NULL,	NULL,	NULL),
(19384,	'IN',	18,	'2019-10-03 06:06:46',	'50-4865',	'4406',	'Secondary',	NULL,	NULL,	NULL,	'Over Size',	'feature 95 - plate window face profile to -A- oversized 0.105mm',	NULL,	NULL,	'hold for further evaluation',	NULL,	NULL,	NULL,	0,	0,	192,	0,	0,	NULL,	NULL,	NULL,	NULL,	NULL,	1,	NULL,	0,	0,	1,	0,	0,	0,	0,	0,	0,	0,	0,	NULL,	NULL,	NULL,	NULL,	NULL,	NULL,	NULL,	NULL,	NULL,	NULL,	NULL,	NULL),
(19385,	'EX',	18,	'2019-10-03 10:28:00',	'35-8703',	'DB',	NULL,	NULL,	NULL,	NULL,	'Powder',	NULL,	NULL,	NULL,	NULL,	NULL,	'Parts accumulated at Melling with powder on the teeth\r\n\r\nReturn parts to Stackpole',	NULL,	2000,	1680,	0,	0,	39,	'PO 105233',	'2019-10-03 00:00:00',	'Return to Stackpole',	NULL,	NULL,	1,	NULL,	0,	0,	0,	0,	0,	1,	0,	0,	0,	0,	0,	NULL,	NULL,	NULL,	NULL,	NULL,	NULL,	NULL,	NULL,	NULL,	NULL,	NULL,	NULL),
(19387,	'IN',	18,	'2019-10-03 14:09:10',	'50-1731',	'ST',	NULL,	NULL,	'Finished',	NULL,	'Quality',	NULL,	'Pinion hole diameter',	NULL,	'Reissue of #18892',	'Inspect all 4 holes at Final Inspection using air gauge.\r\n\r\nRotate air gauge as instructed, to ensure the entire hole is evaluated\r\n\r\nALL points of the holes must be within tolerance, or the part is to be rejected immediately.\r\n\r\nAny parts which are rejected are to be identified as OVAL and placed on the red reject part for disposition.\r\n\r\nIF MORE THAN 4 PARTS IN A ROW ARE REJECTED, NOTIFY YOUR LEAD HAND, SUPERVISOR AND QUALITY ENGINEER IMMEDIATELY.',	NULL,	NULL,	0,	0,	0,	0,	0,	NULL,	NULL,	NULL,	NULL,	NULL,	60,	'ST',	0,	1,	0,	0,	0,	0,	0,	0,	0,	0,	0,	NULL,	NULL,	NULL,	NULL,	NULL,	NULL,	NULL,	NULL,	NULL,	NULL,	NULL,	NULL),
(19388,	'IN',	18,	'2019-10-03 15:33:44',	'GF9',	'ST',	NULL,	NULL,	NULL,	'Sinter',	'Braze',	NULL,	NULL,	NULL,	NULL,	NULL,	'Parts getting rejected for missing pellets at Sinter unload and at final inspection. \r\n\r\nAt sinter loading, use proper pellet covers while assembling and verify whether all the pellet holes have been filled with braze-pellets. \r\n\r\nAt sinter unload, ring test all the parts that are unloaded and look for missing pellets visually as well. If parts found with missing pellets, inform the furnace tech and the furnace loader to reduce this defect. \r\n\r\nAt Op.10, look out visually for missing pellets before loading them into the machine as a precaution to reduce scrap at the end of line.',	NULL,	0,	0,	0,	0,	0,	NULL,	NULL,	NULL,	NULL,	NULL,	30,	'ST',	0,	0,	0,	0,	0,	0,	0,	0,	0,	0,	1,	NULL,	NULL,	NULL,	NULL,	NULL,	NULL,	NULL,	NULL,	NULL,	NULL,	NULL,	NULL),
(19389,	'IN',	18,	'2019-10-03 15:44:16',	'50-3632',	'ST',	NULL,	NULL,	NULL,	'Secondary',	'Quality',	NULL,	NULL,	NULL,	NULL,	NULL,	'Parts getting rejected at the final inspection for clocked holes from Op.30 . \r\n\r\nPay close attention to the hole and chamfer location on the plate side pinion holes and if holes are clocked, immediately respond by changing offsets/ tool change.\r\n \r\nInform the QA Engineer/ Lead hand/ Supervisor immediately regarding the clocking to analyze the issue.',	NULL,	0,	0,	0,	0,	0,	NULL,	NULL,	NULL,	NULL,	NULL,	30,	'ST',	0,	0,	0,	0,	0,	0,	0,	0,	0,	0,	1,	NULL,	NULL,	NULL,	NULL,	NULL,	NULL,	NULL,	NULL,	NULL,	NULL,	NULL,	NULL),
(19390,	'IN',	18,	'2019-10-03 15:49:15',	'50-5145',	'AS',	NULL,	'Secondary',	NULL,	NULL,	'Other',	NULL,	'215',	'Increase tolerance from 0.035mm to 0.045',	NULL,	NULL,	NULL,	NULL,	0,	0,	0,	1722,	0,	NULL,	NULL,	NULL,	NULL,	NULL,	30,	'AS',	0,	0,	0,	1,	0,	0,	0,	0,	0,	0,	0,	NULL,	NULL,	NULL,	NULL,	NULL,	NULL,	NULL,	NULL,	NULL,	NULL,	NULL,	NULL),
(19391,	'IN',	18,	'2019-10-03 20:17:31',	'50-5401-A',	'262',	NULL,	'Compact',	NULL,	NULL,	'Density',	'To stop picking issue.',	'DD density',	'DD to 7.0g/cc max (was 6.95g/cc max)',	NULL,	NULL,	NULL,	NULL,	0,	0,	0,	277,	0,	NULL,	NULL,	NULL,	NULL,	NULL,	30,	'262',	0,	0,	0,	1,	0,	0,	0,	0,	0,	0,	0,	NULL,	NULL,	NULL,	NULL,	NULL,	NULL,	NULL,	NULL,	NULL,	NULL,	NULL,	NULL),
(19392,	'IN',	18,	'2019-10-04 00:36:00',	'50-0455-B',	'KF',	NULL,	'Compact',	NULL,	NULL,	'Other',	'(0.002 MAX )     Change to a new MAX 0.0022',	'SR   I/D Roundness',	NULL,	NULL,	NULL,	NULL,	NULL,	0,	0,	0,	241,	0,	NULL,	NULL,	NULL,	NULL,	NULL,	2,	'KF',	0,	0,	0,	1,	0,	0,	0,	0,	0,	0,	0,	NULL,	NULL,	NULL,	NULL,	NULL,	NULL,	NULL,	NULL,	NULL,	NULL,	NULL,	NULL);

DROP TABLE IF EXISTS `tblProblemSource`;
CREATE TABLE `tblProblemSource`(
`ProblemSourceCode` VARCHAR(3) NOT NULL PRIMARY KEY,
`ProblemSource` VARCHAR(20) NOT NULL
);
INSERT INTO `tblProblemSource` (`ProblemSourceCode`, `ProblemSource`)
VALUES ('IN', 'Internal'), ('EX', 'External');

DROP TABLE IF EXISTS StorageLocations;
CREATE TABLE StorageLocations (
`Id` INT(11) NOT NULL PRIMARY KEY AUTO_INCREMENT,
`Path` VARCHAR(255) NOT NULL,
`CreatedAt` DATETIME NOT NULL DEFAULT now(),
KEY `Path` (`Path`)
)  ENGINE=InnoDB DEFAULT CHARSET=utf8mb4;

DROP TABLE IF EXISTS Blobs;
CREATE TABLE Blobs (
`Id` INT(11) NOT NULL PRIMARY KEY AUTO_INCREMENT,
`Path` INT(11) NOT NULL,
`Key` VARCHAR(255) NOT NULL, -- use `System.Guid.NewGuid()`
`Filename` VARCHAR(255) NOT NULL,
`ContentType` VARCHAR(20) DEFAULT NULL,
`Bytes` BIGINT DEFAULT 0,
`CreatedAt` DATETIME NOT NULL DEFAULT now(),
CONSTRAINT FOREIGN KEY fk_blobs_storage_directory(`Path`) REFERENCES `StorageLocations` (`Id`) ON DELETE CASCADE
) ENGINE=InnoDB DEFAULT CHARSET=utf8mb4;

DROP TABLE IF EXISTS Attachments;
CREATE TABLE Attachments (
`Id` INT(11) NOT NULL PRIMARY KEY AUTO_INCREMENT,
`Path` INT(11) NOT NULL,
`Key` VARCHAR(255) NOT NULL, -- use `System.Guid.NewGuid()`
`Filename` VARCHAR(255) NOT NULL,
`CreatedAt` DATETIME NOT NULL DEFAULT now(),
CONSTRAINT FOREIGN KEY fk_attachments_storage_directory(`path`) REFERENCES `StorageLocations` (`Id`) ON DELETE CASCADE
)  ENGINE=InnoDB DEFAULT CHARSET=utf8mb4;

DROP TRIGGER IF EXISTS `tblQualityIssues_trigger_created`;
DROP TRIGGER IF EXISTS `tblQualityIssues_trigger_updated`;
DROP TRIGGER IF EXISTS `tblHoldTagSO_trigger_created`;
DROP TRIGGER IF EXISTS `tblHoldTagSO_trigger_updated`;

DROP TRIGGER IF EXISTS `StorageLocations_trigger_created`;
DROP TRIGGER IF EXISTS `Blobs_trigger_created`;
DROP TRIGGER IF EXISTS `Attachments_trigger_created`;

DELIMITER ;;

CREATE TRIGGER `tblQualityIssues_trigger_created` BEFORE INSERT
ON `tblQualityIssues`
FOR EACH ROW
BEGIN
	  SET new.CreatedAt := now();
	  SET new.UpdatedAt := now();
	  END;;

CREATE TRIGGER `tblQualityIssues_trigger_updated` BEFORE UPDATE
ON `tblQualityIssues`
FOR EACH ROW
BEGIN
	  SET new.UpdatedAt := now();
	  END;;
      
CREATE TRIGGER `tblHoldTagSO_trigger_created` BEFORE INSERT
ON `tblHoldTagSO`
FOR EACH ROW
BEGIN
	  SET new.CreatedAt := now();
	  SET new.UpdatedAt := now();
	  END;;

CREATE TRIGGER `tblHoldTagSO_trigger_updated` BEFORE UPDATE
ON `tblHoldTagSO`
FOR EACH ROW
BEGIN
	  SET new.UpdatedAt := now();
	  END;;
      
CREATE TRIGGER `StorageLocations_trigger_created` BEFORE INSERT
ON `StorageLocations`
FOR EACH ROW
BEGIN
	  SET new.CreatedAt := now();
	  END;;

CREATE TRIGGER `Blobs_trigger_created` BEFORE INSERT
ON `Blobs`
FOR EACH ROW
BEGIN
	  SET new.CreatedAt := now();
	  END;;

CREATE TRIGGER `Attachments_trigger_created` BEFORE INSERT
ON `Attachments`
FOR EACH ROW
BEGIN
	  SET new.CreatedAt := now();
	  END;;

DELIMITER ;

SET foreign_key_checks = 1;
